review_id,source_record_id,family,severity,canonical_label,text_original,text_obfuscated,human_label_preserved,human_meaning_preserved,human_transformation_valid,review_notes,reviewer,review_status
REV_0001,DS1_001144,O1_CHAR_SUBSTITUTION,MILD,0,AL SIAPA YAAAA,AL S1APA YAAAA,YES,YES,YES,Validasi: Komentar organik penonton YouTube menanyakan sosok/karakter 'AL'. Murni percakapan publik non-judi. Perturbasi O1_CHAR_SUBSTITUTION (MILD) berhasil disimulasikan; maksud komunikatif tetap terbaca jelas oleh manusia dan klasifikasi (NON_PROMOTION) 100% terjaga.,human_expert_auditor,APPROVED
REV_0002,DS1_004796,O1_CHAR_SUBSTITUTION,MILD,0,"Mending ajak keluarga piknik! Hiburan halal, kebahagiaan nyata. 🏞️","Mending ajak keluarga piknik! Hiburan halal, kebaha9iaan nyata. 🏞️",YES,YES,YES,Validasi: Komentar positif tentang rekreasi keluarga halal dan kebahagiaan nyata (konten gaya hidup/edukasi). Bukan promosi judi. Perturbasi O1_CHAR_SUBSTITUTION (MILD) berhasil disimulasikan; maksud komunikatif tetap terbaca jelas oleh manusia dan klasifikasi (NON_PROMOTION) 100% terjaga.,human_expert_auditor,APPROVED
REV_0003,DS2_002855,O1_CHAR_SUBSTITUTION,MILD,0,Hp gw samsung note10 plus Aja masi dapet,Hp gw samsung note10 plu5 Aja masi dapet,YES,YES,YES,Validasi: Diskusi spesifikasi gadget/smartphone (Samsung Note 10 Plus). Bukan promosi judi. Perturbasi O1_CHAR_SUBSTITUTION (MILD) berhasil disimulasikan; maksud komunikatif tetap terbaca jelas oleh manusia dan klasifikasi (NON_PROMOTION) 100% terjaga.,human_expert_auditor,APPROVED
REV_0004,DS2_004215,O1_CHAR_SUBSTITUTION,MILD,0,"penasaran sama batre nya setipis apa ya, gokil yg buat desain hp nya","penasaran sama batre nya setipis apa ya, gok1l yg buat desain hp nya",YES,YES,YES,Validasi: Diskusi teknis desain gadget dan ketipisan baterai smartphone. Murni obrolan teknologi. Perturbasi O1_CHAR_SUBSTITUTION (MILD) berhasil disimulasikan; maksud komunikatif tetap terbaca jelas oleh manusia dan klasifikasi (NON_PROMOTION) 100% terjaga.,human_expert_auditor,APPROVED
REV_0005,DS2_007035,O1_CHAR_SUBSTITUTION,MILD,0,"​@4R4D34ga bisa sih, kalo dibuang harus ada penggantinya","​@4R4D349a bisa sih, kalo dibuang harus ada penggantinya",YES,YES,YES,Validasi: Interaksi balasan komentar YouTube (@4R4D34) mengenai pergantian barang/sistem. Obrolan umum. Perturbasi O1_CHAR_SUBSTITUTION (MILD) berhasil disimulasikan; maksud komunikatif tetap terbaca jelas oleh manusia dan klasifikasi (NON_PROMOTION) 100% terjaga.,human_expert_auditor,APPROVED
REV_0006,DS2_008010,O1_CHAR_SUBSTITUTION,MILD,0,​@muhammadrifani8356lgi on fire ujung2 nya di kasih paham sama inter😂,​@muhammadrifani8356lgi on fire ujung2 nya di k4sih paham sama inter😂,YES,YES,YES,Validasi: Komentar diskusi sepak bola (@muhammadrifani8356) terkait performa klub Inter Milan. Bukan promosi judi. Perturbasi O1_CHAR_SUBSTITUTION (MILD) berhasil disimulasikan; maksud komunikatif tetap terbaca jelas oleh manusia dan klasifikasi (NON_PROMOTION) 100% terjaga.,human_expert_auditor,APPROVED
REV_0007,DS2_014897,O1_CHAR_SUBSTITUTION,MILD,0,wanda ikut campur bgt dahhh wkwkwk,w4nda ikut campur bgt dahhh wkwkwk,YES,YES,YES,Validasi: Komentar santai/reaksi terhadap konten vlog personal/drama figur 'wanda'. Bukan promosi judi. Perturbasi O1_CHAR_SUBSTITUTION (MILD) berhasil disimulasikan; maksud komunikatif tetap terbaca jelas oleh manusia dan klasifikasi (NON_PROMOTION) 100% terjaga.,human_expert_auditor,APPROVED
REV_0008,DS2_014995,O1_CHAR_SUBSTITUTION,MILD,0,Kaos oasis: gue dateng ke rumah yg tepat 😂,Kaos oasis: gue dateng ke rum4h yg tepat 😂,YES,YES,YES,Validasi: Komentar humor budaya pop/musik mengenai merchandise kaos band Oasis. Bukan promosi judi. Perturbasi O1_CHAR_SUBSTITUTION (MILD) berhasil disimulasikan; maksud komunikatif tetap terbaca jelas oleh manusia dan klasifikasi (NON_PROMOTION) 100% terjaga.,human_expert_auditor,APPROVED
REV_0009,DS2_015418,O1_CHAR_SUBSTITUTION,MILD,0,pilek u jusa?,pil3k u jusa?,YES,YES,YES,Validasi: Komentar candaan/interaksi personal ('pilek u jusa?'). Bukan promosi judi. Perturbasi O1_CHAR_SUBSTITUTION (MILD) berhasil disimulasikan; maksud komunikatif tetap terbaca jelas oleh manusia dan klasifikasi (NON_PROMOTION) 100% terjaga.,human_expert_auditor,APPROVED
REV_0010,DS2_017109,O1_CHAR_SUBSTITUTION,MILD,0,Iloveyou all❤❤❤,Il0veyou all❤❤❤,YES,YES,YES,Validasi: Apresiasi kasih sayang penonton channel ('Iloveyou all'). Bukan promosi judi. Perturbasi O1_CHAR_SUBSTITUTION (MILD) berhasil disimulasikan; maksud komunikatif tetap terbaca jelas oleh manusia dan klasifikasi (NON_PROMOTION) 100% terjaga.,human_expert_auditor,APPROVED
REV_0011,DS2_018022,O1_CHAR_SUBSTITUTION,MILD,0,Di tunggu vlog lainya mayiii❤❤,Di tunggu vlog lainya m4yiii❤❤,YES,YES,YES,Validasi: Komentar penonton yang menantikan vlog berikutnya dari kreator ('mayiii'). Bukan promosi judi. Perturbasi O1_CHAR_SUBSTITUTION (MILD) berhasil disimulasikan; maksud komunikatif tetap terbaca jelas oleh manusia dan klasifikasi (NON_PROMOTION) 100% terjaga.,human_expert_auditor,APPROVED
REV_0012,DS2_018266,O1_CHAR_SUBSTITUTION,MILD,0,jantungan sumpah ini game,jantungan sumpah ini 9ame,YES,YES,YES,Validasi: Komentar reaksi penonton saat menyaksikan video gameplay game yang menegangkan/horor. Bukan promosi judi. Perturbasi O1_CHAR_SUBSTITUTION (MILD) berhasil disimulasikan; maksud komunikatif tetap terbaca jelas oleh manusia dan klasifikasi (NON_PROMOTION) 100% terjaga.,human_expert_auditor,APPROVED
REV_0013,DS2_020319,O1_CHAR_SUBSTITUTION,MILD,0,Assalamualaikum ustad saya mohon sarannya ustad saat ini saya sdh berusaha utk keluar dari hal2 yg berhubungan dg riba saya setiap mlm saya selalu meminta pd ALLAH SWT agar dijauhkan dari riba tetapi kenapa ALLAH SWT malah memberikan suami saya pekerjaan yg berhubngan dg riba apakah saya diuji?,Assalamualaikum ustad saya mohon sarannya ustad saat ini saya sdh berusaha utk k3luar dari hal2 yg berhubungan dg riba saya setiap mlm saya selalu meminta pd ALLAH SWT agar dijauhkan dari riba tetapi kenapa ALLAH SWT malah memberikan suami saya pekerjaan yg berhubngan dg riba apakah saya diuji?,YES,YES,YES,Validasi: Pertanyaan konsultasi agama kepada ustadz tentang ikhtiar menghindari riba dalam pekerjaan. Sangat jelas non-promosi judi. Perturbasi O1_CHAR_SUBSTITUTION (MILD) berhasil disimulasikan; maksud komunikatif tetap terbaca jelas oleh manusia dan klasifikasi (NON_PROMOTION) 100% terjaga.,human_expert_auditor,APPROVED
REV_0014,DS4_000831,O1_CHAR_SUBSTITUTION,MILD,0,First,Fir5t,YES,YES,YES,Validasi: Komentar tipikal penonton YouTube ('First'). Bukan promosi judi. Perturbasi O1_CHAR_SUBSTITUTION (MILD) berhasil disimulasikan; maksud komunikatif tetap terbaca jelas oleh manusia dan klasifikasi (NON_PROMOTION) 100% terjaga.,human_expert_auditor,APPROVED
REV_0015,DS4_001481,O1_CHAR_SUBSTITUTION,MILD,0,Kata-kata terakhir dari bkent : kairi kontol akiri kontol 😂,Kata-kata 7erakhir dari bkent : kairi kontol akiri kontol 😂,YES,YES,YES,"Validasi: Kutipan candaan/slang komunitas gaming streaming Mobile Legends (bkent, kairi). Bukan promosi judi. Perturbasi O1_CHAR_SUBSTITUTION (MILD) berhasil disimulasikan; maksud komunikatif tetap terbaca jelas oleh manusia dan klasifikasi (NON_PROMOTION) 100% terjaga.",human_expert_auditor,APPROVED
REV_0016,DS4_002001,O1_CHAR_SUBSTITUTION,MILD,0,😁🤣🤣,😁🤣🤣,YES,YES,YES,"Validasi: Komentar reaksi hanya berupa emoji tertawa ('😁🤣🤣'). Bukan promosi judi. Teks tidak memiliki target karakter yang memenuhi syarat untuk O1_CHAR_SUBSTITUTION (MILD), status NO_ELIGIBLE_TARGET/no-change valid dan label (NON_PROMOTION) terjaga.",human_expert_auditor,APPROVED
REV_0017,DS4_002039,O1_CHAR_SUBSTITUTION,MILD,0,Badut mseries nambah lawak dgn roster baru,Badut mseries nambah lawak dgn r0ster baru,YES,YES,YES,Validasi: Komentar kompetisi esports Mobile Legends (M-Series) dan susunan roster tim. Bukan promosi judi. Perturbasi O1_CHAR_SUBSTITUTION (MILD) berhasil disimulasikan; maksud komunikatif tetap terbaca jelas oleh manusia dan klasifikasi (NON_PROMOTION) 100% terjaga.,human_expert_auditor,APPROVED
REV_0018,DS4_003354,O1_CHAR_SUBSTITUTION,MILD,0,"ELGOAT 0-7-2
😂","ELG0AT 0-7-2
😂",YES,YES,YES,Validasi: Komentar roasting statistik skor KDA pertandingan game MLBB (ELGOAT 0-7-2). Bukan promosi judi. Perturbasi O1_CHAR_SUBSTITUTION (MILD) berhasil disimulasikan; maksud komunikatif tetap terbaca jelas oleh manusia dan klasifikasi (NON_PROMOTION) 100% terjaga.,human_expert_auditor,APPROVED
REV_0019,DS4_004142,O1_CHAR_SUBSTITUTION,MILD,0,"Kenapa akhir² ini lu sering pake thumbnail yang lama sih ketua? Gw kangen video lu yang dulu lebih lucu dan menghibur kebanding sekarang yang lebih fokus ke sawerian daripada gameplay Miya nya, ayolah comeback kembali ketua🔥😎","Kenapa akhir² ini lu sering p4ke thumbnail yang lama sih ketua? Gw kangen video lu yang dulu lebih lucu dan menghibur kebanding sekarang yang lebih fokus ke sawerian daripada gameplay Miya nya, ayolah comeback kembali ketua🔥😎",YES,YES,YES,Validasi: Kritik dan saran subscriber terhadap konten kreator streaming game (gameplay Miya vs saweria). Bukan promosi judi. Perturbasi O1_CHAR_SUBSTITUTION (MILD) berhasil disimulasikan; maksud komunikatif tetap terbaca jelas oleh manusia dan klasifikasi (NON_PROMOTION) 100% terjaga.,human_expert_auditor,APPROVED
REV_0020,DS4_006463,O1_CHAR_SUBSTITUTION,MILD,0,"Kasih keras ketua, pecah lagi layar nya wkwk","Kasih ker4s ketua, pecah lagi layar nya wkwk",YES,YES,YES,Validasi: Komentar antusias penonton terhadap kreator gaming ('pecah lagi layarnya ketua'). Bukan promosi judi. Perturbasi O1_CHAR_SUBSTITUTION (MILD) berhasil disimulasikan; maksud komunikatif tetap terbaca jelas oleh manusia dan klasifikasi (NON_PROMOTION) 100% terjaga.,human_expert_auditor,APPROVED
REV_0021,DS1_005307,O1_CHAR_SUBSTITUTION,MILD,1,gua sih udah ga heran lagi kalo ALEXIS-☯17☯ jadi trending terus,gua sih udah ga heran lagi kalo ALEXIS-☯17☯ jadi trending teru5,YES,YES,YES,Validasi: Spam promosi judi online mengatasnamakan trending dengan menyebutkan brand situs judi 'ALEXIS-☯17☯'. Perturbasi O1_CHAR_SUBSTITUTION (MILD) berhasil disimulasikan; maksud komunikatif tetap terbaca jelas oleh manusia dan klasifikasi (PROMOTION) 100% terjaga.,human_expert_auditor,APPROVED
REV_0022,DS1_005773,O1_CHAR_SUBSTITUTION,MILD,1,"Video punchline ALEXIS17 viral tuh, udah nonton belom?","Video punchl1ne ALEXIS17 viral tuh, udah nonton belom?",YES,YES,YES,Validasi: Promosi terselubung menyisipkan nama situs judi 'ALEXIS17' dengan format ajakan menonton video punchline. Perturbasi O1_CHAR_SUBSTITUTION (MILD) berhasil disimulasikan; maksud komunikatif tetap terbaca jelas oleh manusia dan klasifikasi (PROMOTION) 100% terjaga.,human_expert_auditor,APPROVED
REV_0023,DS1_006000,O1_CHAR_SUBSTITUTION,MILD,1,"Kalo alexis17 udah bikin sketsa, suasana auto pecah!","Kalo alexis17 ud4h bikin sketsa, suasana auto pecah!",YES,YES,YES,Validasi: Endorsement bot promosi judi online menyisipkan brand platform 'alexis17' dalam sketsa rekaan. Perturbasi O1_CHAR_SUBSTITUTION (MILD) berhasil disimulasikan; maksud komunikatif tetap terbaca jelas oleh manusia dan klasifikasi (PROMOTION) 100% terjaga.,human_expert_auditor,APPROVED
REV_0024,DS1_006151,O1_CHAR_SUBSTITUTION,MILD,1,"Bro, Pokoknya kalo butuh cepet, ⭐𝘼𝙇𝙀𝙓𝙄𝙎17 solusinya.","Bro, Pokoknya kalo butuh cepe7, ⭐𝘼𝙇𝙀𝙓𝙄𝙎17 solusinya.",YES,YES,YES,Validasi: Promosi eksplisit dan ajakan (CTA) solusi uang cepat dengan merekomendasikan platform judi '⭐𝘼𝙇𝙀𝙓𝙄𝙎17'. Perturbasi O1_CHAR_SUBSTITUTION (MILD) berhasil disimulasikan; maksud komunikatif tetap terbaca jelas oleh manusia dan klasifikasi (PROMOTION) 100% terjaga.,human_expert_auditor,APPROVED
REV_0025,DS1_006482,O1_CHAR_SUBSTITUTION,MILD,1,temenku baru narik 27jt di *GUNUNGWIN* anjir .. gila emank jad iri,temenku baru narik 27jt di *GUNUNGWIN* anj1r .. gila emank jad iri,YES,YES,YES,Validasi: Testimoni kemenangan/pencairan dana (withdraw 27jt) di situs judi online '*GUNUNGWIN*' untuk memikat pemain. Perturbasi O1_CHAR_SUBSTITUTION (MILD) berhasil disimulasikan; maksud komunikatif tetap terbaca jelas oleh manusia dan klasifikasi (PROMOTION) 100% terjaga.,human_expert_auditor,APPROVED
REV_0026,DS1_006672,O1_CHAR_SUBSTITUTION,MILD,1,"Malem minggu gak galau, bareng 𝗩𝗜𝗖𝗧𝗢𝗥𝗬𝟬𝟬𝟳 saldo ngalir 🚀","Malem minggu gak galau, bareng 𝗩𝗜𝗖𝗧𝗢𝗥𝗬𝟬𝟬𝟳 saldo ng4lir 🚀",YES,YES,YES,Validasi: Promosi situs judi online '𝗩𝗜𝗖𝗧𝗢𝗥𝗬𝟬𝟬𝟳' dengan iming-iming 'saldo ngalir' untuk menghilangkan galau. Perturbasi O1_CHAR_SUBSTITUTION (MILD) berhasil disimulasikan; maksud komunikatif tetap terbaca jelas oleh manusia dan klasifikasi (PROMOTION) 100% terjaga.,human_expert_auditor,APPROVED
REV_0027,DS1_008338,O1_CHAR_SUBSTITUTION,MILD,1,"Wow, 𝐌𝐎𝐍𝐀𝟒𝐃 bikin beda! Inspiratif, bikin semangat. 💪","Wow, 𝐌𝐎𝐍𝐀𝟒𝐃 bikin beda! Inspir4tif, bikin semangat. 💪",YES,YES,YES,Validasi: Spam endorsement brand situs judi online '𝐌𝐎𝐍𝐀𝟒𝐃' menggunakan font unicode tebal. Perturbasi O1_CHAR_SUBSTITUTION (MILD) berhasil disimulasikan; maksud komunikatif tetap terbaca jelas oleh manusia dan klasifikasi (PROMOTION) 100% terjaga.,human_expert_auditor,APPROVED
REV_0028,DS1_008410,O1_CHAR_SUBSTITUTION,MILD,1,"Gak bakal move on dari PROBET855, udah jadi sumber rejeki! 🙏","Gak bakal move on dari PROBET855, ud4h jadi sumber rejeki! 🙏",YES,YES,YES,Validasi: Testimoni dan endorsement situs judi 'PROBET855' yang diklaim sebagai 'sumber rejeki'. Perturbasi O1_CHAR_SUBSTITUTION (MILD) berhasil disimulasikan; maksud komunikatif tetap terbaca jelas oleh manusia dan klasifikasi (PROMOTION) 100% terjaga.,human_expert_auditor,APPROVED
REV_0029,DS1_008439,O1_CHAR_SUBSTITUTION,MILD,1,"DORA77 itu kayak pacar setia, selalu kasih cuan! ❤️","DORA77 itu kay4k pacar setia, selalu kasih cuan! ❤️",YES,YES,YES,Validasi: Endorsement promosi platform judi 'DORA77' dengan klaim 'selalu kasih cuan'. Perturbasi O1_CHAR_SUBSTITUTION (MILD) berhasil disimulasikan; maksud komunikatif tetap terbaca jelas oleh manusia dan klasifikasi (PROMOTION) 100% terjaga.,human_expert_auditor,APPROVED
REV_0030,DS2_010918,O1_CHAR_SUBSTITUTION,MILD,1,"Kirain depo 20k bakal zonk di ✨ ʙᴀɴ TEɴɢ HO ᴋɪ⚡️, eh malah di kasih 37jt 🔥","Kirain depo 20k bakal zonk di ✨ ʙᴀɴ TEɴɢ HO ᴋɪ⚡️, eh malah di kasih 37j7 🔥",YES,YES,YES,Validasi: Testimoni klaim jackpot modal deposit (depo 20k dapat 37jt) pada situs judi 'ʙᴀɴ TEɴɢ HO ᴋɪ' (Banteng Hoki). Perturbasi O1_CHAR_SUBSTITUTION (MILD) berhasil disimulasikan; maksud komunikatif tetap terbaca jelas oleh manusia dan klasifikasi (PROMOTION) 100% terjaga.,human_expert_auditor,APPROVED
REV_0031,DS2_013502,O1_CHAR_SUBSTITUTION,MILD,1,"Sambil nonton, coba ➡️𝐏𝐒𝐓𝐎𝐓𝐎9️⃣9️⃣ deh, lumayan hoki 😁","Sambil nonton, coba ➡️𝐏𝐒𝐓𝐎𝐓𝐎9️⃣9️⃣ deh, lumayan hok1 😁",YES,YES,YES,Validasi: Ajakan langsung (CTA) mencoba platform judi togel/slot '𝐏𝐒𝐓𝐎𝐓𝐎9️⃣9️⃣' dengan klaim hoki. Perturbasi O1_CHAR_SUBSTITUTION (MILD) berhasil disimulasikan; maksud komunikatif tetap terbaca jelas oleh manusia dan klasifikasi (PROMOTION) 100% terjaga.,human_expert_auditor,APPROVED
REV_0032,DS2_013740,O1_CHAR_SUBSTITUTION,MILD,1,"Wuih, ❤TON 4D❤! Kemenangan beneran pecah, feel-nya perfect. Gaskeun! 🔥","Wu1h, ❤TON 4D❤! Kemenangan beneran pecah, feel-nya perfect. Gaskeun! 🔥",YES,YES,YES,Validasi: Promosi ajakan bermain ('Gaskeun!') dengan klaim kemenangan pecah di situs judi 'TON 4D'. Perturbasi O1_CHAR_SUBSTITUTION (MILD) berhasil disimulasikan; maksud komunikatif tetap terbaca jelas oleh manusia dan klasifikasi (PROMOTION) 100% terjaga.,human_expert_auditor,APPROVED
REV_0033,DS2_015147,O1_CHAR_SUBSTITUTION,MILD,1,"Datang santai, pulang puas ♔★ ℕ𝕒𝕤𝕒𝔾𝕒𝕞𝕚𝕟𝕘 👻🎈","Datang santai, pulan9 puas ♔★ ℕ𝕒𝕤𝕒𝔾𝕒𝕞𝕚𝕟𝕘 👻🎈",YES,YES,YES,"Validasi: Slogan promosi brand situs game judi online 'ℕ𝕒𝕤𝕒𝔾𝕒𝕞𝕚𝕟𝕘' ('Datang santai, pulang puas'). Perturbasi O1_CHAR_SUBSTITUTION (MILD) berhasil disimulasikan; maksud komunikatif tetap terbaca jelas oleh manusia dan klasifikasi (PROMOTION) 100% terjaga.",human_expert_auditor,APPROVED
REV_0034,DS4_006634,O1_CHAR_SUBSTITUTION,MILD,1,tempat para player dapet maxwin tiada henti ❤𝐌𝐀𝐇𝐀𝐊𝐀𝐌𝟒𝐃❤,tempat para player dap3t maxwin tiada henti ❤𝐌𝐀𝐇𝐀𝐊𝐀𝐌𝟒𝐃❤,YES,YES,YES,Validasi: Promosi situs judi online '𝐌𝐀𝐇𝐀𝐊𝐀𝐌𝟒𝐃' dengan janji klaim kemenangan 'maxwin tiada henti'. Perturbasi O1_CHAR_SUBSTITUTION (MILD) berhasil disimulasikan; maksud komunikatif tetap terbaca jelas oleh manusia dan klasifikasi (PROMOTION) 100% terjaga.,human_expert_auditor,APPROVED
REV_0035,DS4_006908,O1_CHAR_SUBSTITUTION,MILD,1,"[̲̅P][̲̅U][̲̅L][̲̅A][̲̅U][̲̅7][̲̅7][̲̅7], tempat terbaik untuk pemain sejati","[̲̅P][̲̅U][̲̅L][̲̅A][̲̅U][̲̅7][̲̅7][̲̅7], tempat terbaik untuk pemain sej4ti",YES,YES,YES,Validasi: Promosi platform judi 'PULAU777' (font kotak) yang diklaim sebagai 'tempat terbaik untuk pemain sejati'. Perturbasi O1_CHAR_SUBSTITUTION (MILD) berhasil disimulasikan; maksud komunikatif tetap terbaca jelas oleh manusia dan klasifikasi (PROMOTION) 100% terjaga.,human_expert_auditor,APPROVED
REV_0036,DS4_007206,O1_CHAR_SUBSTITUTION,MILD,1,"INSYA ALLAH  liat video memasak, 🤎𝐏𝐑𝐎𝐁𝐄𝐓 𝟖𝟓𝟓🤎 menyiapkan segala video apapun itu !!","INSYA ALLAH  liat video m3masak, 🤎𝐏𝐑𝐎𝐁𝐄𝐓 𝟖𝟓𝟓🤎 menyiapkan segala video apapun itu !!",YES,YES,YES,Validasi: Bot spam yang menyelipkan nama situs judi '🤎𝐏𝐑𝐎𝐁𝐄𝐓 𝟖𝟓𝟓🤎' ke dalam komentar video memasak. Perturbasi O1_CHAR_SUBSTITUTION (MILD) berhasil disimulasikan; maksud komunikatif tetap terbaca jelas oleh manusia dan klasifikasi (PROMOTION) 100% terjaga.,human_expert_auditor,APPROVED
REV_0037,DS4_007230,O1_CHAR_SUBSTITUTION,MILD,1,Bagus kreatif nih💙P R O B E T  8 5 5💙,B4gus kreatif nih💙P R O B E T  8 5 5💙,YES,YES,YES,Validasi: Spam bot menyisipkan nama situs judi 'P R O B E T  8 5 5' dengan spasi antar karakter. Perturbasi O1_CHAR_SUBSTITUTION (MILD) berhasil disimulasikan; maksud komunikatif tetap terbaca jelas oleh manusia dan klasifikasi (PROMOTION) 100% terjaga.,human_expert_auditor,APPROVED
REV_0038,DS4_007564,O1_CHAR_SUBSTITUTION,MILD,1,Ronde berikut coba di 𝐖𝐄𝐓𝐎𝐍𝟖𝟖 bang,Ronde beriku7 coba di 𝐖𝐄𝐓𝐎𝐍𝟖𝟖 bang,YES,YES,YES,Validasi: Ajakan langsung mencoba bermain judi pada platform/situs '𝐖𝐄𝐓𝐎𝐍𝟖𝟖' untuk ronde berikutnya. Perturbasi O1_CHAR_SUBSTITUTION (MILD) berhasil disimulasikan; maksud komunikatif tetap terbaca jelas oleh manusia dan klasifikasi (PROMOTION) 100% terjaga.,human_expert_auditor,APPROVED
REV_0039,DS4_009265,O1_CHAR_SUBSTITUTION,MILD,1,"Videonya kocak banget! 😂
Tadi abis scroll 🅳🅴🅰🅻🅼🅰🆇🆆🅸🅽, eh nyasar ke sini. Worth it!","Videonya kocak 8anget! 😂
Tadi abis scroll 🅳🅴🅰🅻🅼🅰🆇🆆🅸🅽, eh nyasar ke sini. Worth it!",YES,YES,YES,Validasi: Komentar manipulatif berpura-pura menikmati video namun menyisipkan nama platform judi '🅳🅴🅰🅻🅼🅰🆇🆆🅸🅽'. Perturbasi O1_CHAR_SUBSTITUTION (MILD) berhasil disimulasikan; maksud komunikatif tetap terbaca jelas oleh manusia dan klasifikasi (PROMOTION) 100% terjaga.,human_expert_auditor,APPROVED
REV_0040,DS4_014476,O1_CHAR_SUBSTITUTION,MILD,1,"Masyaallah, ❤𝐌𝐎𝐍𝐀 𝟒𝐃🔴 bikin takjub! Visualnya ciamik, ceritanya penuh makna, dan untungnya wow! ✨","Masyaallah, ❤𝐌𝐎𝐍𝐀 𝟒𝐃🔴 bikin takjub! Visualnya ciamik, ceritanya penuh m4kna, dan untungnya wow! ✨",YES,YES,YES,Validasi: Bot spam menyisipkan brand judi '❤𝐌𝐎𝐍𝐀 𝟒𝐃🔴' berkedok pujian takjub dan klaim untung besar. Perturbasi O1_CHAR_SUBSTITUTION (MILD) berhasil disimulasikan; maksud komunikatif tetap terbaca jelas oleh manusia dan klasifikasi (PROMOTION) 100% terjaga.,human_expert_auditor,APPROVED
REV_0041,DS1_001144,O1_CHAR_SUBSTITUTION,STRONG,0,AL SIAPA YAAAA,AL S1AP4 YA44A,YES,YES,YES,Validasi: Komentar organik penonton YouTube menanyakan sosok/karakter 'AL'. Murni percakapan publik non-judi. Perturbasi O1_CHAR_SUBSTITUTION (STRONG) berhasil disimulasikan; maksud komunikatif tetap terbaca jelas oleh manusia dan klasifikasi (NON_PROMOTION) 100% terjaga.,human_expert_auditor,APPROVED
REV_0042,DS1_004796,O1_CHAR_SUBSTITUTION,STRONG,0,"Mending ajak keluarga piknik! Hiburan halal, kebahagiaan nyata. 🏞️","Mending ajak keluarga p1kn1k! Hi8ur4n halal, kebahagiaan nyata. 🏞️",YES,YES,YES,Validasi: Komentar positif tentang rekreasi keluarga halal dan kebahagiaan nyata (konten gaya hidup/edukasi). Bukan promosi judi. Perturbasi O1_CHAR_SUBSTITUTION (STRONG) berhasil disimulasikan; maksud komunikatif tetap terbaca jelas oleh manusia dan klasifikasi (NON_PROMOTION) 100% terjaga.,human_expert_auditor,APPROVED
REV_0043,DS2_002855,O1_CHAR_SUBSTITUTION,STRONG,0,Hp gw samsung note10 plus Aja masi dapet,Hp gw 5amsun9 note10 plus Aja masi d4pe7,YES,YES,YES,Validasi: Diskusi spesifikasi gadget/smartphone (Samsung Note 10 Plus). Bukan promosi judi. Perturbasi O1_CHAR_SUBSTITUTION (STRONG) berhasil disimulasikan; maksud komunikatif tetap terbaca jelas oleh manusia dan klasifikasi (NON_PROMOTION) 100% terjaga.,human_expert_auditor,APPROVED
REV_0044,DS2_004215,O1_CHAR_SUBSTITUTION,STRONG,0,"penasaran sama batre nya setipis apa ya, gokil yg buat desain hp nya","pena5ar4n sama batre nya setipis apa ya, 90kil yg buat desain hp nya",YES,YES,YES,Validasi: Diskusi teknis desain gadget dan ketipisan baterai smartphone. Murni obrolan teknologi. Perturbasi O1_CHAR_SUBSTITUTION (STRONG) berhasil disimulasikan; maksud komunikatif tetap terbaca jelas oleh manusia dan klasifikasi (NON_PROMOTION) 100% terjaga.,human_expert_auditor,APPROVED
REV_0045,DS2_007035,O1_CHAR_SUBSTITUTION,STRONG,0,"​@4R4D34ga bisa sih, kalo dibuang harus ada penggantinya","​@4R4D34ga bisa sih, kalo d1buan9 h4ru5 ada penggantinya",YES,YES,YES,Validasi: Interaksi balasan komentar YouTube (@4R4D34) mengenai pergantian barang/sistem. Obrolan umum. Perturbasi O1_CHAR_SUBSTITUTION (STRONG) berhasil disimulasikan; maksud komunikatif tetap terbaca jelas oleh manusia dan klasifikasi (NON_PROMOTION) 100% terjaga.,human_expert_auditor,APPROVED
REV_0046,DS2_008010,O1_CHAR_SUBSTITUTION,STRONG,0,​@muhammadrifani8356lgi on fire ujung2 nya di kasih paham sama inter😂,​@muhammadr1f4ni8356lgi on fire ujun92 nya di kasih paham sama inter😂,YES,YES,YES,Validasi: Komentar diskusi sepak bola (@muhammadrifani8356) terkait performa klub Inter Milan. Bukan promosi judi. Perturbasi O1_CHAR_SUBSTITUTION (STRONG) berhasil disimulasikan; maksud komunikatif tetap terbaca jelas oleh manusia dan klasifikasi (NON_PROMOTION) 100% terjaga.,human_expert_auditor,APPROVED
REV_0047,DS2_014897,O1_CHAR_SUBSTITUTION,STRONG,0,wanda ikut campur bgt dahhh wkwkwk,w4nd4 ikut campur bgt d4hhh wkwkwk,YES,YES,YES,Validasi: Komentar santai/reaksi terhadap konten vlog personal/drama figur 'wanda'. Bukan promosi judi. Perturbasi O1_CHAR_SUBSTITUTION (STRONG) berhasil disimulasikan; maksud komunikatif tetap terbaca jelas oleh manusia dan klasifikasi (NON_PROMOTION) 100% terjaga.,human_expert_auditor,APPROVED
REV_0048,DS2_014995,O1_CHAR_SUBSTITUTION,STRONG,0,Kaos oasis: gue dateng ke rumah yg tepat 😂,Kaos oa51s: gue da7en9 ke rumah yg tepat 😂,YES,YES,YES,Validasi: Komentar humor budaya pop/musik mengenai merchandise kaos band Oasis. Bukan promosi judi. Perturbasi O1_CHAR_SUBSTITUTION (STRONG) berhasil disimulasikan; maksud komunikatif tetap terbaca jelas oleh manusia dan klasifikasi (NON_PROMOTION) 100% terjaga.,human_expert_auditor,APPROVED
REV_0049,DS2_015418,O1_CHAR_SUBSTITUTION,STRONG,0,pilek u jusa?,p1l3k u ju54?,YES,YES,YES,Validasi: Komentar candaan/interaksi personal ('pilek u jusa?'). Bukan promosi judi. Perturbasi O1_CHAR_SUBSTITUTION (STRONG) berhasil disimulasikan; maksud komunikatif tetap terbaca jelas oleh manusia dan klasifikasi (NON_PROMOTION) 100% terjaga.,human_expert_auditor,APPROVED
REV_0050,DS2_017109,O1_CHAR_SUBSTITUTION,STRONG,0,Iloveyou all❤❤❤,1l0veyou all❤❤❤,YES,YES,YES,Validasi: Apresiasi kasih sayang penonton channel ('Iloveyou all'). Bukan promosi judi. Perturbasi O1_CHAR_SUBSTITUTION (STRONG) berhasil disimulasikan; maksud komunikatif tetap terbaca jelas oleh manusia dan klasifikasi (NON_PROMOTION) 100% terjaga.,human_expert_auditor,APPROVED
REV_0051,DS2_018022,O1_CHAR_SUBSTITUTION,STRONG,0,Di tunggu vlog lainya mayiii❤❤,Di tun99u vlog lainya m4yii1❤❤,YES,YES,YES,Validasi: Komentar penonton yang menantikan vlog berikutnya dari kreator ('mayiii'). Bukan promosi judi. Perturbasi O1_CHAR_SUBSTITUTION (STRONG) berhasil disimulasikan; maksud komunikatif tetap terbaca jelas oleh manusia dan klasifikasi (NON_PROMOTION) 100% terjaga.,human_expert_auditor,APPROVED
REV_0052,DS2_018266,O1_CHAR_SUBSTITUTION,STRONG,0,jantungan sumpah ini game,jantungan 5ump4h ini g4m3,YES,YES,YES,Validasi: Komentar reaksi penonton saat menyaksikan video gameplay game yang menegangkan/horor. Bukan promosi judi. Perturbasi O1_CHAR_SUBSTITUTION (STRONG) berhasil disimulasikan; maksud komunikatif tetap terbaca jelas oleh manusia dan klasifikasi (NON_PROMOTION) 100% terjaga.,human_expert_auditor,APPROVED
REV_0053,DS2_020319,O1_CHAR_SUBSTITUTION,STRONG,0,Assalamualaikum ustad saya mohon sarannya ustad saat ini saya sdh berusaha utk keluar dari hal2 yg berhubungan dg riba saya setiap mlm saya selalu meminta pd ALLAH SWT agar dijauhkan dari riba tetapi kenapa ALLAH SWT malah memberikan suami saya pekerjaan yg berhubngan dg riba apakah saya diuji?,Assalamualaikum ustad saya mohon sarannya ustad saat ini saya sdh berusaha utk keluar dari hal2 yg berhu8un9an dg riba saya setiap mlm saya selalu meminta pd ALLAH SWT agar dijauhkan dari riba tetapi kenapa ALLAH SWT malah memberikan suami saya pek3rja4n yg berhubngan dg riba apakah saya diuji?,YES,YES,YES,Validasi: Pertanyaan konsultasi agama kepada ustadz tentang ikhtiar menghindari riba dalam pekerjaan. Sangat jelas non-promosi judi. Perturbasi O1_CHAR_SUBSTITUTION (STRONG) berhasil disimulasikan; maksud komunikatif tetap terbaca jelas oleh manusia dan klasifikasi (NON_PROMOTION) 100% terjaga.,human_expert_auditor,APPROVED
REV_0054,DS4_000831,O1_CHAR_SUBSTITUTION,STRONG,0,First,F1r5t,YES,YES,YES,Validasi: Komentar tipikal penonton YouTube ('First'). Bukan promosi judi. Perturbasi O1_CHAR_SUBSTITUTION (STRONG) berhasil disimulasikan; maksud komunikatif tetap terbaca jelas oleh manusia dan klasifikasi (NON_PROMOTION) 100% terjaga.,human_expert_auditor,APPROVED
REV_0055,DS4_001481,O1_CHAR_SUBSTITUTION,STRONG,0,Kata-kata terakhir dari bkent : kairi kontol akiri kontol 😂,Kata-kata terakhir d4r1 bkent : k41ri kontol akiri kontol 😂,YES,YES,YES,"Validasi: Kutipan candaan/slang komunitas gaming streaming Mobile Legends (bkent, kairi). Bukan promosi judi. Perturbasi O1_CHAR_SUBSTITUTION (STRONG) berhasil disimulasikan; maksud komunikatif tetap terbaca jelas oleh manusia dan klasifikasi (NON_PROMOTION) 100% terjaga.",human_expert_auditor,APPROVED
REV_0056,DS4_002001,O1_CHAR_SUBSTITUTION,STRONG,0,😁🤣🤣,😁🤣🤣,YES,YES,YES,"Validasi: Komentar reaksi hanya berupa emoji tertawa ('😁🤣🤣'). Bukan promosi judi. Teks tidak memiliki target karakter yang memenuhi syarat untuk O1_CHAR_SUBSTITUTION (STRONG), status NO_ELIGIBLE_TARGET/no-change valid dan label (NON_PROMOTION) terjaga.",human_expert_auditor,APPROVED
REV_0057,DS4_002039,O1_CHAR_SUBSTITUTION,STRONG,0,Badut mseries nambah lawak dgn roster baru,Badut mseries n4mb4h lawak dgn r0st3r baru,YES,YES,YES,Validasi: Komentar kompetisi esports Mobile Legends (M-Series) dan susunan roster tim. Bukan promosi judi. Perturbasi O1_CHAR_SUBSTITUTION (STRONG) berhasil disimulasikan; maksud komunikatif tetap terbaca jelas oleh manusia dan klasifikasi (NON_PROMOTION) 100% terjaga.,human_expert_auditor,APPROVED
REV_0058,DS4_003354,O1_CHAR_SUBSTITUTION,STRONG,0,"ELGOAT 0-7-2
😂","3L9OAT 0-7-2
😂",YES,YES,YES,Validasi: Komentar roasting statistik skor KDA pertandingan game MLBB (ELGOAT 0-7-2). Bukan promosi judi. Perturbasi O1_CHAR_SUBSTITUTION (STRONG) berhasil disimulasikan; maksud komunikatif tetap terbaca jelas oleh manusia dan klasifikasi (NON_PROMOTION) 100% terjaga.,human_expert_auditor,APPROVED
REV_0059,DS4_004142,O1_CHAR_SUBSTITUTION,STRONG,0,"Kenapa akhir² ini lu sering pake thumbnail yang lama sih ketua? Gw kangen video lu yang dulu lebih lucu dan menghibur kebanding sekarang yang lebih fokus ke sawerian daripada gameplay Miya nya, ayolah comeback kembali ketua🔥😎","Kenapa akhir² ini lu sering pake thumbnail yang l4m4 sih ketua? Gw kangen video lu yang dulu lebih lucu dan menghibur kebanding sekarang yang lebih fokus ke sawerian daripada gameplay Miya nya, ayolah c0m3back kembali ketua🔥😎",YES,YES,YES,Validasi: Kritik dan saran subscriber terhadap konten kreator streaming game (gameplay Miya vs saweria). Bukan promosi judi. Perturbasi O1_CHAR_SUBSTITUTION (STRONG) berhasil disimulasikan; maksud komunikatif tetap terbaca jelas oleh manusia dan klasifikasi (NON_PROMOTION) 100% terjaga.,human_expert_auditor,APPROVED
REV_0060,DS4_006463,O1_CHAR_SUBSTITUTION,STRONG,0,"Kasih keras ketua, pecah lagi layar nya wkwk","Kasih k3ra5 ketua, pecah l4g1 layar nya wkwk",YES,YES,YES,Validasi: Komentar antusias penonton terhadap kreator gaming ('pecah lagi layarnya ketua'). Bukan promosi judi. Perturbasi O1_CHAR_SUBSTITUTION (STRONG) berhasil disimulasikan; maksud komunikatif tetap terbaca jelas oleh manusia dan klasifikasi (NON_PROMOTION) 100% terjaga.,human_expert_auditor,APPROVED
REV_0061,DS1_005307,O1_CHAR_SUBSTITUTION,STRONG,1,gua sih udah ga heran lagi kalo ALEXIS-☯17☯ jadi trending terus,gua sih ud4h ga heran lagi kalo ALEXIS-☯17☯ jadi tr3nd1ng terus,YES,YES,YES,Validasi: Spam promosi judi online mengatasnamakan trending dengan menyebutkan brand situs judi 'ALEXIS-☯17☯'. Perturbasi O1_CHAR_SUBSTITUTION (STRONG) berhasil disimulasikan; maksud komunikatif tetap terbaca jelas oleh manusia dan klasifikasi (PROMOTION) 100% terjaga.,human_expert_auditor,APPROVED
REV_0062,DS1_005773,O1_CHAR_SUBSTITUTION,STRONG,1,"Video punchline ALEXIS17 viral tuh, udah nonton belom?","Video punchline 4LEXI517 v1r4l tuh, udah nonton belom?",YES,YES,YES,Validasi: Promosi terselubung menyisipkan nama situs judi 'ALEXIS17' dengan format ajakan menonton video punchline. Perturbasi O1_CHAR_SUBSTITUTION (STRONG) berhasil disimulasikan; maksud komunikatif tetap terbaca jelas oleh manusia dan klasifikasi (PROMOTION) 100% terjaga.,human_expert_auditor,APPROVED
REV_0063,DS1_006000,O1_CHAR_SUBSTITUTION,STRONG,1,"Kalo alexis17 udah bikin sketsa, suasana auto pecah!","Kalo alexis17 udah 81kin sketsa, su4san4 auto pecah!",YES,YES,YES,Validasi: Endorsement bot promosi judi online menyisipkan brand platform 'alexis17' dalam sketsa rekaan. Perturbasi O1_CHAR_SUBSTITUTION (STRONG) berhasil disimulasikan; maksud komunikatif tetap terbaca jelas oleh manusia dan klasifikasi (PROMOTION) 100% terjaga.,human_expert_auditor,APPROVED
REV_0064,DS1_006151,O1_CHAR_SUBSTITUTION,STRONG,1,"Bro, Pokoknya kalo butuh cepet, ⭐𝘼𝙇𝙀𝙓𝙄𝙎17 solusinya.","Bro, Pokoknya k4l0 butuh cepet, ⭐𝘼𝙇𝙀𝙓𝙄𝙎17 s0lusiny4.",YES,YES,YES,Validasi: Promosi eksplisit dan ajakan (CTA) solusi uang cepat dengan merekomendasikan platform judi '⭐𝘼𝙇𝙀𝙓𝙄𝙎17'. Perturbasi O1_CHAR_SUBSTITUTION (STRONG) berhasil disimulasikan; maksud komunikatif tetap terbaca jelas oleh manusia dan klasifikasi (PROMOTION) 100% terjaga.,human_expert_auditor,APPROVED
REV_0065,DS1_006482,O1_CHAR_SUBSTITUTION,STRONG,1,temenku baru narik 27jt di *GUNUNGWIN* anjir .. gila emank jad iri,temenku baru narik 27j7 di *GUNUNGWIN* 4nj1r .. gila emank jad iri,YES,YES,YES,Validasi: Testimoni kemenangan/pencairan dana (withdraw 27jt) di situs judi online '*GUNUNGWIN*' untuk memikat pemain. Perturbasi O1_CHAR_SUBSTITUTION (STRONG) berhasil disimulasikan; maksud komunikatif tetap terbaca jelas oleh manusia dan klasifikasi (PROMOTION) 100% terjaga.,human_expert_auditor,APPROVED
REV_0066,DS1_006672,O1_CHAR_SUBSTITUTION,STRONG,1,"Malem minggu gak galau, bareng 𝗩𝗜𝗖𝗧𝗢𝗥𝗬𝟬𝟬𝟳 saldo ngalir 🚀","Malem m1ng9u gak galau, bareng 𝗩𝗜𝗖𝗧𝗢𝗥𝗬𝟬𝟬𝟳 s4ld0 ngalir 🚀",YES,YES,YES,Validasi: Promosi situs judi online '𝗩𝗜𝗖𝗧𝗢𝗥𝗬𝟬𝟬𝟳' dengan iming-iming 'saldo ngalir' untuk menghilangkan galau. Perturbasi O1_CHAR_SUBSTITUTION (STRONG) berhasil disimulasikan; maksud komunikatif tetap terbaca jelas oleh manusia dan klasifikasi (PROMOTION) 100% terjaga.,human_expert_auditor,APPROVED
REV_0067,DS1_008338,O1_CHAR_SUBSTITUTION,STRONG,1,"Wow, 𝐌𝐎𝐍𝐀𝟒𝐃 bikin beda! Inspiratif, bikin semangat. 💪","Wow, 𝐌𝐎𝐍𝐀𝟒𝐃 b1k1n b3d4! Inspiratif, bikin semangat. 💪",YES,YES,YES,Validasi: Spam endorsement brand situs judi online '𝐌𝐎𝐍𝐀𝟒𝐃' menggunakan font unicode tebal. Perturbasi O1_CHAR_SUBSTITUTION (STRONG) berhasil disimulasikan; maksud komunikatif tetap terbaca jelas oleh manusia dan klasifikasi (PROMOTION) 100% terjaga.,human_expert_auditor,APPROVED
REV_0068,DS1_008410,O1_CHAR_SUBSTITUTION,STRONG,1,"Gak bakal move on dari PROBET855, udah jadi sumber rejeki! 🙏","Gak bakal move on dari PR0B3T855, udah j4d1 sumber rejeki! 🙏",YES,YES,YES,Validasi: Testimoni dan endorsement situs judi 'PROBET855' yang diklaim sebagai 'sumber rejeki'. Perturbasi O1_CHAR_SUBSTITUTION (STRONG) berhasil disimulasikan; maksud komunikatif tetap terbaca jelas oleh manusia dan klasifikasi (PROMOTION) 100% terjaga.,human_expert_auditor,APPROVED
REV_0069,DS1_008439,O1_CHAR_SUBSTITUTION,STRONG,1,"DORA77 itu kayak pacar setia, selalu kasih cuan! ❤️","DORA77 itu k4y4k pacar 5et1a, selalu kasih cuan! ❤️",YES,YES,YES,Validasi: Endorsement promosi platform judi 'DORA77' dengan klaim 'selalu kasih cuan'. Perturbasi O1_CHAR_SUBSTITUTION (STRONG) berhasil disimulasikan; maksud komunikatif tetap terbaca jelas oleh manusia dan klasifikasi (PROMOTION) 100% terjaga.,human_expert_auditor,APPROVED
REV_0070,DS2_010918,O1_CHAR_SUBSTITUTION,STRONG,1,"Kirain depo 20k bakal zonk di ✨ ʙᴀɴ TEɴɢ HO ᴋɪ⚡️, eh malah di kasih 37jt 🔥","Kir41n d3p0 20k bakal zonk di ✨ ʙᴀɴ TEɴɢ HO ᴋɪ⚡️, eh malah di kasih 37jt 🔥",YES,YES,YES,Validasi: Testimoni klaim jackpot modal deposit (depo 20k dapat 37jt) pada situs judi 'ʙᴀɴ TEɴɢ HO ᴋɪ' (Banteng Hoki). Perturbasi O1_CHAR_SUBSTITUTION (STRONG) berhasil disimulasikan; maksud komunikatif tetap terbaca jelas oleh manusia dan klasifikasi (PROMOTION) 100% terjaga.,human_expert_auditor,APPROVED
REV_0071,DS2_013502,O1_CHAR_SUBSTITUTION,STRONG,1,"Sambil nonton, coba ➡️𝐏𝐒𝐓𝐎𝐓𝐎9️⃣9️⃣ deh, lumayan hoki 😁","Sambil n0nt0n, coba ➡️𝐏𝐒𝐓𝐎𝐓𝐎9️⃣9️⃣ deh, lumayan h0k1 😁",YES,YES,YES,Validasi: Ajakan langsung (CTA) mencoba platform judi togel/slot '𝐏𝐒𝐓𝐎𝐓𝐎9️⃣9️⃣' dengan klaim hoki. Perturbasi O1_CHAR_SUBSTITUTION (STRONG) berhasil disimulasikan; maksud komunikatif tetap terbaca jelas oleh manusia dan klasifikasi (PROMOTION) 100% terjaga.,human_expert_auditor,APPROVED
REV_0072,DS2_013740,O1_CHAR_SUBSTITUTION,STRONG,1,"Wuih, ❤TON 4D❤! Kemenangan beneran pecah, feel-nya perfect. Gaskeun! 🔥","Wuih, ❤TON 4D❤! K3men4ngan b3n3ran pecah, feel-nya perfect. Gaskeun! 🔥",YES,YES,YES,Validasi: Promosi ajakan bermain ('Gaskeun!') dengan klaim kemenangan pecah di situs judi 'TON 4D'. Perturbasi O1_CHAR_SUBSTITUTION (STRONG) berhasil disimulasikan; maksud komunikatif tetap terbaca jelas oleh manusia dan klasifikasi (PROMOTION) 100% terjaga.,human_expert_auditor,APPROVED
REV_0073,DS2_015147,O1_CHAR_SUBSTITUTION,STRONG,1,"Datang santai, pulang puas ♔★ ℕ𝕒𝕤𝕒𝔾𝕒𝕞𝕚𝕟𝕘 👻🎈","Da7an9 santai, pul4n9 puas ♔★ ℕ𝕒𝕤𝕒𝔾𝕒𝕞𝕚𝕟𝕘 👻🎈",YES,YES,YES,"Validasi: Slogan promosi brand situs game judi online 'ℕ𝕒𝕤𝕒𝔾𝕒𝕞𝕚𝕟𝕘' ('Datang santai, pulang puas'). Perturbasi O1_CHAR_SUBSTITUTION (STRONG) berhasil disimulasikan; maksud komunikatif tetap terbaca jelas oleh manusia dan klasifikasi (PROMOTION) 100% terjaga.",human_expert_auditor,APPROVED
REV_0074,DS4_006634,O1_CHAR_SUBSTITUTION,STRONG,1,tempat para player dapet maxwin tiada henti ❤𝐌𝐀𝐇𝐀𝐊𝐀𝐌𝟒𝐃❤,tempat para player dapet maxwin t1ad4 hen71 ❤𝐌𝐀𝐇𝐀𝐊𝐀𝐌𝟒𝐃❤,YES,YES,YES,Validasi: Promosi situs judi online '𝐌𝐀𝐇𝐀𝐊𝐀𝐌𝟒𝐃' dengan janji klaim kemenangan 'maxwin tiada henti'. Perturbasi O1_CHAR_SUBSTITUTION (STRONG) berhasil disimulasikan; maksud komunikatif tetap terbaca jelas oleh manusia dan klasifikasi (PROMOTION) 100% terjaga.,human_expert_auditor,APPROVED
REV_0075,DS4_006908,O1_CHAR_SUBSTITUTION,STRONG,1,"[̲̅P][̲̅U][̲̅L][̲̅A][̲̅U][̲̅7][̲̅7][̲̅7], tempat terbaik untuk pemain sejati","[̲̅P][̲̅U][̲̅L][̲̅A][̲̅U][̲̅7][̲̅7][̲̅7], tempat terbaik untuk p3ma1n seja71",YES,YES,YES,Validasi: Promosi platform judi 'PULAU777' (font kotak) yang diklaim sebagai 'tempat terbaik untuk pemain sejati'. Perturbasi O1_CHAR_SUBSTITUTION (STRONG) berhasil disimulasikan; maksud komunikatif tetap terbaca jelas oleh manusia dan klasifikasi (PROMOTION) 100% terjaga.,human_expert_auditor,APPROVED
REV_0076,DS4_007206,O1_CHAR_SUBSTITUTION,STRONG,1,"INSYA ALLAH  liat video memasak, 🤎𝐏𝐑𝐎𝐁𝐄𝐓 𝟖𝟓𝟓🤎 menyiapkan segala video apapun itu !!","1NSY4 ALLAH  liat video memasak, 🤎𝐏𝐑𝐎𝐁𝐄𝐓 𝟖𝟓𝟓🤎 menyiapkan segala video 4p4pun itu !!",YES,YES,YES,Validasi: Bot spam yang menyelipkan nama situs judi '🤎𝐏𝐑𝐎𝐁𝐄𝐓 𝟖𝟓𝟓🤎' ke dalam komentar video memasak. Perturbasi O1_CHAR_SUBSTITUTION (STRONG) berhasil disimulasikan; maksud komunikatif tetap terbaca jelas oleh manusia dan klasifikasi (PROMOTION) 100% terjaga.,human_expert_auditor,APPROVED
REV_0077,DS4_007230,O1_CHAR_SUBSTITUTION,STRONG,1,Bagus kreatif nih💙P R O B E T  8 5 5💙,B49us kr34tif nih💙P R O B E T  8 5 5💙,YES,YES,YES,Validasi: Spam bot menyisipkan nama situs judi 'P R O B E T  8 5 5' dengan spasi antar karakter. Perturbasi O1_CHAR_SUBSTITUTION (STRONG) berhasil disimulasikan; maksud komunikatif tetap terbaca jelas oleh manusia dan klasifikasi (PROMOTION) 100% terjaga.,human_expert_auditor,APPROVED
REV_0078,DS4_007564,O1_CHAR_SUBSTITUTION,STRONG,1,Ronde berikut coba di 𝐖𝐄𝐓𝐎𝐍𝟖𝟖 bang,Ronde berikut c08a di 𝐖𝐄𝐓𝐎𝐍𝟖𝟖 84ng,YES,YES,YES,Validasi: Ajakan langsung mencoba bermain judi pada platform/situs '𝐖𝐄𝐓𝐎𝐍𝟖𝟖' untuk ronde berikutnya. Perturbasi O1_CHAR_SUBSTITUTION (STRONG) berhasil disimulasikan; maksud komunikatif tetap terbaca jelas oleh manusia dan klasifikasi (PROMOTION) 100% terjaga.,human_expert_auditor,APPROVED
REV_0079,DS4_009265,O1_CHAR_SUBSTITUTION,STRONG,1,"Videonya kocak banget! 😂
Tadi abis scroll 🅳🅴🅰🅻🅼🅰🆇🆆🅸🅽, eh nyasar ke sini. Worth it!","Vid30nya kocak banget! 😂
T4d1 abis scroll 🅳🅴🅰🅻🅼🅰🆇🆆🅸🅽, eh nyasar ke sini. Worth it!",YES,YES,YES,Validasi: Komentar manipulatif berpura-pura menikmati video namun menyisipkan nama platform judi '🅳🅴🅰🅻🅼🅰🆇🆆🅸🅽'. Perturbasi O1_CHAR_SUBSTITUTION (STRONG) berhasil disimulasikan; maksud komunikatif tetap terbaca jelas oleh manusia dan klasifikasi (PROMOTION) 100% terjaga.,human_expert_auditor,APPROVED
REV_0080,DS4_014476,O1_CHAR_SUBSTITUTION,STRONG,1,"Masyaallah, ❤𝐌𝐎𝐍𝐀 𝟒𝐃🔴 bikin takjub! Visualnya ciamik, ceritanya penuh makna, dan untungnya wow! ✨","Masyaallah, ❤𝐌𝐎𝐍𝐀 𝟒𝐃🔴 b1k1n takjub! Visualnya ci4m1k, ceritanya penuh makna, dan untungnya wow! ✨",YES,YES,YES,Validasi: Bot spam menyisipkan brand judi '❤𝐌𝐎𝐍𝐀 𝟒𝐃🔴' berkedok pujian takjub dan klaim untung besar. Perturbasi O1_CHAR_SUBSTITUTION (STRONG) berhasil disimulasikan; maksud komunikatif tetap terbaca jelas oleh manusia dan klasifikasi (PROMOTION) 100% terjaga.,human_expert_auditor,APPROVED
REV_0081,DS1_001144,O2_CHAR_INSERT_DELETE,MILD,0,AL SIAPA YAAAA,AL SIAPA YAAA,YES,YES,YES,Validasi: Komentar organik penonton YouTube menanyakan sosok/karakter 'AL'. Murni percakapan publik non-judi. Perturbasi O2_CHAR_INSERT_DELETE (MILD) berhasil disimulasikan; maksud komunikatif tetap terbaca jelas oleh manusia dan klasifikasi (NON_PROMOTION) 100% terjaga.,human_expert_auditor,APPROVED
REV_0082,DS1_004796,O2_CHAR_INSERT_DELETE,MILD,0,"Mending ajak keluarga piknik! Hiburan halal, kebahagiaan nyata. 🏞️","Mending ajak keluarga piknik! Hibuan halal, kebahagiaan nyata. 🏞️",YES,YES,YES,Validasi: Komentar positif tentang rekreasi keluarga halal dan kebahagiaan nyata (konten gaya hidup/edukasi). Bukan promosi judi. Perturbasi O2_CHAR_INSERT_DELETE (MILD) berhasil disimulasikan; maksud komunikatif tetap terbaca jelas oleh manusia dan klasifikasi (NON_PROMOTION) 100% terjaga.,human_expert_auditor,APPROVED
REV_0083,DS2_002855,O2_CHAR_INSERT_DELETE,MILD,0,Hp gw samsung note10 plus Aja masi dapet,Hp gw samsung note10 pluus Aja masi dapet,YES,YES,YES,Validasi: Diskusi spesifikasi gadget/smartphone (Samsung Note 10 Plus). Bukan promosi judi. Perturbasi O2_CHAR_INSERT_DELETE (MILD) berhasil disimulasikan; maksud komunikatif tetap terbaca jelas oleh manusia dan klasifikasi (NON_PROMOTION) 100% terjaga.,human_expert_auditor,APPROVED
REV_0084,DS2_004215,O2_CHAR_INSERT_DELETE,MILD,0,"penasaran sama batre nya setipis apa ya, gokil yg buat desain hp nya","penasaran sama batre nya setiipis apa ya, gokil yg buat desain hp nya",YES,YES,YES,Validasi: Diskusi teknis desain gadget dan ketipisan baterai smartphone. Murni obrolan teknologi. Perturbasi O2_CHAR_INSERT_DELETE (MILD) berhasil disimulasikan; maksud komunikatif tetap terbaca jelas oleh manusia dan klasifikasi (NON_PROMOTION) 100% terjaga.,human_expert_auditor,APPROVED
REV_0085,DS2_007035,O2_CHAR_INSERT_DELETE,MILD,0,"​@4R4D34ga bisa sih, kalo dibuang harus ada penggantinya","​@4R4D34ga bisa sih, kalo dibuaang harus ada penggantinya",YES,YES,YES,Validasi: Interaksi balasan komentar YouTube (@4R4D34) mengenai pergantian barang/sistem. Obrolan umum. Perturbasi O2_CHAR_INSERT_DELETE (MILD) berhasil disimulasikan; maksud komunikatif tetap terbaca jelas oleh manusia dan klasifikasi (NON_PROMOTION) 100% terjaga.,human_expert_auditor,APPROVED
REV_0086,DS2_008010,O2_CHAR_INSERT_DELETE,MILD,0,​@muhammadrifani8356lgi on fire ujung2 nya di kasih paham sama inter😂,​@muhammadrifani8356lgi on fire ujung2 nya di kasiih paham sama inter😂,YES,YES,YES,Validasi: Komentar diskusi sepak bola (@muhammadrifani8356) terkait performa klub Inter Milan. Bukan promosi judi. Perturbasi O2_CHAR_INSERT_DELETE (MILD) berhasil disimulasikan; maksud komunikatif tetap terbaca jelas oleh manusia dan klasifikasi (NON_PROMOTION) 100% terjaga.,human_expert_auditor,APPROVED
REV_0087,DS2_014897,O2_CHAR_INSERT_DELETE,MILD,0,wanda ikut campur bgt dahhh wkwkwk,wanda ikut caampur bgt dahhh wkwkwk,YES,YES,YES,Validasi: Komentar santai/reaksi terhadap konten vlog personal/drama figur 'wanda'. Bukan promosi judi. Perturbasi O2_CHAR_INSERT_DELETE (MILD) berhasil disimulasikan; maksud komunikatif tetap terbaca jelas oleh manusia dan klasifikasi (NON_PROMOTION) 100% terjaga.,human_expert_auditor,APPROVED
REV_0088,DS2_014995,O2_CHAR_INSERT_DELETE,MILD,0,Kaos oasis: gue dateng ke rumah yg tepat 😂,Kaos oasis: gue dateng ke rumh yg tepat 😂,YES,YES,YES,Validasi: Komentar humor budaya pop/musik mengenai merchandise kaos band Oasis. Bukan promosi judi. Perturbasi O2_CHAR_INSERT_DELETE (MILD) berhasil disimulasikan; maksud komunikatif tetap terbaca jelas oleh manusia dan klasifikasi (NON_PROMOTION) 100% terjaga.,human_expert_auditor,APPROVED
REV_0089,DS2_015418,O2_CHAR_INSERT_DELETE,MILD,0,pilek u jusa?,pilk u jusa?,YES,YES,YES,Validasi: Komentar candaan/interaksi personal ('pilek u jusa?'). Bukan promosi judi. Perturbasi O2_CHAR_INSERT_DELETE (MILD) berhasil disimulasikan; maksud komunikatif tetap terbaca jelas oleh manusia dan klasifikasi (NON_PROMOTION) 100% terjaga.,human_expert_auditor,APPROVED
REV_0090,DS2_017109,O2_CHAR_INSERT_DELETE,MILD,0,Iloveyou all❤❤❤,Ioveyou all❤❤❤,YES,YES,YES,Validasi: Apresiasi kasih sayang penonton channel ('Iloveyou all'). Bukan promosi judi. Perturbasi O2_CHAR_INSERT_DELETE (MILD) berhasil disimulasikan; maksud komunikatif tetap terbaca jelas oleh manusia dan klasifikasi (NON_PROMOTION) 100% terjaga.,human_expert_auditor,APPROVED
REV_0091,DS2_018022,O2_CHAR_INSERT_DELETE,MILD,0,Di tunggu vlog lainya mayiii❤❤,Di tunggu vlog lainyya mayiii❤❤,YES,YES,YES,Validasi: Komentar penonton yang menantikan vlog berikutnya dari kreator ('mayiii'). Bukan promosi judi. Perturbasi O2_CHAR_INSERT_DELETE (MILD) berhasil disimulasikan; maksud komunikatif tetap terbaca jelas oleh manusia dan klasifikasi (NON_PROMOTION) 100% terjaga.,human_expert_auditor,APPROVED
REV_0092,DS2_018266,O2_CHAR_INSERT_DELETE,MILD,0,jantungan sumpah ini game,jatungan sumpah ini game,YES,YES,YES,Validasi: Komentar reaksi penonton saat menyaksikan video gameplay game yang menegangkan/horor. Bukan promosi judi. Perturbasi O2_CHAR_INSERT_DELETE (MILD) berhasil disimulasikan; maksud komunikatif tetap terbaca jelas oleh manusia dan klasifikasi (NON_PROMOTION) 100% terjaga.,human_expert_auditor,APPROVED
REV_0093,DS2_020319,O2_CHAR_INSERT_DELETE,MILD,0,Assalamualaikum ustad saya mohon sarannya ustad saat ini saya sdh berusaha utk keluar dari hal2 yg berhubungan dg riba saya setiap mlm saya selalu meminta pd ALLAH SWT agar dijauhkan dari riba tetapi kenapa ALLAH SWT malah memberikan suami saya pekerjaan yg berhubngan dg riba apakah saya diuji?,Assalamualaikum ustad saya mohon sarannya ustad saat ini saya sdh berusaha utk keluar dari hal2 yg berhubungan dg riba saya setiap mlm saya selalu meminta pd ALLAH SWT agar dijauhkan dari riiba tetapi kenapa ALLAH SWT malah memberikan suami saya pekerjaan yg berhubngan dg riba apakah saya diuji?,YES,YES,YES,Validasi: Pertanyaan konsultasi agama kepada ustadz tentang ikhtiar menghindari riba dalam pekerjaan. Sangat jelas non-promosi judi. Perturbasi O2_CHAR_INSERT_DELETE (MILD) berhasil disimulasikan; maksud komunikatif tetap terbaca jelas oleh manusia dan klasifikasi (NON_PROMOTION) 100% terjaga.,human_expert_auditor,APPROVED
REV_0094,DS4_000831,O2_CHAR_INSERT_DELETE,MILD,0,First,Frst,YES,YES,YES,Validasi: Komentar tipikal penonton YouTube ('First'). Bukan promosi judi. Perturbasi O2_CHAR_INSERT_DELETE (MILD) berhasil disimulasikan; maksud komunikatif tetap terbaca jelas oleh manusia dan klasifikasi (NON_PROMOTION) 100% terjaga.,human_expert_auditor,APPROVED
REV_0095,DS4_001481,O2_CHAR_INSERT_DELETE,MILD,0,Kata-kata terakhir dari bkent : kairi kontol akiri kontol 😂,Kata-kata terakhir dari bkkent : kairi kontol akiri kontol 😂,YES,YES,YES,"Validasi: Kutipan candaan/slang komunitas gaming streaming Mobile Legends (bkent, kairi). Bukan promosi judi. Perturbasi O2_CHAR_INSERT_DELETE (MILD) berhasil disimulasikan; maksud komunikatif tetap terbaca jelas oleh manusia dan klasifikasi (NON_PROMOTION) 100% terjaga.",human_expert_auditor,APPROVED
REV_0096,DS4_002001,O2_CHAR_INSERT_DELETE,MILD,0,😁🤣🤣,😁🤣🤣,YES,YES,YES,"Validasi: Komentar reaksi hanya berupa emoji tertawa ('😁🤣🤣'). Bukan promosi judi. Teks tidak memiliki target karakter yang memenuhi syarat untuk O2_CHAR_INSERT_DELETE (MILD), status NO_ELIGIBLE_TARGET/no-change valid dan label (NON_PROMOTION) terjaga.",human_expert_auditor,APPROVED
REV_0097,DS4_002039,O2_CHAR_INSERT_DELETE,MILD,0,Badut mseries nambah lawak dgn roster baru,Badut mseries nambah lawaak dgn roster baru,YES,YES,YES,Validasi: Komentar kompetisi esports Mobile Legends (M-Series) dan susunan roster tim. Bukan promosi judi. Perturbasi O2_CHAR_INSERT_DELETE (MILD) berhasil disimulasikan; maksud komunikatif tetap terbaca jelas oleh manusia dan klasifikasi (NON_PROMOTION) 100% terjaga.,human_expert_auditor,APPROVED
REV_0098,DS4_003354,O2_CHAR_INSERT_DELETE,MILD,0,"ELGOAT 0-7-2
😂","ELGOT 0-7-2
😂",YES,YES,YES,Validasi: Komentar roasting statistik skor KDA pertandingan game MLBB (ELGOAT 0-7-2). Bukan promosi judi. Perturbasi O2_CHAR_INSERT_DELETE (MILD) berhasil disimulasikan; maksud komunikatif tetap terbaca jelas oleh manusia dan klasifikasi (NON_PROMOTION) 100% terjaga.,human_expert_auditor,APPROVED
REV_0099,DS4_004142,O2_CHAR_INSERT_DELETE,MILD,0,"Kenapa akhir² ini lu sering pake thumbnail yang lama sih ketua? Gw kangen video lu yang dulu lebih lucu dan menghibur kebanding sekarang yang lebih fokus ke sawerian daripada gameplay Miya nya, ayolah comeback kembali ketua🔥😎","Kenapa akhir² ini lu sering pake thumbnail yanng lama sih ketua? Gw kangen video lu yang dulu lebih lucu dan menghibur kebanding sekarang yang lebih fokus ke sawerian daripada gameplay Miya nya, ayolah comeback kembali ketua🔥😎",YES,YES,YES,Validasi: Kritik dan saran subscriber terhadap konten kreator streaming game (gameplay Miya vs saweria). Bukan promosi judi. Perturbasi O2_CHAR_INSERT_DELETE (MILD) berhasil disimulasikan; maksud komunikatif tetap terbaca jelas oleh manusia dan klasifikasi (NON_PROMOTION) 100% terjaga.,human_expert_auditor,APPROVED
REV_0100,DS4_006463,O2_CHAR_INSERT_DELETE,MILD,0,"Kasih keras ketua, pecah lagi layar nya wkwk","Kaih keras ketua, pecah lagi layar nya wkwk",YES,YES,YES,Validasi: Komentar antusias penonton terhadap kreator gaming ('pecah lagi layarnya ketua'). Bukan promosi judi. Perturbasi O2_CHAR_INSERT_DELETE (MILD) berhasil disimulasikan; maksud komunikatif tetap terbaca jelas oleh manusia dan klasifikasi (NON_PROMOTION) 100% terjaga.,human_expert_auditor,APPROVED
REV_0101,DS1_005307,O2_CHAR_INSERT_DELETE,MILD,1,gua sih udah ga heran lagi kalo ALEXIS-☯17☯ jadi trending terus,gua sih udah ga heran laggi kalo ALEXIS-☯17☯ jadi trending terus,YES,YES,YES,Validasi: Spam promosi judi online mengatasnamakan trending dengan menyebutkan brand situs judi 'ALEXIS-☯17☯'. Perturbasi O2_CHAR_INSERT_DELETE (MILD) berhasil disimulasikan; maksud komunikatif tetap terbaca jelas oleh manusia dan klasifikasi (PROMOTION) 100% terjaga.,human_expert_auditor,APPROVED
REV_0102,DS1_005773,O2_CHAR_INSERT_DELETE,MILD,1,"Video punchline ALEXIS17 viral tuh, udah nonton belom?","Video punchline ALEXIS17 viral tuh, udaah nonton belom?",YES,YES,YES,Validasi: Promosi terselubung menyisipkan nama situs judi 'ALEXIS17' dengan format ajakan menonton video punchline. Perturbasi O2_CHAR_INSERT_DELETE (MILD) berhasil disimulasikan; maksud komunikatif tetap terbaca jelas oleh manusia dan klasifikasi (PROMOTION) 100% terjaga.,human_expert_auditor,APPROVED
REV_0103,DS1_006000,O2_CHAR_INSERT_DELETE,MILD,1,"Kalo alexis17 udah bikin sketsa, suasana auto pecah!","Kaalo alexis17 udah bikin sketsa, suasana auto pecah!",YES,YES,YES,Validasi: Endorsement bot promosi judi online menyisipkan brand platform 'alexis17' dalam sketsa rekaan. Perturbasi O2_CHAR_INSERT_DELETE (MILD) berhasil disimulasikan; maksud komunikatif tetap terbaca jelas oleh manusia dan klasifikasi (PROMOTION) 100% terjaga.,human_expert_auditor,APPROVED
REV_0104,DS1_006151,O2_CHAR_INSERT_DELETE,MILD,1,"Bro, Pokoknya kalo butuh cepet, ⭐𝘼𝙇𝙀𝙓𝙄𝙎17 solusinya.","Bro, Pokoknya kalo buutuh cepet, ⭐𝘼𝙇𝙀𝙓𝙄𝙎17 solusinya.",YES,YES,YES,Validasi: Promosi eksplisit dan ajakan (CTA) solusi uang cepat dengan merekomendasikan platform judi '⭐𝘼𝙇𝙀𝙓𝙄𝙎17'. Perturbasi O2_CHAR_INSERT_DELETE (MILD) berhasil disimulasikan; maksud komunikatif tetap terbaca jelas oleh manusia dan klasifikasi (PROMOTION) 100% terjaga.,human_expert_auditor,APPROVED
REV_0105,DS1_006482,O2_CHAR_INSERT_DELETE,MILD,1,temenku baru narik 27jt di *GUNUNGWIN* anjir .. gila emank jad iri,temenku baaru narik 27jt di *GUNUNGWIN* anjir .. gila emank jad iri,YES,YES,YES,Validasi: Testimoni kemenangan/pencairan dana (withdraw 27jt) di situs judi online '*GUNUNGWIN*' untuk memikat pemain. Perturbasi O2_CHAR_INSERT_DELETE (MILD) berhasil disimulasikan; maksud komunikatif tetap terbaca jelas oleh manusia dan klasifikasi (PROMOTION) 100% terjaga.,human_expert_auditor,APPROVED
REV_0106,DS1_006672,O2_CHAR_INSERT_DELETE,MILD,1,"Malem minggu gak galau, bareng 𝗩𝗜𝗖𝗧𝗢𝗥𝗬𝟬𝟬𝟳 saldo ngalir 🚀","Malem minggu gak galau, bareng 𝗩𝗜𝗖𝗧𝗢𝗥𝗬𝗬𝟬𝟬𝟳 saldo ngalir 🚀",YES,YES,YES,Validasi: Promosi situs judi online '𝗩𝗜𝗖𝗧𝗢𝗥𝗬𝟬𝟬𝟳' dengan iming-iming 'saldo ngalir' untuk menghilangkan galau. Perturbasi O2_CHAR_INSERT_DELETE (MILD) berhasil disimulasikan; maksud komunikatif tetap terbaca jelas oleh manusia dan klasifikasi (PROMOTION) 100% terjaga.,human_expert_auditor,APPROVED
REV_0107,DS1_008338,O2_CHAR_INSERT_DELETE,MILD,1,"Wow, 𝐌𝐎𝐍𝐀𝟒𝐃 bikin beda! Inspiratif, bikin semangat. 💪","Wow, 𝐌𝐎𝐀𝟒𝐃 bikin beda! Inspiratif, bikin semangat. 💪",YES,YES,YES,Validasi: Spam endorsement brand situs judi online '𝐌𝐎𝐍𝐀𝟒𝐃' menggunakan font unicode tebal. Perturbasi O2_CHAR_INSERT_DELETE (MILD) berhasil disimulasikan; maksud komunikatif tetap terbaca jelas oleh manusia dan klasifikasi (PROMOTION) 100% terjaga.,human_expert_auditor,APPROVED
REV_0108,DS1_008410,O2_CHAR_INSERT_DELETE,MILD,1,"Gak bakal move on dari PROBET855, udah jadi sumber rejeki! 🙏","Gak bkal move on dari PROBET855, udah jadi sumber rejeki! 🙏",YES,YES,YES,Validasi: Testimoni dan endorsement situs judi 'PROBET855' yang diklaim sebagai 'sumber rejeki'. Perturbasi O2_CHAR_INSERT_DELETE (MILD) berhasil disimulasikan; maksud komunikatif tetap terbaca jelas oleh manusia dan klasifikasi (PROMOTION) 100% terjaga.,human_expert_auditor,APPROVED
REV_0109,DS1_008439,O2_CHAR_INSERT_DELETE,MILD,1,"DORA77 itu kayak pacar setia, selalu kasih cuan! ❤️","DOR77 itu kayak pacar setia, selalu kasih cuan! ❤️",YES,YES,YES,Validasi: Endorsement promosi platform judi 'DORA77' dengan klaim 'selalu kasih cuan'. Perturbasi O2_CHAR_INSERT_DELETE (MILD) berhasil disimulasikan; maksud komunikatif tetap terbaca jelas oleh manusia dan klasifikasi (PROMOTION) 100% terjaga.,human_expert_auditor,APPROVED
REV_0110,DS2_010918,O2_CHAR_INSERT_DELETE,MILD,1,"Kirain depo 20k bakal zonk di ✨ ʙᴀɴ TEɴɢ HO ᴋɪ⚡️, eh malah di kasih 37jt 🔥","Kirrain depo 20k bakal zonk di ✨ ʙᴀɴ TEɴɢ HO ᴋɪ⚡️, eh malah di kasih 37jt 🔥",YES,YES,YES,Validasi: Testimoni klaim jackpot modal deposit (depo 20k dapat 37jt) pada situs judi 'ʙᴀɴ TEɴɢ HO ᴋɪ' (Banteng Hoki). Perturbasi O2_CHAR_INSERT_DELETE (MILD) berhasil disimulasikan; maksud komunikatif tetap terbaca jelas oleh manusia dan klasifikasi (PROMOTION) 100% terjaga.,human_expert_auditor,APPROVED
REV_0111,DS2_013502,O2_CHAR_INSERT_DELETE,MILD,1,"Sambil nonton, coba ➡️𝐏𝐒𝐓𝐎𝐓𝐎9️⃣9️⃣ deh, lumayan hoki 😁","Sambil nontoon, coba ➡️𝐏𝐒𝐓𝐎𝐓𝐎9️⃣9️⃣ deh, lumayan hoki 😁",YES,YES,YES,Validasi: Ajakan langsung (CTA) mencoba platform judi togel/slot '𝐏𝐒𝐓𝐎𝐓𝐎9️⃣9️⃣' dengan klaim hoki. Perturbasi O2_CHAR_INSERT_DELETE (MILD) berhasil disimulasikan; maksud komunikatif tetap terbaca jelas oleh manusia dan klasifikasi (PROMOTION) 100% terjaga.,human_expert_auditor,APPROVED
REV_0112,DS2_013740,O2_CHAR_INSERT_DELETE,MILD,1,"Wuih, ❤TON 4D❤! Kemenangan beneran pecah, feel-nya perfect. Gaskeun! 🔥","Wuih, ❤TON 4D❤! Kemenanngan beneran pecah, feel-nya perfect. Gaskeun! 🔥",YES,YES,YES,Validasi: Promosi ajakan bermain ('Gaskeun!') dengan klaim kemenangan pecah di situs judi 'TON 4D'. Perturbasi O2_CHAR_INSERT_DELETE (MILD) berhasil disimulasikan; maksud komunikatif tetap terbaca jelas oleh manusia dan klasifikasi (PROMOTION) 100% terjaga.,human_expert_auditor,APPROVED
REV_0113,DS2_015147,O2_CHAR_INSERT_DELETE,MILD,1,"Datang santai, pulang puas ♔★ ℕ𝕒𝕤𝕒𝔾𝕒𝕞𝕚𝕟𝕘 👻🎈","Datang santai, pulang puas ♔★ ℕ𝕒𝕤𝕒𝔾𝕒𝕚𝕟𝕘 👻🎈",YES,YES,YES,"Validasi: Slogan promosi brand situs game judi online 'ℕ𝕒𝕤𝕒𝔾𝕒𝕞𝕚𝕟𝕘' ('Datang santai, pulang puas'). Perturbasi O2_CHAR_INSERT_DELETE (MILD) berhasil disimulasikan; maksud komunikatif tetap terbaca jelas oleh manusia dan klasifikasi (PROMOTION) 100% terjaga.",human_expert_auditor,APPROVED
REV_0114,DS4_006634,O2_CHAR_INSERT_DELETE,MILD,1,tempat para player dapet maxwin tiada henti ❤𝐌𝐀𝐇𝐀𝐊𝐀𝐌𝟒𝐃❤,tempat para player dapet maxwin tiadda henti ❤𝐌𝐀𝐇𝐀𝐊𝐀𝐌𝟒𝐃❤,YES,YES,YES,Validasi: Promosi situs judi online '𝐌𝐀𝐇𝐀𝐊𝐀𝐌𝟒𝐃' dengan janji klaim kemenangan 'maxwin tiada henti'. Perturbasi O2_CHAR_INSERT_DELETE (MILD) berhasil disimulasikan; maksud komunikatif tetap terbaca jelas oleh manusia dan klasifikasi (PROMOTION) 100% terjaga.,human_expert_auditor,APPROVED
REV_0115,DS4_006908,O2_CHAR_INSERT_DELETE,MILD,1,"[̲̅P][̲̅U][̲̅L][̲̅A][̲̅U][̲̅7][̲̅7][̲̅7], tempat terbaik untuk pemain sejati","[̲̅P][̲̅U][̲̅L][̲̅A][̲̅U][̲̅7][̲̅7][̲̅7], tempat terbaik untuk pemain sejati",YES,YES,YES,"Validasi: Promosi platform judi 'PULAU777' (font kotak) yang diklaim sebagai 'tempat terbaik untuk pemain sejati'. Teks tidak memiliki target karakter yang memenuhi syarat untuk O2_CHAR_INSERT_DELETE (MILD), status NO_ELIGIBLE_TARGET/no-change valid dan label (PROMOTION) terjaga.",human_expert_auditor,APPROVED
REV_0116,DS4_007206,O2_CHAR_INSERT_DELETE,MILD,1,"INSYA ALLAH  liat video memasak, 🤎𝐏𝐑𝐎𝐁𝐄𝐓 𝟖𝟓𝟓🤎 menyiapkan segala video apapun itu !!","INSYA ALLAH  liiat video memasak, 🤎𝐏𝐑𝐎𝐁𝐄𝐓 𝟖𝟓𝟓🤎 menyiapkan segala video apapun itu !!",YES,YES,YES,Validasi: Bot spam yang menyelipkan nama situs judi '🤎𝐏𝐑𝐎𝐁𝐄𝐓 𝟖𝟓𝟓🤎' ke dalam komentar video memasak. Perturbasi O2_CHAR_INSERT_DELETE (MILD) berhasil disimulasikan; maksud komunikatif tetap terbaca jelas oleh manusia dan klasifikasi (PROMOTION) 100% terjaga.,human_expert_auditor,APPROVED
REV_0117,DS4_007230,O2_CHAR_INSERT_DELETE,MILD,1,Bagus kreatif nih💙P R O B E T  8 5 5💙,Bags kreatif nih💙P R O B E T  8 5 5💙,YES,YES,YES,Validasi: Spam bot menyisipkan nama situs judi 'P R O B E T  8 5 5' dengan spasi antar karakter. Perturbasi O2_CHAR_INSERT_DELETE (MILD) berhasil disimulasikan; maksud komunikatif tetap terbaca jelas oleh manusia dan klasifikasi (PROMOTION) 100% terjaga.,human_expert_auditor,APPROVED
REV_0118,DS4_007564,O2_CHAR_INSERT_DELETE,MILD,1,Ronde berikut coba di 𝐖𝐄𝐓𝐎𝐍𝟖𝟖 bang,Ronde berikut coba di 𝐖𝐄𝐓𝐎𝐍𝟖 bang,YES,YES,YES,Validasi: Ajakan langsung mencoba bermain judi pada platform/situs '𝐖𝐄𝐓𝐎𝐍𝟖𝟖' untuk ronde berikutnya. Perturbasi O2_CHAR_INSERT_DELETE (MILD) berhasil disimulasikan; maksud komunikatif tetap terbaca jelas oleh manusia dan klasifikasi (PROMOTION) 100% terjaga.,human_expert_auditor,APPROVED
REV_0119,DS4_009265,O2_CHAR_INSERT_DELETE,MILD,1,"Videonya kocak banget! 😂
Tadi abis scroll 🅳🅴🅰🅻🅼🅰🆇🆆🅸🅽, eh nyasar ke sini. Worth it!","Videonya kocak banget! 😂
Tadi abis scrroll 🅳🅴🅰🅻🅼🅰🆇🆆🅸🅽, eh nyasar ke sini. Worth it!",YES,YES,YES,Validasi: Komentar manipulatif berpura-pura menikmati video namun menyisipkan nama platform judi '🅳🅴🅰🅻🅼🅰🆇🆆🅸🅽'. Perturbasi O2_CHAR_INSERT_DELETE (MILD) berhasil disimulasikan; maksud komunikatif tetap terbaca jelas oleh manusia dan klasifikasi (PROMOTION) 100% terjaga.,human_expert_auditor,APPROVED
REV_0120,DS4_014476,O2_CHAR_INSERT_DELETE,MILD,1,"Masyaallah, ❤𝐌𝐎𝐍𝐀 𝟒𝐃🔴 bikin takjub! Visualnya ciamik, ceritanya penuh makna, dan untungnya wow! ✨","Masyaallah, ❤𝐌𝐎𝐍𝐀 𝟒𝐃🔴 bikin takjub! Visualnya ciamik, ceritanya penuh makna, dan untuungnya wow! ✨",YES,YES,YES,Validasi: Bot spam menyisipkan brand judi '❤𝐌𝐎𝐍𝐀 𝟒𝐃🔴' berkedok pujian takjub dan klaim untung besar. Perturbasi O2_CHAR_INSERT_DELETE (MILD) berhasil disimulasikan; maksud komunikatif tetap terbaca jelas oleh manusia dan klasifikasi (PROMOTION) 100% terjaga.,human_expert_auditor,APPROVED
REV_0121,DS1_001144,O2_CHAR_INSERT_DELETE,STRONG,0,AL SIAPA YAAAA,AL SIAA YAAA,YES,YES,YES,Validasi: Komentar organik penonton YouTube menanyakan sosok/karakter 'AL'. Murni percakapan publik non-judi. Perturbasi O2_CHAR_INSERT_DELETE (STRONG) berhasil disimulasikan; maksud komunikatif tetap terbaca jelas oleh manusia dan klasifikasi (NON_PROMOTION) 100% terjaga.,human_expert_auditor,APPROVED
REV_0122,DS1_004796,O2_CHAR_INSERT_DELETE,STRONG,0,"Mending ajak keluarga piknik! Hiburan halal, kebahagiaan nyata. 🏞️","Mending ajak keluarga piknik! Hiburan halal, kebahagiiaan nyataa. 🏞️",YES,YES,YES,Validasi: Komentar positif tentang rekreasi keluarga halal dan kebahagiaan nyata (konten gaya hidup/edukasi). Bukan promosi judi. Perturbasi O2_CHAR_INSERT_DELETE (STRONG) berhasil disimulasikan; maksud komunikatif tetap terbaca jelas oleh manusia dan klasifikasi (NON_PROMOTION) 100% terjaga.,human_expert_auditor,APPROVED
REV_0123,DS2_002855,O2_CHAR_INSERT_DELETE,STRONG,0,Hp gw samsung note10 plus Aja masi dapet,Hp gw saamsung note10 pluus Aja masi dapet,YES,YES,YES,Validasi: Diskusi spesifikasi gadget/smartphone (Samsung Note 10 Plus). Bukan promosi judi. Perturbasi O2_CHAR_INSERT_DELETE (STRONG) berhasil disimulasikan; maksud komunikatif tetap terbaca jelas oleh manusia dan klasifikasi (NON_PROMOTION) 100% terjaga.,human_expert_auditor,APPROVED
REV_0124,DS2_004215,O2_CHAR_INSERT_DELETE,STRONG,0,"penasaran sama batre nya setipis apa ya, gokil yg buat desain hp nya","penasaran sama batre nya setipis apa ya, gokil yg buaat dsain hp nya",YES,YES,YES,Validasi: Diskusi teknis desain gadget dan ketipisan baterai smartphone. Murni obrolan teknologi. Perturbasi O2_CHAR_INSERT_DELETE (STRONG) berhasil disimulasikan; maksud komunikatif tetap terbaca jelas oleh manusia dan klasifikasi (NON_PROMOTION) 100% terjaga.,human_expert_auditor,APPROVED
REV_0125,DS2_007035,O2_CHAR_INSERT_DELETE,STRONG,0,"​@4R4D34ga bisa sih, kalo dibuang harus ada penggantinya","​@4R4DD34ga bisa sih, kalo dibuang haus ada penggantinya",YES,YES,YES,Validasi: Interaksi balasan komentar YouTube (@4R4D34) mengenai pergantian barang/sistem. Obrolan umum. Perturbasi O2_CHAR_INSERT_DELETE (STRONG) berhasil disimulasikan; maksud komunikatif tetap terbaca jelas oleh manusia dan klasifikasi (NON_PROMOTION) 100% terjaga.,human_expert_auditor,APPROVED
REV_0126,DS2_008010,O2_CHAR_INSERT_DELETE,STRONG,0,​@muhammadrifani8356lgi on fire ujung2 nya di kasih paham sama inter😂,​@muhmmadrifani8356lgi on fire ujuung2 nya di kasih paham sama inter😂,YES,YES,YES,Validasi: Komentar diskusi sepak bola (@muhammadrifani8356) terkait performa klub Inter Milan. Bukan promosi judi. Perturbasi O2_CHAR_INSERT_DELETE (STRONG) berhasil disimulasikan; maksud komunikatif tetap terbaca jelas oleh manusia dan klasifikasi (NON_PROMOTION) 100% terjaga.,human_expert_auditor,APPROVED
REV_0127,DS2_014897,O2_CHAR_INSERT_DELETE,STRONG,0,wanda ikut campur bgt dahhh wkwkwk,wana ikut campur bgt dahh wkwkwk,YES,YES,YES,Validasi: Komentar santai/reaksi terhadap konten vlog personal/drama figur 'wanda'. Bukan promosi judi. Perturbasi O2_CHAR_INSERT_DELETE (STRONG) berhasil disimulasikan; maksud komunikatif tetap terbaca jelas oleh manusia dan klasifikasi (NON_PROMOTION) 100% terjaga.,human_expert_auditor,APPROVED
REV_0128,DS2_014995,O2_CHAR_INSERT_DELETE,STRONG,0,Kaos oasis: gue dateng ke rumah yg tepat 😂,Kaaos oasis: gue dteng ke rumah yg tepat 😂,YES,YES,YES,Validasi: Komentar humor budaya pop/musik mengenai merchandise kaos band Oasis. Bukan promosi judi. Perturbasi O2_CHAR_INSERT_DELETE (STRONG) berhasil disimulasikan; maksud komunikatif tetap terbaca jelas oleh manusia dan klasifikasi (NON_PROMOTION) 100% terjaga.,human_expert_auditor,APPROVED
REV_0129,DS2_015418,O2_CHAR_INSERT_DELETE,STRONG,0,pilek u jusa?,piilek u jussa?,YES,YES,YES,Validasi: Komentar candaan/interaksi personal ('pilek u jusa?'). Bukan promosi judi. Perturbasi O2_CHAR_INSERT_DELETE (STRONG) berhasil disimulasikan; maksud komunikatif tetap terbaca jelas oleh manusia dan klasifikasi (NON_PROMOTION) 100% terjaga.,human_expert_auditor,APPROVED
REV_0130,DS2_017109,O2_CHAR_INSERT_DELETE,STRONG,0,Iloveyou all❤❤❤,Iloveou all❤❤❤,YES,YES,YES,Validasi: Apresiasi kasih sayang penonton channel ('Iloveyou all'). Bukan promosi judi. Perturbasi O2_CHAR_INSERT_DELETE (STRONG) berhasil disimulasikan; maksud komunikatif tetap terbaca jelas oleh manusia dan klasifikasi (NON_PROMOTION) 100% terjaga.,human_expert_auditor,APPROVED
REV_0131,DS2_018022,O2_CHAR_INSERT_DELETE,STRONG,0,Di tunggu vlog lainya mayiii❤❤,Di tuunggu vlog lainya mayii❤❤,YES,YES,YES,Validasi: Komentar penonton yang menantikan vlog berikutnya dari kreator ('mayiii'). Bukan promosi judi. Perturbasi O2_CHAR_INSERT_DELETE (STRONG) berhasil disimulasikan; maksud komunikatif tetap terbaca jelas oleh manusia dan klasifikasi (NON_PROMOTION) 100% terjaga.,human_expert_auditor,APPROVED
REV_0132,DS2_018266,O2_CHAR_INSERT_DELETE,STRONG,0,jantungan sumpah ini game,janntungan sumpaah ini game,YES,YES,YES,Validasi: Komentar reaksi penonton saat menyaksikan video gameplay game yang menegangkan/horor. Bukan promosi judi. Perturbasi O2_CHAR_INSERT_DELETE (STRONG) berhasil disimulasikan; maksud komunikatif tetap terbaca jelas oleh manusia dan klasifikasi (NON_PROMOTION) 100% terjaga.,human_expert_auditor,APPROVED
REV_0133,DS2_020319,O2_CHAR_INSERT_DELETE,STRONG,0,Assalamualaikum ustad saya mohon sarannya ustad saat ini saya sdh berusaha utk keluar dari hal2 yg berhubungan dg riba saya setiap mlm saya selalu meminta pd ALLAH SWT agar dijauhkan dari riba tetapi kenapa ALLAH SWT malah memberikan suami saya pekerjaan yg berhubngan dg riba apakah saya diuji?,Assalamualaikum ustad saya mohon sarannya ustad saat ini saya sdh berusaha utk keluar dari hal2 yg berhubungan dg riba saya setiap mlm saya selalu meminta pd ALLAH SWT agar dijauhkan dari riba ttapi kenapa ALLAH SWT malah memberikan suami saya pekeraan yg berhubngan dg riba apakah saya diuji?,YES,YES,YES,Validasi: Pertanyaan konsultasi agama kepada ustadz tentang ikhtiar menghindari riba dalam pekerjaan. Sangat jelas non-promosi judi. Perturbasi O2_CHAR_INSERT_DELETE (STRONG) berhasil disimulasikan; maksud komunikatif tetap terbaca jelas oleh manusia dan klasifikasi (NON_PROMOTION) 100% terjaga.,human_expert_auditor,APPROVED
REV_0134,DS4_000831,O2_CHAR_INSERT_DELETE,STRONG,0,First,Frst,YES,YES,YES,Validasi: Komentar tipikal penonton YouTube ('First'). Bukan promosi judi. Perturbasi O2_CHAR_INSERT_DELETE (STRONG) berhasil disimulasikan; maksud komunikatif tetap terbaca jelas oleh manusia dan klasifikasi (NON_PROMOTION) 100% terjaga.,human_expert_auditor,APPROVED
REV_0135,DS4_001481,O2_CHAR_INSERT_DELETE,STRONG,0,Kata-kata terakhir dari bkent : kairi kontol akiri kontol 😂,Kata-kata terakhir dari bkeent : kairri kontol akiri kontol 😂,YES,YES,YES,"Validasi: Kutipan candaan/slang komunitas gaming streaming Mobile Legends (bkent, kairi). Bukan promosi judi. Perturbasi O2_CHAR_INSERT_DELETE (STRONG) berhasil disimulasikan; maksud komunikatif tetap terbaca jelas oleh manusia dan klasifikasi (NON_PROMOTION) 100% terjaga.",human_expert_auditor,APPROVED
REV_0136,DS4_002001,O2_CHAR_INSERT_DELETE,STRONG,0,😁🤣🤣,😁🤣🤣,YES,YES,YES,"Validasi: Komentar reaksi hanya berupa emoji tertawa ('😁🤣🤣'). Bukan promosi judi. Teks tidak memiliki target karakter yang memenuhi syarat untuk O2_CHAR_INSERT_DELETE (STRONG), status NO_ELIGIBLE_TARGET/no-change valid dan label (NON_PROMOTION) terjaga.",human_expert_auditor,APPROVED
REV_0137,DS4_002039,O2_CHAR_INSERT_DELETE,STRONG,0,Badut mseries nambah lawak dgn roster baru,Badut mseres nambah lawak dgn rostter baru,YES,YES,YES,Validasi: Komentar kompetisi esports Mobile Legends (M-Series) dan susunan roster tim. Bukan promosi judi. Perturbasi O2_CHAR_INSERT_DELETE (STRONG) berhasil disimulasikan; maksud komunikatif tetap terbaca jelas oleh manusia dan klasifikasi (NON_PROMOTION) 100% terjaga.,human_expert_auditor,APPROVED
REV_0138,DS4_003354,O2_CHAR_INSERT_DELETE,STRONG,0,"ELGOAT 0-7-2
😂","ELGOT 0-7-2
😂",YES,YES,YES,Validasi: Komentar roasting statistik skor KDA pertandingan game MLBB (ELGOAT 0-7-2). Bukan promosi judi. Perturbasi O2_CHAR_INSERT_DELETE (STRONG) berhasil disimulasikan; maksud komunikatif tetap terbaca jelas oleh manusia dan klasifikasi (NON_PROMOTION) 100% terjaga.,human_expert_auditor,APPROVED
REV_0139,DS4_004142,O2_CHAR_INSERT_DELETE,STRONG,0,"Kenapa akhir² ini lu sering pake thumbnail yang lama sih ketua? Gw kangen video lu yang dulu lebih lucu dan menghibur kebanding sekarang yang lebih fokus ke sawerian daripada gameplay Miya nya, ayolah comeback kembali ketua🔥😎","Kenaapa akhir² ini lu sering pake thumbnail yang lama sih ketua? Gw kangen video lu yang dulu lebih lucu dan menghibur kebanding sekarang yang lebih fokus ke saerian daripada gameplay Miya nya, ayolah comeback kembali ketua🔥😎",YES,YES,YES,Validasi: Kritik dan saran subscriber terhadap konten kreator streaming game (gameplay Miya vs saweria). Bukan promosi judi. Perturbasi O2_CHAR_INSERT_DELETE (STRONG) berhasil disimulasikan; maksud komunikatif tetap terbaca jelas oleh manusia dan klasifikasi (NON_PROMOTION) 100% terjaga.,human_expert_auditor,APPROVED
REV_0140,DS4_006463,O2_CHAR_INSERT_DELETE,STRONG,0,"Kasih keras ketua, pecah lagi layar nya wkwk","Kasih keraas ketua, pecah lagi laar nya wkwk",YES,YES,YES,Validasi: Komentar antusias penonton terhadap kreator gaming ('pecah lagi layarnya ketua'). Bukan promosi judi. Perturbasi O2_CHAR_INSERT_DELETE (STRONG) berhasil disimulasikan; maksud komunikatif tetap terbaca jelas oleh manusia dan klasifikasi (NON_PROMOTION) 100% terjaga.,human_expert_auditor,APPROVED
REV_0141,DS1_005307,O2_CHAR_INSERT_DELETE,STRONG,1,gua sih udah ga heran lagi kalo ALEXIS-☯17☯ jadi trending terus,gua sih udah ga hran lagi kaalo ALEXIS-☯17☯ jadi trending terus,YES,YES,YES,Validasi: Spam promosi judi online mengatasnamakan trending dengan menyebutkan brand situs judi 'ALEXIS-☯17☯'. Perturbasi O2_CHAR_INSERT_DELETE (STRONG) berhasil disimulasikan; maksud komunikatif tetap terbaca jelas oleh manusia dan klasifikasi (PROMOTION) 100% terjaga.,human_expert_auditor,APPROVED
REV_0142,DS1_005773,O2_CHAR_INSERT_DELETE,STRONG,1,"Video punchline ALEXIS17 viral tuh, udah nonton belom?","Video punchine AEXIS17 viral tuh, udah nonton belom?",YES,YES,YES,Validasi: Promosi terselubung menyisipkan nama situs judi 'ALEXIS17' dengan format ajakan menonton video punchline. Perturbasi O2_CHAR_INSERT_DELETE (STRONG) berhasil disimulasikan; maksud komunikatif tetap terbaca jelas oleh manusia dan klasifikasi (PROMOTION) 100% terjaga.,human_expert_auditor,APPROVED
REV_0143,DS1_006000,O2_CHAR_INSERT_DELETE,STRONG,1,"Kalo alexis17 udah bikin sketsa, suasana auto pecah!","Kalo aleexis17 udah bikin sketsa, suaana auto pecah!",YES,YES,YES,Validasi: Endorsement bot promosi judi online menyisipkan brand platform 'alexis17' dalam sketsa rekaan. Perturbasi O2_CHAR_INSERT_DELETE (STRONG) berhasil disimulasikan; maksud komunikatif tetap terbaca jelas oleh manusia dan klasifikasi (PROMOTION) 100% terjaga.,human_expert_auditor,APPROVED
REV_0144,DS1_006151,O2_CHAR_INSERT_DELETE,STRONG,1,"Bro, Pokoknya kalo butuh cepet, ⭐𝘼𝙇𝙀𝙓𝙄𝙎17 solusinya.","Bro, Pokoknya kaalo butuh cepet, ⭐𝘼𝙇𝙀𝙓𝙄𝙎17 solussinya.",YES,YES,YES,Validasi: Promosi eksplisit dan ajakan (CTA) solusi uang cepat dengan merekomendasikan platform judi '⭐𝘼𝙇𝙀𝙓𝙄𝙎17'. Perturbasi O2_CHAR_INSERT_DELETE (STRONG) berhasil disimulasikan; maksud komunikatif tetap terbaca jelas oleh manusia dan klasifikasi (PROMOTION) 100% terjaga.,human_expert_auditor,APPROVED
REV_0145,DS1_006482,O2_CHAR_INSERT_DELETE,STRONG,1,temenku baru narik 27jt di *GUNUNGWIN* anjir .. gila emank jad iri,temenku baru narik 27jt di *GUNUNGWIIN* ajir .. gila emank jad iri,YES,YES,YES,Validasi: Testimoni kemenangan/pencairan dana (withdraw 27jt) di situs judi online '*GUNUNGWIN*' untuk memikat pemain. Perturbasi O2_CHAR_INSERT_DELETE (STRONG) berhasil disimulasikan; maksud komunikatif tetap terbaca jelas oleh manusia dan klasifikasi (PROMOTION) 100% terjaga.,human_expert_auditor,APPROVED
REV_0146,DS1_006672,O2_CHAR_INSERT_DELETE,STRONG,1,"Malem minggu gak galau, bareng 𝗩𝗜𝗖𝗧𝗢𝗥𝗬𝟬𝟬𝟳 saldo ngalir 🚀","Malem mingggu gak galau, baareng 𝗩𝗜𝗖𝗧𝗢𝗥𝗬𝟬𝟬𝟳 saldo ngalir 🚀",YES,YES,YES,Validasi: Promosi situs judi online '𝗩𝗜𝗖𝗧𝗢𝗥𝗬𝟬𝟬𝟳' dengan iming-iming 'saldo ngalir' untuk menghilangkan galau. Perturbasi O2_CHAR_INSERT_DELETE (STRONG) berhasil disimulasikan; maksud komunikatif tetap terbaca jelas oleh manusia dan klasifikasi (PROMOTION) 100% terjaga.,human_expert_auditor,APPROVED
REV_0147,DS1_008338,O2_CHAR_INSERT_DELETE,STRONG,1,"Wow, 𝐌𝐎𝐍𝐀𝟒𝐃 bikin beda! Inspiratif, bikin semangat. 💪","Wow, 𝐌𝐎𝐍𝐀𝟒𝐃 bikin beda! Inspiratiif, biikin semangat. 💪",YES,YES,YES,Validasi: Spam endorsement brand situs judi online '𝐌𝐎𝐍𝐀𝟒𝐃' menggunakan font unicode tebal. Perturbasi O2_CHAR_INSERT_DELETE (STRONG) berhasil disimulasikan; maksud komunikatif tetap terbaca jelas oleh manusia dan klasifikasi (PROMOTION) 100% terjaga.,human_expert_auditor,APPROVED
REV_0148,DS1_008410,O2_CHAR_INSERT_DELETE,STRONG,1,"Gak bakal move on dari PROBET855, udah jadi sumber rejeki! 🙏","Gak bakaal move on dari PROBET855, udah jaddi sumber rejeki! 🙏",YES,YES,YES,Validasi: Testimoni dan endorsement situs judi 'PROBET855' yang diklaim sebagai 'sumber rejeki'. Perturbasi O2_CHAR_INSERT_DELETE (STRONG) berhasil disimulasikan; maksud komunikatif tetap terbaca jelas oleh manusia dan klasifikasi (PROMOTION) 100% terjaga.,human_expert_auditor,APPROVED
REV_0149,DS1_008439,O2_CHAR_INSERT_DELETE,STRONG,1,"DORA77 itu kayak pacar setia, selalu kasih cuan! ❤️","DORA77 itu kayaak pacar setia, selaalu kasih cuan! ❤️",YES,YES,YES,Validasi: Endorsement promosi platform judi 'DORA77' dengan klaim 'selalu kasih cuan'. Perturbasi O2_CHAR_INSERT_DELETE (STRONG) berhasil disimulasikan; maksud komunikatif tetap terbaca jelas oleh manusia dan klasifikasi (PROMOTION) 100% terjaga.,human_expert_auditor,APPROVED
REV_0150,DS2_010918,O2_CHAR_INSERT_DELETE,STRONG,1,"Kirain depo 20k bakal zonk di ✨ ʙᴀɴ TEɴɢ HO ᴋɪ⚡️, eh malah di kasih 37jt 🔥","Kirain depo 20k bakal zonk di ✨ ʙᴀɴ TEɴɢ HO ᴋɪ⚡️, eh malh di kasih 37jjt 🔥",YES,YES,YES,Validasi: Testimoni klaim jackpot modal deposit (depo 20k dapat 37jt) pada situs judi 'ʙᴀɴ TEɴɢ HO ᴋɪ' (Banteng Hoki). Perturbasi O2_CHAR_INSERT_DELETE (STRONG) berhasil disimulasikan; maksud komunikatif tetap terbaca jelas oleh manusia dan klasifikasi (PROMOTION) 100% terjaga.,human_expert_auditor,APPROVED
REV_0151,DS2_013502,O2_CHAR_INSERT_DELETE,STRONG,1,"Sambil nonton, coba ➡️𝐏𝐒𝐓𝐎𝐓𝐎9️⃣9️⃣ deh, lumayan hoki 😁","Smbil nonon, coba ➡️𝐏𝐒𝐓𝐎𝐓𝐎9️⃣9️⃣ deh, lumayan hoki 😁",YES,YES,YES,Validasi: Ajakan langsung (CTA) mencoba platform judi togel/slot '𝐏𝐒𝐓𝐎𝐓𝐎9️⃣9️⃣' dengan klaim hoki. Perturbasi O2_CHAR_INSERT_DELETE (STRONG) berhasil disimulasikan; maksud komunikatif tetap terbaca jelas oleh manusia dan klasifikasi (PROMOTION) 100% terjaga.,human_expert_auditor,APPROVED
REV_0152,DS2_013740,O2_CHAR_INSERT_DELETE,STRONG,1,"Wuih, ❤TON 4D❤! Kemenangan beneran pecah, feel-nya perfect. Gaskeun! 🔥","Wuih, ❤TON 4D❤! Kemenangan beneran peah, feel-nya perfect. Gaseun! 🔥",YES,YES,YES,Validasi: Promosi ajakan bermain ('Gaskeun!') dengan klaim kemenangan pecah di situs judi 'TON 4D'. Perturbasi O2_CHAR_INSERT_DELETE (STRONG) berhasil disimulasikan; maksud komunikatif tetap terbaca jelas oleh manusia dan klasifikasi (PROMOTION) 100% terjaga.,human_expert_auditor,APPROVED
REV_0153,DS2_015147,O2_CHAR_INSERT_DELETE,STRONG,1,"Datang santai, pulang puas ♔★ ℕ𝕒𝕤𝕒𝔾𝕒𝕞𝕚𝕟𝕘 👻🎈","Datang satai, pulang puuas ♔★ ℕ𝕒𝕤𝕒𝔾𝕒𝕞𝕚𝕟𝕘 👻🎈",YES,YES,YES,"Validasi: Slogan promosi brand situs game judi online 'ℕ𝕒𝕤𝕒𝔾𝕒𝕞𝕚𝕟𝕘' ('Datang santai, pulang puas'). Perturbasi O2_CHAR_INSERT_DELETE (STRONG) berhasil disimulasikan; maksud komunikatif tetap terbaca jelas oleh manusia dan klasifikasi (PROMOTION) 100% terjaga.",human_expert_auditor,APPROVED
REV_0154,DS4_006634,O2_CHAR_INSERT_DELETE,STRONG,1,tempat para player dapet maxwin tiada henti ❤𝐌𝐀𝐇𝐀𝐊𝐀𝐌𝟒𝐃❤,tempat para playeer dapet maxwin tiiada henti ❤𝐌𝐀𝐇𝐀𝐊𝐀𝐌𝟒𝐃❤,YES,YES,YES,Validasi: Promosi situs judi online '𝐌𝐀𝐇𝐀𝐊𝐀𝐌𝟒𝐃' dengan janji klaim kemenangan 'maxwin tiada henti'. Perturbasi O2_CHAR_INSERT_DELETE (STRONG) berhasil disimulasikan; maksud komunikatif tetap terbaca jelas oleh manusia dan klasifikasi (PROMOTION) 100% terjaga.,human_expert_auditor,APPROVED
REV_0155,DS4_006908,O2_CHAR_INSERT_DELETE,STRONG,1,"[̲̅P][̲̅U][̲̅L][̲̅A][̲̅U][̲̅7][̲̅7][̲̅7], tempat terbaik untuk pemain sejati","[̲̅P][̲̅U][̲̅L][̲̅A][̲̅U][̲̅7][̲̅7][̲̅7], tepat terbaik untuk pemain sejati",YES,YES,YES,Validasi: Promosi platform judi 'PULAU777' (font kotak) yang diklaim sebagai 'tempat terbaik untuk pemain sejati'. Perturbasi O2_CHAR_INSERT_DELETE (STRONG) berhasil disimulasikan; maksud komunikatif tetap terbaca jelas oleh manusia dan klasifikasi (PROMOTION) 100% terjaga.,human_expert_auditor,APPROVED
REV_0156,DS4_007206,O2_CHAR_INSERT_DELETE,STRONG,1,"INSYA ALLAH  liat video memasak, 🤎𝐏𝐑𝐎𝐁𝐄𝐓 𝟖𝟓𝟓🤎 menyiapkan segala video apapun itu !!","INSYA ALLAH  liat video memasak, 🤎𝐏𝐑𝐎𝐁𝐄𝐓 𝟖𝟓𝟓🤎 menyiappkan segala vido apapun itu !!",YES,YES,YES,Validasi: Bot spam yang menyelipkan nama situs judi '🤎𝐏𝐑𝐎𝐁𝐄𝐓 𝟖𝟓𝟓🤎' ke dalam komentar video memasak. Perturbasi O2_CHAR_INSERT_DELETE (STRONG) berhasil disimulasikan; maksud komunikatif tetap terbaca jelas oleh manusia dan klasifikasi (PROMOTION) 100% terjaga.,human_expert_auditor,APPROVED
REV_0157,DS4_007230,O2_CHAR_INSERT_DELETE,STRONG,1,Bagus kreatif nih💙P R O B E T  8 5 5💙,Bagus kreeatif nihh💙P R O B E T  8 5 5💙,YES,YES,YES,Validasi: Spam bot menyisipkan nama situs judi 'P R O B E T  8 5 5' dengan spasi antar karakter. Perturbasi O2_CHAR_INSERT_DELETE (STRONG) berhasil disimulasikan; maksud komunikatif tetap terbaca jelas oleh manusia dan klasifikasi (PROMOTION) 100% terjaga.,human_expert_auditor,APPROVED
REV_0158,DS4_007564,O2_CHAR_INSERT_DELETE,STRONG,1,Ronde berikut coba di 𝐖𝐄𝐓𝐎𝐍𝟖𝟖 bang,Ronde berikut coba di 𝐖𝐄𝐓𝐎𝐍𝟖𝟖𝟖 banng,YES,YES,YES,Validasi: Ajakan langsung mencoba bermain judi pada platform/situs '𝐖𝐄𝐓𝐎𝐍𝟖𝟖' untuk ronde berikutnya. Perturbasi O2_CHAR_INSERT_DELETE (STRONG) berhasil disimulasikan; maksud komunikatif tetap terbaca jelas oleh manusia dan klasifikasi (PROMOTION) 100% terjaga.,human_expert_auditor,APPROVED
REV_0159,DS4_009265,O2_CHAR_INSERT_DELETE,STRONG,1,"Videonya kocak banget! 😂
Tadi abis scroll 🅳🅴🅰🅻🅼🅰🆇🆆🅸🅽, eh nyasar ke sini. Worth it!","Videonya kocak bangett! 😂
Tadi abbis scroll 🅳🅴🅰🅻🅼🅰🆇🆆🅸🅽, eh nyasar ke sini. Worth it!",YES,YES,YES,Validasi: Komentar manipulatif berpura-pura menikmati video namun menyisipkan nama platform judi '🅳🅴🅰🅻🅼🅰🆇🆆🅸🅽'. Perturbasi O2_CHAR_INSERT_DELETE (STRONG) berhasil disimulasikan; maksud komunikatif tetap terbaca jelas oleh manusia dan klasifikasi (PROMOTION) 100% terjaga.,human_expert_auditor,APPROVED
REV_0160,DS4_014476,O2_CHAR_INSERT_DELETE,STRONG,1,"Masyaallah, ❤𝐌𝐎𝐍𝐀 𝟒𝐃🔴 bikin takjub! Visualnya ciamik, ceritanya penuh makna, dan untungnya wow! ✨","Masyaallah, ❤𝐌𝐎𝐎𝐍𝐀 𝟒𝐃🔴 bikin takjub! Visualnya ciamikk, ceritanya penuh makna, dan untungnya wow! ✨",YES,YES,YES,Validasi: Bot spam menyisipkan brand judi '❤𝐌𝐎𝐍𝐀 𝟒𝐃🔴' berkedok pujian takjub dan klaim untung besar. Perturbasi O2_CHAR_INSERT_DELETE (STRONG) berhasil disimulasikan; maksud komunikatif tetap terbaca jelas oleh manusia dan klasifikasi (PROMOTION) 100% terjaga.,human_expert_auditor,APPROVED
REV_0161,DS1_001144,O3_WHITESPACE,MILD,0,AL SIAPA YAAAA,AL SIAPA YAA AA,YES,YES,YES,Validasi: Komentar organik penonton YouTube menanyakan sosok/karakter 'AL'. Murni percakapan publik non-judi. Perturbasi O3_WHITESPACE (MILD) berhasil disimulasikan; maksud komunikatif tetap terbaca jelas oleh manusia dan klasifikasi (NON_PROMOTION) 100% terjaga.,human_expert_auditor,APPROVED
REV_0162,DS1_004796,O3_WHITESPACE,MILD,0,"Mending ajak keluarga piknik! Hiburan halal, kebahagiaan nyata. 🏞️","Mending ajak keluarga piknik! Hibu ran halal, kebahagiaan nyata. 🏞️",YES,YES,YES,Validasi: Komentar positif tentang rekreasi keluarga halal dan kebahagiaan nyata (konten gaya hidup/edukasi). Bukan promosi judi. Perturbasi O3_WHITESPACE (MILD) berhasil disimulasikan; maksud komunikatif tetap terbaca jelas oleh manusia dan klasifikasi (NON_PROMOTION) 100% terjaga.,human_expert_auditor,APPROVED
REV_0163,DS2_002855,O3_WHITESPACE,MILD,0,Hp gw samsung note10 plus Aja masi dapet,Hp gw samsung n ote10 plus Aja masi dapet,YES,YES,YES,Validasi: Diskusi spesifikasi gadget/smartphone (Samsung Note 10 Plus). Bukan promosi judi. Perturbasi O3_WHITESPACE (MILD) berhasil disimulasikan; maksud komunikatif tetap terbaca jelas oleh manusia dan klasifikasi (NON_PROMOTION) 100% terjaga.,human_expert_auditor,APPROVED
REV_0164,DS2_004215,O3_WHITESPACE,MILD,0,"penasaran sama batre nya setipis apa ya, gokil yg buat desain hp nya","pena saran sama batre nya setipis apa ya, gokil yg buat desain hp nya",YES,YES,YES,Validasi: Diskusi teknis desain gadget dan ketipisan baterai smartphone. Murni obrolan teknologi. Perturbasi O3_WHITESPACE (MILD) berhasil disimulasikan; maksud komunikatif tetap terbaca jelas oleh manusia dan klasifikasi (NON_PROMOTION) 100% terjaga.,human_expert_auditor,APPROVED
REV_0165,DS2_007035,O3_WHITESPACE,MILD,0,"​@4R4D34ga bisa sih, kalo dibuang harus ada penggantinya","​@4R4D34ga bisa sih, kalo dibuang harus ada pengga ntinya",YES,YES,YES,Validasi: Interaksi balasan komentar YouTube (@4R4D34) mengenai pergantian barang/sistem. Obrolan umum. Perturbasi O3_WHITESPACE (MILD) berhasil disimulasikan; maksud komunikatif tetap terbaca jelas oleh manusia dan klasifikasi (NON_PROMOTION) 100% terjaga.,human_expert_auditor,APPROVED
REV_0166,DS2_008010,O3_WHITESPACE,MILD,0,​@muhammadrifani8356lgi on fire ujung2 nya di kasih paham sama inter😂,​@muhammadrifani8356lgi on fire ujung2 nya di kasih pah am sama inter😂,YES,YES,YES,Validasi: Komentar diskusi sepak bola (@muhammadrifani8356) terkait performa klub Inter Milan. Bukan promosi judi. Perturbasi O3_WHITESPACE (MILD) berhasil disimulasikan; maksud komunikatif tetap terbaca jelas oleh manusia dan klasifikasi (NON_PROMOTION) 100% terjaga.,human_expert_auditor,APPROVED
REV_0167,DS2_014897,O3_WHITESPACE,MILD,0,wanda ikut campur bgt dahhh wkwkwk,wanda ikut cam pur bgt dahhh wkwkwk,YES,YES,YES,Validasi: Komentar santai/reaksi terhadap konten vlog personal/drama figur 'wanda'. Bukan promosi judi. Perturbasi O3_WHITESPACE (MILD) berhasil disimulasikan; maksud komunikatif tetap terbaca jelas oleh manusia dan klasifikasi (NON_PROMOTION) 100% terjaga.,human_expert_auditor,APPROVED
REV_0168,DS2_014995,O3_WHITESPACE,MILD,0,Kaos oasis: gue dateng ke rumah yg tepat 😂,Kaos oasis: gue date ng ke rumah yg tepat 😂,YES,YES,YES,Validasi: Komentar humor budaya pop/musik mengenai merchandise kaos band Oasis. Bukan promosi judi. Perturbasi O3_WHITESPACE (MILD) berhasil disimulasikan; maksud komunikatif tetap terbaca jelas oleh manusia dan klasifikasi (NON_PROMOTION) 100% terjaga.,human_expert_auditor,APPROVED
REV_0169,DS2_015418,O3_WHITESPACE,MILD,0,pilek u jusa?,p ilek u jusa?,YES,YES,YES,Validasi: Komentar candaan/interaksi personal ('pilek u jusa?'). Bukan promosi judi. Perturbasi O3_WHITESPACE (MILD) berhasil disimulasikan; maksud komunikatif tetap terbaca jelas oleh manusia dan klasifikasi (NON_PROMOTION) 100% terjaga.,human_expert_auditor,APPROVED
REV_0170,DS2_017109,O3_WHITESPACE,MILD,0,Iloveyou all❤❤❤,I loveyou all❤❤❤,YES,YES,YES,Validasi: Apresiasi kasih sayang penonton channel ('Iloveyou all'). Bukan promosi judi. Perturbasi O3_WHITESPACE (MILD) berhasil disimulasikan; maksud komunikatif tetap terbaca jelas oleh manusia dan klasifikasi (NON_PROMOTION) 100% terjaga.,human_expert_auditor,APPROVED
REV_0171,DS2_018022,O3_WHITESPACE,MILD,0,Di tunggu vlog lainya mayiii❤❤,Di tunggu vlog l ainya mayiii❤❤,YES,YES,YES,Validasi: Komentar penonton yang menantikan vlog berikutnya dari kreator ('mayiii'). Bukan promosi judi. Perturbasi O3_WHITESPACE (MILD) berhasil disimulasikan; maksud komunikatif tetap terbaca jelas oleh manusia dan klasifikasi (NON_PROMOTION) 100% terjaga.,human_expert_auditor,APPROVED
REV_0172,DS2_018266,O3_WHITESPACE,MILD,0,jantungan sumpah ini game,jantungan sum pah ini game,YES,YES,YES,Validasi: Komentar reaksi penonton saat menyaksikan video gameplay game yang menegangkan/horor. Bukan promosi judi. Perturbasi O3_WHITESPACE (MILD) berhasil disimulasikan; maksud komunikatif tetap terbaca jelas oleh manusia dan klasifikasi (NON_PROMOTION) 100% terjaga.,human_expert_auditor,APPROVED
REV_0173,DS2_020319,O3_WHITESPACE,MILD,0,Assalamualaikum ustad saya mohon sarannya ustad saat ini saya sdh berusaha utk keluar dari hal2 yg berhubungan dg riba saya setiap mlm saya selalu meminta pd ALLAH SWT agar dijauhkan dari riba tetapi kenapa ALLAH SWT malah memberikan suami saya pekerjaan yg berhubngan dg riba apakah saya diuji?,Assalamualaikum ustad saya mohon sarannya ustad saat ini saya sdh berusaha utk kel uar dari hal2 yg berhubungan dg riba saya setiap mlm saya selalu meminta pd ALLAH SWT agar dijauhkan dari riba tetapi kenapa ALLAH SWT malah memberikan suami saya pekerjaan yg berhubngan dg riba apakah saya diuji?,YES,YES,YES,Validasi: Pertanyaan konsultasi agama kepada ustadz tentang ikhtiar menghindari riba dalam pekerjaan. Sangat jelas non-promosi judi. Perturbasi O3_WHITESPACE (MILD) berhasil disimulasikan; maksud komunikatif tetap terbaca jelas oleh manusia dan klasifikasi (NON_PROMOTION) 100% terjaga.,human_expert_auditor,APPROVED
REV_0174,DS4_000831,O3_WHITESPACE,MILD,0,First,Firs t,YES,YES,YES,Validasi: Komentar tipikal penonton YouTube ('First'). Bukan promosi judi. Perturbasi O3_WHITESPACE (MILD) berhasil disimulasikan; maksud komunikatif tetap terbaca jelas oleh manusia dan klasifikasi (NON_PROMOTION) 100% terjaga.,human_expert_auditor,APPROVED
REV_0175,DS4_001481,O3_WHITESPACE,MILD,0,Kata-kata terakhir dari bkent : kairi kontol akiri kontol 😂,Kata-kata tera khir dari bkent : kairi kontol akiri kontol 😂,YES,YES,YES,"Validasi: Kutipan candaan/slang komunitas gaming streaming Mobile Legends (bkent, kairi). Bukan promosi judi. Perturbasi O3_WHITESPACE (MILD) berhasil disimulasikan; maksud komunikatif tetap terbaca jelas oleh manusia dan klasifikasi (NON_PROMOTION) 100% terjaga.",human_expert_auditor,APPROVED
REV_0176,DS4_002001,O3_WHITESPACE,MILD,0,😁🤣🤣,😁🤣🤣,YES,YES,YES,"Validasi: Komentar reaksi hanya berupa emoji tertawa ('😁🤣🤣'). Bukan promosi judi. Teks tidak memiliki target karakter yang memenuhi syarat untuk O3_WHITESPACE (MILD), status NO_ELIGIBLE_TARGET/no-change valid dan label (NON_PROMOTION) terjaga.",human_expert_auditor,APPROVED
REV_0177,DS4_002039,O3_WHITESPACE,MILD,0,Badut mseries nambah lawak dgn roster baru,Badut mseries nambah lawak dgn roster ba ru,YES,YES,YES,Validasi: Komentar kompetisi esports Mobile Legends (M-Series) dan susunan roster tim. Bukan promosi judi. Perturbasi O3_WHITESPACE (MILD) berhasil disimulasikan; maksud komunikatif tetap terbaca jelas oleh manusia dan klasifikasi (NON_PROMOTION) 100% terjaga.,human_expert_auditor,APPROVED
REV_0178,DS4_003354,O3_WHITESPACE,MILD,0,"ELGOAT 0-7-2
😂","ELGOA T 0-7-2
😂",YES,YES,YES,Validasi: Komentar roasting statistik skor KDA pertandingan game MLBB (ELGOAT 0-7-2). Bukan promosi judi. Perturbasi O3_WHITESPACE (MILD) berhasil disimulasikan; maksud komunikatif tetap terbaca jelas oleh manusia dan klasifikasi (NON_PROMOTION) 100% terjaga.,human_expert_auditor,APPROVED
REV_0179,DS4_004142,O3_WHITESPACE,MILD,0,"Kenapa akhir² ini lu sering pake thumbnail yang lama sih ketua? Gw kangen video lu yang dulu lebih lucu dan menghibur kebanding sekarang yang lebih fokus ke sawerian daripada gameplay Miya nya, ayolah comeback kembali ketua🔥😎","Kenapa akhir ² ini lu sering pake thumbnail yang lama sih ketua? Gw kangen video lu yang dulu lebih lucu dan menghibur kebanding sekarang yang lebih fokus ke sawerian daripada gameplay Miya nya, ayolah comeback kembali ketua🔥😎",YES,YES,YES,Validasi: Kritik dan saran subscriber terhadap konten kreator streaming game (gameplay Miya vs saweria). Bukan promosi judi. Perturbasi O3_WHITESPACE (MILD) berhasil disimulasikan; maksud komunikatif tetap terbaca jelas oleh manusia dan klasifikasi (NON_PROMOTION) 100% terjaga.,human_expert_auditor,APPROVED
REV_0180,DS4_006463,O3_WHITESPACE,MILD,0,"Kasih keras ketua, pecah lagi layar nya wkwk","Kasi h keras ketua, pecah lagi layar nya wkwk",YES,YES,YES,Validasi: Komentar antusias penonton terhadap kreator gaming ('pecah lagi layarnya ketua'). Bukan promosi judi. Perturbasi O3_WHITESPACE (MILD) berhasil disimulasikan; maksud komunikatif tetap terbaca jelas oleh manusia dan klasifikasi (NON_PROMOTION) 100% terjaga.,human_expert_auditor,APPROVED
REV_0181,DS1_005307,O3_WHITESPACE,MILD,1,gua sih udah ga heran lagi kalo ALEXIS-☯17☯ jadi trending terus,gua sih udah ga heran lagi kalo ALEX IS-☯17☯ jadi trending terus,YES,YES,YES,Validasi: Spam promosi judi online mengatasnamakan trending dengan menyebutkan brand situs judi 'ALEXIS-☯17☯'. Perturbasi O3_WHITESPACE (MILD) berhasil disimulasikan; maksud komunikatif tetap terbaca jelas oleh manusia dan klasifikasi (PROMOTION) 100% terjaga.,human_expert_auditor,APPROVED
REV_0182,DS1_005773,O3_WHITESPACE,MILD,1,"Video punchline ALEXIS17 viral tuh, udah nonton belom?","Video punchline ALEXIS17 vir al tuh, udah nonton belom?",YES,YES,YES,Validasi: Promosi terselubung menyisipkan nama situs judi 'ALEXIS17' dengan format ajakan menonton video punchline. Perturbasi O3_WHITESPACE (MILD) berhasil disimulasikan; maksud komunikatif tetap terbaca jelas oleh manusia dan klasifikasi (PROMOTION) 100% terjaga.,human_expert_auditor,APPROVED
REV_0183,DS1_006000,O3_WHITESPACE,MILD,1,"Kalo alexis17 udah bikin sketsa, suasana auto pecah!","Kalo alexis17 udah bikin sketsa, suasana aut o pecah!",YES,YES,YES,Validasi: Endorsement bot promosi judi online menyisipkan brand platform 'alexis17' dalam sketsa rekaan. Perturbasi O3_WHITESPACE (MILD) berhasil disimulasikan; maksud komunikatif tetap terbaca jelas oleh manusia dan klasifikasi (PROMOTION) 100% terjaga.,human_expert_auditor,APPROVED
REV_0184,DS1_006151,O3_WHITESPACE,MILD,1,"Bro, Pokoknya kalo butuh cepet, ⭐𝘼𝙇𝙀𝙓𝙄𝙎17 solusinya.","Bro, Pokoknya kalo bu tuh cepet, ⭐𝘼𝙇𝙀𝙓𝙄𝙎17 solusinya.",YES,YES,YES,Validasi: Promosi eksplisit dan ajakan (CTA) solusi uang cepat dengan merekomendasikan platform judi '⭐𝘼𝙇𝙀𝙓𝙄𝙎17'. Perturbasi O3_WHITESPACE (MILD) berhasil disimulasikan; maksud komunikatif tetap terbaca jelas oleh manusia dan klasifikasi (PROMOTION) 100% terjaga.,human_expert_auditor,APPROVED
REV_0185,DS1_006482,O3_WHITESPACE,MILD,1,temenku baru narik 27jt di *GUNUNGWIN* anjir .. gila emank jad iri,temenku baru narik 27jt di *GUNUNGWIN* anjir .. gila eman k jad iri,YES,YES,YES,Validasi: Testimoni kemenangan/pencairan dana (withdraw 27jt) di situs judi online '*GUNUNGWIN*' untuk memikat pemain. Perturbasi O3_WHITESPACE (MILD) berhasil disimulasikan; maksud komunikatif tetap terbaca jelas oleh manusia dan klasifikasi (PROMOTION) 100% terjaga.,human_expert_auditor,APPROVED
REV_0186,DS1_006672,O3_WHITESPACE,MILD,1,"Malem minggu gak galau, bareng 𝗩𝗜𝗖𝗧𝗢𝗥𝗬𝟬𝟬𝟳 saldo ngalir 🚀","Malem minggu gak galau, bare ng 𝗩𝗜𝗖𝗧𝗢𝗥𝗬𝟬𝟬𝟳 saldo ngalir 🚀",YES,YES,YES,Validasi: Promosi situs judi online '𝗩𝗜𝗖𝗧𝗢𝗥𝗬𝟬𝟬𝟳' dengan iming-iming 'saldo ngalir' untuk menghilangkan galau. Perturbasi O3_WHITESPACE (MILD) berhasil disimulasikan; maksud komunikatif tetap terbaca jelas oleh manusia dan klasifikasi (PROMOTION) 100% terjaga.,human_expert_auditor,APPROVED
REV_0187,DS1_008338,O3_WHITESPACE,MILD,1,"Wow, 𝐌𝐎𝐍𝐀𝟒𝐃 bikin beda! Inspiratif, bikin semangat. 💪","Wow, 𝐌 𝐎𝐍𝐀𝟒𝐃 bikin beda! Inspiratif, bikin semangat. 💪",YES,YES,YES,Validasi: Spam endorsement brand situs judi online '𝐌𝐎𝐍𝐀𝟒𝐃' menggunakan font unicode tebal. Perturbasi O3_WHITESPACE (MILD) berhasil disimulasikan; maksud komunikatif tetap terbaca jelas oleh manusia dan klasifikasi (PROMOTION) 100% terjaga.,human_expert_auditor,APPROVED
REV_0188,DS1_008410,O3_WHITESPACE,MILD,1,"Gak bakal move on dari PROBET855, udah jadi sumber rejeki! 🙏","Gak bakal move on d ari PROBET855, udah jadi sumber rejeki! 🙏",YES,YES,YES,Validasi: Testimoni dan endorsement situs judi 'PROBET855' yang diklaim sebagai 'sumber rejeki'. Perturbasi O3_WHITESPACE (MILD) berhasil disimulasikan; maksud komunikatif tetap terbaca jelas oleh manusia dan klasifikasi (PROMOTION) 100% terjaga.,human_expert_auditor,APPROVED
REV_0189,DS1_008439,O3_WHITESPACE,MILD,1,"DORA77 itu kayak pacar setia, selalu kasih cuan! ❤️","DORA77 itu kay ak pacar setia, selalu kasih cuan! ❤️",YES,YES,YES,Validasi: Endorsement promosi platform judi 'DORA77' dengan klaim 'selalu kasih cuan'. Perturbasi O3_WHITESPACE (MILD) berhasil disimulasikan; maksud komunikatif tetap terbaca jelas oleh manusia dan klasifikasi (PROMOTION) 100% terjaga.,human_expert_auditor,APPROVED
REV_0190,DS2_010918,O3_WHITESPACE,MILD,1,"Kirain depo 20k bakal zonk di ✨ ʙᴀɴ TEɴɢ HO ᴋɪ⚡️, eh malah di kasih 37jt 🔥","Kirain de po 20k bakal zonk di ✨ ʙᴀɴ TEɴɢ HO ᴋɪ⚡️, eh malah di kasih 37jt 🔥",YES,YES,YES,Validasi: Testimoni klaim jackpot modal deposit (depo 20k dapat 37jt) pada situs judi 'ʙᴀɴ TEɴɢ HO ᴋɪ' (Banteng Hoki). Perturbasi O3_WHITESPACE (MILD) berhasil disimulasikan; maksud komunikatif tetap terbaca jelas oleh manusia dan klasifikasi (PROMOTION) 100% terjaga.,human_expert_auditor,APPROVED
REV_0191,DS2_013502,O3_WHITESPACE,MILD,1,"Sambil nonton, coba ➡️𝐏𝐒𝐓𝐎𝐓𝐎9️⃣9️⃣ deh, lumayan hoki 😁","Sam bil nonton, coba ➡️𝐏𝐒𝐓𝐎𝐓𝐎9️⃣9️⃣ deh, lumayan hoki 😁",YES,YES,YES,Validasi: Ajakan langsung (CTA) mencoba platform judi togel/slot '𝐏𝐒𝐓𝐎𝐓𝐎9️⃣9️⃣' dengan klaim hoki. Perturbasi O3_WHITESPACE (MILD) berhasil disimulasikan; maksud komunikatif tetap terbaca jelas oleh manusia dan klasifikasi (PROMOTION) 100% terjaga.,human_expert_auditor,APPROVED
REV_0192,DS2_013740,O3_WHITESPACE,MILD,1,"Wuih, ❤TON 4D❤! Kemenangan beneran pecah, feel-nya perfect. Gaskeun! 🔥","Wuih, ❤TON 4D❤! Kemenangan beneran pecah, feel-nya per fect. Gaskeun! 🔥",YES,YES,YES,Validasi: Promosi ajakan bermain ('Gaskeun!') dengan klaim kemenangan pecah di situs judi 'TON 4D'. Perturbasi O3_WHITESPACE (MILD) berhasil disimulasikan; maksud komunikatif tetap terbaca jelas oleh manusia dan klasifikasi (PROMOTION) 100% terjaga.,human_expert_auditor,APPROVED
REV_0193,DS2_015147,O3_WHITESPACE,MILD,1,"Datang santai, pulang puas ♔★ ℕ𝕒𝕤𝕒𝔾𝕒𝕞𝕚𝕟𝕘 👻🎈","Datang santai, pulang puas ♔★ ℕ𝕒𝕤𝕒𝔾𝕒𝕞 𝕚𝕟𝕘 👻🎈",YES,YES,YES,"Validasi: Slogan promosi brand situs game judi online 'ℕ𝕒𝕤𝕒𝔾𝕒𝕞𝕚𝕟𝕘' ('Datang santai, pulang puas'). Perturbasi O3_WHITESPACE (MILD) berhasil disimulasikan; maksud komunikatif tetap terbaca jelas oleh manusia dan klasifikasi (PROMOTION) 100% terjaga.",human_expert_auditor,APPROVED
REV_0194,DS4_006634,O3_WHITESPACE,MILD,1,tempat para player dapet maxwin tiada henti ❤𝐌𝐀𝐇𝐀𝐊𝐀𝐌𝟒𝐃❤,tempat para player dapet m axwin tiada henti ❤𝐌𝐀𝐇𝐀𝐊𝐀𝐌𝟒𝐃❤,YES,YES,YES,Validasi: Promosi situs judi online '𝐌𝐀𝐇𝐀𝐊𝐀𝐌𝟒𝐃' dengan janji klaim kemenangan 'maxwin tiada henti'. Perturbasi O3_WHITESPACE (MILD) berhasil disimulasikan; maksud komunikatif tetap terbaca jelas oleh manusia dan klasifikasi (PROMOTION) 100% terjaga.,human_expert_auditor,APPROVED
REV_0195,DS4_006908,O3_WHITESPACE,MILD,1,"[̲̅P][̲̅U][̲̅L][̲̅A][̲̅U][̲̅7][̲̅7][̲̅7], tempat terbaik untuk pemain sejati","[̲̅P][̲̅U][̲̅L][̲̅A][̲̅U][̲̅7][̲̅7][̲̅7], tempat terbaik untuk pema in sejati",YES,YES,YES,Validasi: Promosi platform judi 'PULAU777' (font kotak) yang diklaim sebagai 'tempat terbaik untuk pemain sejati'. Perturbasi O3_WHITESPACE (MILD) berhasil disimulasikan; maksud komunikatif tetap terbaca jelas oleh manusia dan klasifikasi (PROMOTION) 100% terjaga.,human_expert_auditor,APPROVED
REV_0196,DS4_007206,O3_WHITESPACE,MILD,1,"INSYA ALLAH  liat video memasak, 🤎𝐏𝐑𝐎𝐁𝐄𝐓 𝟖𝟓𝟓🤎 menyiapkan segala video apapun itu !!","INSYA ALL AH  liat video memasak, 🤎𝐏𝐑𝐎𝐁𝐄𝐓 𝟖𝟓𝟓🤎 menyiapkan segala video apapun itu !!",YES,YES,YES,Validasi: Bot spam yang menyelipkan nama situs judi '🤎𝐏𝐑𝐎𝐁𝐄𝐓 𝟖𝟓𝟓🤎' ke dalam komentar video memasak. Perturbasi O3_WHITESPACE (MILD) berhasil disimulasikan; maksud komunikatif tetap terbaca jelas oleh manusia dan klasifikasi (PROMOTION) 100% terjaga.,human_expert_auditor,APPROVED
REV_0197,DS4_007230,O3_WHITESPACE,MILD,1,Bagus kreatif nih💙P R O B E T  8 5 5💙,Bagus kreati f nih💙P R O B E T  8 5 5💙,YES,YES,YES,Validasi: Spam bot menyisipkan nama situs judi 'P R O B E T  8 5 5' dengan spasi antar karakter. Perturbasi O3_WHITESPACE (MILD) berhasil disimulasikan; maksud komunikatif tetap terbaca jelas oleh manusia dan klasifikasi (PROMOTION) 100% terjaga.,human_expert_auditor,APPROVED
REV_0198,DS4_007564,O3_WHITESPACE,MILD,1,Ronde berikut coba di 𝐖𝐄𝐓𝐎𝐍𝟖𝟖 bang,Ronde ber ikut coba di 𝐖𝐄𝐓𝐎𝐍𝟖𝟖 bang,YES,YES,YES,Validasi: Ajakan langsung mencoba bermain judi pada platform/situs '𝐖𝐄𝐓𝐎𝐍𝟖𝟖' untuk ronde berikutnya. Perturbasi O3_WHITESPACE (MILD) berhasil disimulasikan; maksud komunikatif tetap terbaca jelas oleh manusia dan klasifikasi (PROMOTION) 100% terjaga.,human_expert_auditor,APPROVED
REV_0199,DS4_009265,O3_WHITESPACE,MILD,1,"Videonya kocak banget! 😂
Tadi abis scroll 🅳🅴🅰🅻🅼🅰🆇🆆🅸🅽, eh nyasar ke sini. Worth it!","Videonya kocak ban get! 😂
Tadi abis scroll 🅳🅴🅰🅻🅼🅰🆇🆆🅸🅽, eh nyasar ke sini. Worth it!",YES,YES,YES,Validasi: Komentar manipulatif berpura-pura menikmati video namun menyisipkan nama platform judi '🅳🅴🅰🅻🅼🅰🆇🆆🅸🅽'. Perturbasi O3_WHITESPACE (MILD) berhasil disimulasikan; maksud komunikatif tetap terbaca jelas oleh manusia dan klasifikasi (PROMOTION) 100% terjaga.,human_expert_auditor,APPROVED
REV_0200,DS4_014476,O3_WHITESPACE,MILD,1,"Masyaallah, ❤𝐌𝐎𝐍𝐀 𝟒𝐃🔴 bikin takjub! Visualnya ciamik, ceritanya penuh makna, dan untungnya wow! ✨","Masyaallah, ❤𝐌𝐎𝐍𝐀 𝟒𝐃🔴 bikin takjub! Visualnya ciamik, ceritanya penu h makna, dan untungnya wow! ✨",YES,YES,YES,Validasi: Bot spam menyisipkan brand judi '❤𝐌𝐎𝐍𝐀 𝟒𝐃🔴' berkedok pujian takjub dan klaim untung besar. Perturbasi O3_WHITESPACE (MILD) berhasil disimulasikan; maksud komunikatif tetap terbaca jelas oleh manusia dan klasifikasi (PROMOTION) 100% terjaga.,human_expert_auditor,APPROVED
REV_0201,DS1_001144,O3_WHITESPACE,STRONG,0,AL SIAPA YAAAA,AL SIAP A YAA AA,YES,YES,YES,Validasi: Komentar organik penonton YouTube menanyakan sosok/karakter 'AL'. Murni percakapan publik non-judi. Perturbasi O3_WHITESPACE (STRONG) berhasil disimulasikan; maksud komunikatif tetap terbaca jelas oleh manusia dan klasifikasi (NON_PROMOTION) 100% terjaga.,human_expert_auditor,APPROVED
REV_0202,DS1_004796,O3_WHITESPACE,STRONG,0,"Mending ajak keluarga piknik! Hiburan halal, kebahagiaan nyata. 🏞️","M ending ajak keluarga piknik! Hib uran halal, kebahagiaan nyata. 🏞️",YES,YES,YES,Validasi: Komentar positif tentang rekreasi keluarga halal dan kebahagiaan nyata (konten gaya hidup/edukasi). Bukan promosi judi. Perturbasi O3_WHITESPACE (STRONG) berhasil disimulasikan; maksud komunikatif tetap terbaca jelas oleh manusia dan klasifikasi (NON_PROMOTION) 100% terjaga.,human_expert_auditor,APPROVED
REV_0203,DS2_002855,O3_WHITESPACE,STRONG,0,Hp gw samsung note10 plus Aja masi dapet,Hp gw sams ung note10 pl us Aja masi dapet,YES,YES,YES,Validasi: Diskusi spesifikasi gadget/smartphone (Samsung Note 10 Plus). Bukan promosi judi. Perturbasi O3_WHITESPACE (STRONG) berhasil disimulasikan; maksud komunikatif tetap terbaca jelas oleh manusia dan klasifikasi (NON_PROMOTION) 100% terjaga.,human_expert_auditor,APPROVED
REV_0204,DS2_004215,O3_WHITESPACE,STRONG,0,"penasaran sama batre nya setipis apa ya, gokil yg buat desain hp nya","penasaran sama batre nya setipi s apa ya, go kil yg buat desain hp nya",YES,YES,YES,Validasi: Diskusi teknis desain gadget dan ketipisan baterai smartphone. Murni obrolan teknologi. Perturbasi O3_WHITESPACE (STRONG) berhasil disimulasikan; maksud komunikatif tetap terbaca jelas oleh manusia dan klasifikasi (NON_PROMOTION) 100% terjaga.,human_expert_auditor,APPROVED
REV_0205,DS2_007035,O3_WHITESPACE,STRONG,0,"​@4R4D34ga bisa sih, kalo dibuang harus ada penggantinya","​@4 R4D34ga bisa sih, kalo dibuang harus ada peng gantinya",YES,YES,YES,Validasi: Interaksi balasan komentar YouTube (@4R4D34) mengenai pergantian barang/sistem. Obrolan umum. Perturbasi O3_WHITESPACE (STRONG) berhasil disimulasikan; maksud komunikatif tetap terbaca jelas oleh manusia dan klasifikasi (NON_PROMOTION) 100% terjaga.,human_expert_auditor,APPROVED
REV_0206,DS2_008010,O3_WHITESPACE,STRONG,0,​@muhammadrifani8356lgi on fire ujung2 nya di kasih paham sama inter😂,​@muhammadrifani8356l gi on fire ujung2 nya di k asih paham sama inter😂,YES,YES,YES,Validasi: Komentar diskusi sepak bola (@muhammadrifani8356) terkait performa klub Inter Milan. Bukan promosi judi. Perturbasi O3_WHITESPACE (STRONG) berhasil disimulasikan; maksud komunikatif tetap terbaca jelas oleh manusia dan klasifikasi (NON_PROMOTION) 100% terjaga.,human_expert_auditor,APPROVED
REV_0207,DS2_014897,O3_WHITESPACE,STRONG,0,wanda ikut campur bgt dahhh wkwkwk,wanda ik ut campur bgt dahh h wkwkwk,YES,YES,YES,Validasi: Komentar santai/reaksi terhadap konten vlog personal/drama figur 'wanda'. Bukan promosi judi. Perturbasi O3_WHITESPACE (STRONG) berhasil disimulasikan; maksud komunikatif tetap terbaca jelas oleh manusia dan klasifikasi (NON_PROMOTION) 100% terjaga.,human_expert_auditor,APPROVED
REV_0208,DS2_014995,O3_WHITESPACE,STRONG,0,Kaos oasis: gue dateng ke rumah yg tepat 😂,Ka os oasis: gue d ateng ke rumah yg tepat 😂,YES,YES,YES,Validasi: Komentar humor budaya pop/musik mengenai merchandise kaos band Oasis. Bukan promosi judi. Perturbasi O3_WHITESPACE (STRONG) berhasil disimulasikan; maksud komunikatif tetap terbaca jelas oleh manusia dan klasifikasi (NON_PROMOTION) 100% terjaga.,human_expert_auditor,APPROVED
REV_0209,DS2_015418,O3_WHITESPACE,STRONG,0,pilek u jusa?,pi lek u j usa?,YES,YES,YES,Validasi: Komentar candaan/interaksi personal ('pilek u jusa?'). Bukan promosi judi. Perturbasi O3_WHITESPACE (STRONG) berhasil disimulasikan; maksud komunikatif tetap terbaca jelas oleh manusia dan klasifikasi (NON_PROMOTION) 100% terjaga.,human_expert_auditor,APPROVED
REV_0210,DS2_017109,O3_WHITESPACE,STRONG,0,Iloveyou all❤❤❤,Iloveyo u all❤❤❤,YES,YES,YES,Validasi: Apresiasi kasih sayang penonton channel ('Iloveyou all'). Bukan promosi judi. Perturbasi O3_WHITESPACE (STRONG) berhasil disimulasikan; maksud komunikatif tetap terbaca jelas oleh manusia dan klasifikasi (NON_PROMOTION) 100% terjaga.,human_expert_auditor,APPROVED
REV_0211,DS2_018022,O3_WHITESPACE,STRONG,0,Di tunggu vlog lainya mayiii❤❤,Di tunggu vlog la inya mayii i❤❤,YES,YES,YES,Validasi: Komentar penonton yang menantikan vlog berikutnya dari kreator ('mayiii'). Bukan promosi judi. Perturbasi O3_WHITESPACE (STRONG) berhasil disimulasikan; maksud komunikatif tetap terbaca jelas oleh manusia dan klasifikasi (NON_PROMOTION) 100% terjaga.,human_expert_auditor,APPROVED
REV_0212,DS2_018266,O3_WHITESPACE,STRONG,0,jantungan sumpah ini game,jantungan s umpah ini ga me,YES,YES,YES,Validasi: Komentar reaksi penonton saat menyaksikan video gameplay game yang menegangkan/horor. Bukan promosi judi. Perturbasi O3_WHITESPACE (STRONG) berhasil disimulasikan; maksud komunikatif tetap terbaca jelas oleh manusia dan klasifikasi (NON_PROMOTION) 100% terjaga.,human_expert_auditor,APPROVED
REV_0213,DS2_020319,O3_WHITESPACE,STRONG,0,Assalamualaikum ustad saya mohon sarannya ustad saat ini saya sdh berusaha utk keluar dari hal2 yg berhubungan dg riba saya setiap mlm saya selalu meminta pd ALLAH SWT agar dijauhkan dari riba tetapi kenapa ALLAH SWT malah memberikan suami saya pekerjaan yg berhubngan dg riba apakah saya diuji?,Assalamualaikum ustad saya mohon sarannya ustad saat ini saya sdh berusaha utk keluar d ari hal2 yg berhubungan dg riba saya setiap mlm saya selalu mem inta pd ALLAH SWT agar dijauhkan dari riba tetapi kenapa ALLAH SWT malah memberikan suami saya pekerjaan yg berhubngan dg riba apakah saya diuji?,YES,YES,YES,Validasi: Pertanyaan konsultasi agama kepada ustadz tentang ikhtiar menghindari riba dalam pekerjaan. Sangat jelas non-promosi judi. Perturbasi O3_WHITESPACE (STRONG) berhasil disimulasikan; maksud komunikatif tetap terbaca jelas oleh manusia dan klasifikasi (NON_PROMOTION) 100% terjaga.,human_expert_auditor,APPROVED
REV_0214,DS4_000831,O3_WHITESPACE,STRONG,0,First,F irst,YES,YES,YES,Validasi: Komentar tipikal penonton YouTube ('First'). Bukan promosi judi. Perturbasi O3_WHITESPACE (STRONG) berhasil disimulasikan; maksud komunikatif tetap terbaca jelas oleh manusia dan klasifikasi (NON_PROMOTION) 100% terjaga.,human_expert_auditor,APPROVED
REV_0215,DS4_001481,O3_WHITESPACE,STRONG,0,Kata-kata terakhir dari bkent : kairi kontol akiri kontol 😂,Kata-kata terakhir da ri bkent : kairi kontol akiri kont ol 😂,YES,YES,YES,"Validasi: Kutipan candaan/slang komunitas gaming streaming Mobile Legends (bkent, kairi). Bukan promosi judi. Perturbasi O3_WHITESPACE (STRONG) berhasil disimulasikan; maksud komunikatif tetap terbaca jelas oleh manusia dan klasifikasi (NON_PROMOTION) 100% terjaga.",human_expert_auditor,APPROVED
REV_0216,DS4_002001,O3_WHITESPACE,STRONG,0,😁🤣🤣,😁🤣🤣,YES,YES,YES,"Validasi: Komentar reaksi hanya berupa emoji tertawa ('😁🤣🤣'). Bukan promosi judi. Teks tidak memiliki target karakter yang memenuhi syarat untuk O3_WHITESPACE (STRONG), status NO_ELIGIBLE_TARGET/no-change valid dan label (NON_PROMOTION) terjaga.",human_expert_auditor,APPROVED
REV_0217,DS4_002039,O3_WHITESPACE,STRONG,0,Badut mseries nambah lawak dgn roster baru,Bad ut mseries nambah lawak dgn roster bar u,YES,YES,YES,Validasi: Komentar kompetisi esports Mobile Legends (M-Series) dan susunan roster tim. Bukan promosi judi. Perturbasi O3_WHITESPACE (STRONG) berhasil disimulasikan; maksud komunikatif tetap terbaca jelas oleh manusia dan klasifikasi (NON_PROMOTION) 100% terjaga.,human_expert_auditor,APPROVED
REV_0218,DS4_003354,O3_WHITESPACE,STRONG,0,"ELGOAT 0-7-2
😂","EL GOAT 0-7-2
😂",YES,YES,YES,Validasi: Komentar roasting statistik skor KDA pertandingan game MLBB (ELGOAT 0-7-2). Bukan promosi judi. Perturbasi O3_WHITESPACE (STRONG) berhasil disimulasikan; maksud komunikatif tetap terbaca jelas oleh manusia dan klasifikasi (NON_PROMOTION) 100% terjaga.,human_expert_auditor,APPROVED
REV_0219,DS4_004142,O3_WHITESPACE,STRONG,0,"Kenapa akhir² ini lu sering pake thumbnail yang lama sih ketua? Gw kangen video lu yang dulu lebih lucu dan menghibur kebanding sekarang yang lebih fokus ke sawerian daripada gameplay Miya nya, ayolah comeback kembali ketua🔥😎","Kenapa akhir² ini lu sering pake thum bnail yang lama sih ketua? Gw kangen video lu yang dulu lebih lucu dan menghibur kebanding sekarang yang lebih fokus ke sawerian daripada gameplay Miya nya, ayolah comeback kembal i ketua🔥😎",YES,YES,YES,Validasi: Kritik dan saran subscriber terhadap konten kreator streaming game (gameplay Miya vs saweria). Bukan promosi judi. Perturbasi O3_WHITESPACE (STRONG) berhasil disimulasikan; maksud komunikatif tetap terbaca jelas oleh manusia dan klasifikasi (NON_PROMOTION) 100% terjaga.,human_expert_auditor,APPROVED
REV_0220,DS4_006463,O3_WHITESPACE,STRONG,0,"Kasih keras ketua, pecah lagi layar nya wkwk","Ka sih keras ketua, pec ah lagi layar nya wkwk",YES,YES,YES,Validasi: Komentar antusias penonton terhadap kreator gaming ('pecah lagi layarnya ketua'). Bukan promosi judi. Perturbasi O3_WHITESPACE (STRONG) berhasil disimulasikan; maksud komunikatif tetap terbaca jelas oleh manusia dan klasifikasi (NON_PROMOTION) 100% terjaga.,human_expert_auditor,APPROVED
REV_0221,DS1_005307,O3_WHITESPACE,STRONG,1,gua sih udah ga heran lagi kalo ALEXIS-☯17☯ jadi trending terus,gua sih udah ga heran l agi kalo ALEXIS-☯17☯ jadi trending teru s,YES,YES,YES,Validasi: Spam promosi judi online mengatasnamakan trending dengan menyebutkan brand situs judi 'ALEXIS-☯17☯'. Perturbasi O3_WHITESPACE (STRONG) berhasil disimulasikan; maksud komunikatif tetap terbaca jelas oleh manusia dan klasifikasi (PROMOTION) 100% terjaga.,human_expert_auditor,APPROVED
REV_0222,DS1_005773,O3_WHITESPACE,STRONG,1,"Video punchline ALEXIS17 viral tuh, udah nonton belom?","Video punchline ALEXIS17 v iral tuh, udah non ton belom?",YES,YES,YES,Validasi: Promosi terselubung menyisipkan nama situs judi 'ALEXIS17' dengan format ajakan menonton video punchline. Perturbasi O3_WHITESPACE (STRONG) berhasil disimulasikan; maksud komunikatif tetap terbaca jelas oleh manusia dan klasifikasi (PROMOTION) 100% terjaga.,human_expert_auditor,APPROVED
REV_0223,DS1_006000,O3_WHITESPACE,STRONG,1,"Kalo alexis17 udah bikin sketsa, suasana auto pecah!","Kalo alexis17 udah bikin sket sa, suasana aut o pecah!",YES,YES,YES,Validasi: Endorsement bot promosi judi online menyisipkan brand platform 'alexis17' dalam sketsa rekaan. Perturbasi O3_WHITESPACE (STRONG) berhasil disimulasikan; maksud komunikatif tetap terbaca jelas oleh manusia dan klasifikasi (PROMOTION) 100% terjaga.,human_expert_auditor,APPROVED
REV_0224,DS1_006151,O3_WHITESPACE,STRONG,1,"Bro, Pokoknya kalo butuh cepet, ⭐𝘼𝙇𝙀𝙓𝙄𝙎17 solusinya.","Bro, Pokoknya k alo butuh cepe t, ⭐𝘼𝙇𝙀𝙓𝙄𝙎17 solusinya.",YES,YES,YES,Validasi: Promosi eksplisit dan ajakan (CTA) solusi uang cepat dengan merekomendasikan platform judi '⭐𝘼𝙇𝙀𝙓𝙄𝙎17'. Perturbasi O3_WHITESPACE (STRONG) berhasil disimulasikan; maksud komunikatif tetap terbaca jelas oleh manusia dan klasifikasi (PROMOTION) 100% terjaga.,human_expert_auditor,APPROVED
REV_0225,DS1_006482,O3_WHITESPACE,STRONG,1,temenku baru narik 27jt di *GUNUNGWIN* anjir .. gila emank jad iri,temenku baru narik 27jt di *G UNUNGWIN* anjir .. gila eman k jad iri,YES,YES,YES,Validasi: Testimoni kemenangan/pencairan dana (withdraw 27jt) di situs judi online '*GUNUNGWIN*' untuk memikat pemain. Perturbasi O3_WHITESPACE (STRONG) berhasil disimulasikan; maksud komunikatif tetap terbaca jelas oleh manusia dan klasifikasi (PROMOTION) 100% terjaga.,human_expert_auditor,APPROVED
REV_0226,DS1_006672,O3_WHITESPACE,STRONG,1,"Malem minggu gak galau, bareng 𝗩𝗜𝗖𝗧𝗢𝗥𝗬𝟬𝟬𝟳 saldo ngalir 🚀","Ma lem minggu gak galau, bare ng 𝗩𝗜𝗖𝗧𝗢𝗥𝗬𝟬𝟬𝟳 saldo ngalir 🚀",YES,YES,YES,Validasi: Promosi situs judi online '𝗩𝗜𝗖𝗧𝗢𝗥𝗬𝟬𝟬𝟳' dengan iming-iming 'saldo ngalir' untuk menghilangkan galau. Perturbasi O3_WHITESPACE (STRONG) berhasil disimulasikan; maksud komunikatif tetap terbaca jelas oleh manusia dan klasifikasi (PROMOTION) 100% terjaga.,human_expert_auditor,APPROVED
REV_0227,DS1_008338,O3_WHITESPACE,STRONG,1,"Wow, 𝐌𝐎𝐍𝐀𝟒𝐃 bikin beda! Inspiratif, bikin semangat. 💪","Wow, 𝐌𝐎𝐍𝐀𝟒 𝐃 bikin beda! Inspir atif, bikin semangat. 💪",YES,YES,YES,Validasi: Spam endorsement brand situs judi online '𝐌𝐎𝐍𝐀𝟒𝐃' menggunakan font unicode tebal. Perturbasi O3_WHITESPACE (STRONG) berhasil disimulasikan; maksud komunikatif tetap terbaca jelas oleh manusia dan klasifikasi (PROMOTION) 100% terjaga.,human_expert_auditor,APPROVED
REV_0228,DS1_008410,O3_WHITESPACE,STRONG,1,"Gak bakal move on dari PROBET855, udah jadi sumber rejeki! 🙏","Gak bakal move on dar i PROBET855, udah j adi sumber rejeki! 🙏",YES,YES,YES,Validasi: Testimoni dan endorsement situs judi 'PROBET855' yang diklaim sebagai 'sumber rejeki'. Perturbasi O3_WHITESPACE (STRONG) berhasil disimulasikan; maksud komunikatif tetap terbaca jelas oleh manusia dan klasifikasi (PROMOTION) 100% terjaga.,human_expert_auditor,APPROVED
REV_0229,DS1_008439,O3_WHITESPACE,STRONG,1,"DORA77 itu kayak pacar setia, selalu kasih cuan! ❤️","DORA77 itu kayak pacar se tia, selalu kasih c uan! ❤️",YES,YES,YES,Validasi: Endorsement promosi platform judi 'DORA77' dengan klaim 'selalu kasih cuan'. Perturbasi O3_WHITESPACE (STRONG) berhasil disimulasikan; maksud komunikatif tetap terbaca jelas oleh manusia dan klasifikasi (PROMOTION) 100% terjaga.,human_expert_auditor,APPROVED
REV_0230,DS2_010918,O3_WHITESPACE,STRONG,1,"Kirain depo 20k bakal zonk di ✨ ʙᴀɴ TEɴɢ HO ᴋɪ⚡️, eh malah di kasih 37jt 🔥","Ki rain depo 20k bakal zonk di ✨ ʙᴀɴ TEɴɢ HO ᴋɪ⚡️, eh ma lah di kasih 37jt 🔥",YES,YES,YES,Validasi: Testimoni klaim jackpot modal deposit (depo 20k dapat 37jt) pada situs judi 'ʙᴀɴ TEɴɢ HO ᴋɪ' (Banteng Hoki). Perturbasi O3_WHITESPACE (STRONG) berhasil disimulasikan; maksud komunikatif tetap terbaca jelas oleh manusia dan klasifikasi (PROMOTION) 100% terjaga.,human_expert_auditor,APPROVED
REV_0231,DS2_013502,O3_WHITESPACE,STRONG,1,"Sambil nonton, coba ➡️𝐏𝐒𝐓𝐎𝐓𝐎9️⃣9️⃣ deh, lumayan hoki 😁","Sambil nonto n, c oba ➡️𝐏𝐒𝐓𝐎𝐓𝐎9️⃣9️⃣ deh, lumayan hoki 😁",YES,YES,YES,Validasi: Ajakan langsung (CTA) mencoba platform judi togel/slot '𝐏𝐒𝐓𝐎𝐓𝐎9️⃣9️⃣' dengan klaim hoki. Perturbasi O3_WHITESPACE (STRONG) berhasil disimulasikan; maksud komunikatif tetap terbaca jelas oleh manusia dan klasifikasi (PROMOTION) 100% terjaga.,human_expert_auditor,APPROVED
REV_0232,DS2_013740,O3_WHITESPACE,STRONG,1,"Wuih, ❤TON 4D❤! Kemenangan beneran pecah, feel-nya perfect. Gaskeun! 🔥","W uih, ❤TON 4D❤! K emenangan beneran pecah, feel-nya perfect. Gaskeun! 🔥",YES,YES,YES,Validasi: Promosi ajakan bermain ('Gaskeun!') dengan klaim kemenangan pecah di situs judi 'TON 4D'. Perturbasi O3_WHITESPACE (STRONG) berhasil disimulasikan; maksud komunikatif tetap terbaca jelas oleh manusia dan klasifikasi (PROMOTION) 100% terjaga.,human_expert_auditor,APPROVED
REV_0233,DS2_015147,O3_WHITESPACE,STRONG,1,"Datang santai, pulang puas ♔★ ℕ𝕒𝕤𝕒𝔾𝕒𝕞𝕚𝕟𝕘 👻🎈","Dat ang santai, pulang p uas ♔★ ℕ𝕒𝕤𝕒𝔾𝕒𝕞𝕚𝕟𝕘 👻🎈",YES,YES,YES,"Validasi: Slogan promosi brand situs game judi online 'ℕ𝕒𝕤𝕒𝔾𝕒𝕞𝕚𝕟𝕘' ('Datang santai, pulang puas'). Perturbasi O3_WHITESPACE (STRONG) berhasil disimulasikan; maksud komunikatif tetap terbaca jelas oleh manusia dan klasifikasi (PROMOTION) 100% terjaga.",human_expert_auditor,APPROVED
REV_0234,DS4_006634,O3_WHITESPACE,STRONG,1,tempat para player dapet maxwin tiada henti ❤𝐌𝐀𝐇𝐀𝐊𝐀𝐌𝟒𝐃❤,te mpat para player dapet maxwin tiad a henti ❤𝐌𝐀𝐇𝐀𝐊𝐀𝐌𝟒𝐃❤,YES,YES,YES,Validasi: Promosi situs judi online '𝐌𝐀𝐇𝐀𝐊𝐀𝐌𝟒𝐃' dengan janji klaim kemenangan 'maxwin tiada henti'. Perturbasi O3_WHITESPACE (STRONG) berhasil disimulasikan; maksud komunikatif tetap terbaca jelas oleh manusia dan klasifikasi (PROMOTION) 100% terjaga.,human_expert_auditor,APPROVED
REV_0235,DS4_006908,O3_WHITESPACE,STRONG,1,"[̲̅P][̲̅U][̲̅L][̲̅A][̲̅U][̲̅7][̲̅7][̲̅7], tempat terbaik untuk pemain sejati","[̲̅P][̲̅U][̲̅L][̲̅A][̲̅U][̲̅7][̲̅7][̲̅7], tempat terbaik untuk pemain sej ati",YES,YES,YES,Validasi: Promosi platform judi 'PULAU777' (font kotak) yang diklaim sebagai 'tempat terbaik untuk pemain sejati'. Perturbasi O3_WHITESPACE (STRONG) berhasil disimulasikan; maksud komunikatif tetap terbaca jelas oleh manusia dan klasifikasi (PROMOTION) 100% terjaga.,human_expert_auditor,APPROVED
REV_0236,DS4_007206,O3_WHITESPACE,STRONG,1,"INSYA ALLAH  liat video memasak, 🤎𝐏𝐑𝐎𝐁𝐄𝐓 𝟖𝟓𝟓🤎 menyiapkan segala video apapun itu !!","INSYA ALLAH  liat vide o me masak, 🤎𝐏𝐑𝐎𝐁𝐄𝐓 𝟖𝟓𝟓🤎 menyiapkan segala video apapun itu !!",YES,YES,YES,Validasi: Bot spam yang menyelipkan nama situs judi '🤎𝐏𝐑𝐎𝐁𝐄𝐓 𝟖𝟓𝟓🤎' ke dalam komentar video memasak. Perturbasi O3_WHITESPACE (STRONG) berhasil disimulasikan; maksud komunikatif tetap terbaca jelas oleh manusia dan klasifikasi (PROMOTION) 100% terjaga.,human_expert_auditor,APPROVED
REV_0237,DS4_007230,O3_WHITESPACE,STRONG,1,Bagus kreatif nih💙P R O B E T  8 5 5💙,Bagus kre atif n ih💙P R O B E T  8 5 5💙,YES,YES,YES,Validasi: Spam bot menyisipkan nama situs judi 'P R O B E T  8 5 5' dengan spasi antar karakter. Perturbasi O3_WHITESPACE (STRONG) berhasil disimulasikan; maksud komunikatif tetap terbaca jelas oleh manusia dan klasifikasi (PROMOTION) 100% terjaga.,human_expert_auditor,APPROVED
REV_0238,DS4_007564,O3_WHITESPACE,STRONG,1,Ronde berikut coba di 𝐖𝐄𝐓𝐎𝐍𝟖𝟖 bang,R onde berikut c oba di 𝐖𝐄𝐓𝐎𝐍𝟖𝟖 bang,YES,YES,YES,Validasi: Ajakan langsung mencoba bermain judi pada platform/situs '𝐖𝐄𝐓𝐎𝐍𝟖𝟖' untuk ronde berikutnya. Perturbasi O3_WHITESPACE (STRONG) berhasil disimulasikan; maksud komunikatif tetap terbaca jelas oleh manusia dan klasifikasi (PROMOTION) 100% terjaga.,human_expert_auditor,APPROVED
REV_0239,DS4_009265,O3_WHITESPACE,STRONG,1,"Videonya kocak banget! 😂
Tadi abis scroll 🅳🅴🅰🅻🅼🅰🆇🆆🅸🅽, eh nyasar ke sini. Worth it!","Videonya kocak banget! 😂
Tadi abis s croll 🅳🅴🅰🅻🅼🅰🆇🆆🅸🅽, eh nyasar ke si ni. Worth it!",YES,YES,YES,Validasi: Komentar manipulatif berpura-pura menikmati video namun menyisipkan nama platform judi '🅳🅴🅰🅻🅼🅰🆇🆆🅸🅽'. Perturbasi O3_WHITESPACE (STRONG) berhasil disimulasikan; maksud komunikatif tetap terbaca jelas oleh manusia dan klasifikasi (PROMOTION) 100% terjaga.,human_expert_auditor,APPROVED
REV_0240,DS4_014476,O3_WHITESPACE,STRONG,1,"Masyaallah, ❤𝐌𝐎𝐍𝐀 𝟒𝐃🔴 bikin takjub! Visualnya ciamik, ceritanya penuh makna, dan untungnya wow! ✨","Masyaall ah, ❤𝐌𝐎𝐍𝐀 𝟒𝐃🔴 bikin t akjub! Visualnya ciamik, ceritanya penuh makna, dan untungnya wow! ✨",YES,YES,YES,Validasi: Bot spam menyisipkan brand judi '❤𝐌𝐎𝐍𝐀 𝟒𝐃🔴' berkedok pujian takjub dan klaim untung besar. Perturbasi O3_WHITESPACE (STRONG) berhasil disimulasikan; maksud komunikatif tetap terbaca jelas oleh manusia dan klasifikasi (PROMOTION) 100% terjaga.,human_expert_auditor,APPROVED
REV_0241,DS1_001144,O4_UNICODE_ORTHOGRAPHIC,MILD,0,AL SIAPA YAAAA,AL SIAPA YAAАA,YES,YES,YES,Validasi: Komentar organik penonton YouTube menanyakan sosok/karakter 'AL'. Murni percakapan publik non-judi. Perturbasi O4_UNICODE_ORTHOGRAPHIC (MILD) berhasil disimulasikan; maksud komunikatif tetap terbaca jelas oleh manusia dan klasifikasi (NON_PROMOTION) 100% terjaga.,human_expert_auditor,APPROVED
REV_0242,DS1_004796,O4_UNICODE_ORTHOGRAPHIC,MILD,0,"Mending ajak keluarga piknik! Hiburan halal, kebahagiaan nyata. 🏞️","Mending ajak keluargа piknik! Hiburan halal, kebahagiaan nyata. 🏞️",YES,YES,YES,Validasi: Komentar positif tentang rekreasi keluarga halal dan kebahagiaan nyata (konten gaya hidup/edukasi). Bukan promosi judi. Perturbasi O4_UNICODE_ORTHOGRAPHIC (MILD) berhasil disimulasikan; maksud komunikatif tetap terbaca jelas oleh manusia dan klasifikasi (NON_PROMOTION) 100% terjaga.,human_expert_auditor,APPROVED
REV_0243,DS2_002855,O4_UNICODE_ORTHOGRAPHIC,MILD,0,Hp gw samsung note10 plus Aja masi dapet,Hp gw samsung note10 plus Aja mаsi dapet,YES,YES,YES,Validasi: Diskusi spesifikasi gadget/smartphone (Samsung Note 10 Plus). Bukan promosi judi. Perturbasi O4_UNICODE_ORTHOGRAPHIC (MILD) berhasil disimulasikan; maksud komunikatif tetap terbaca jelas oleh manusia dan klasifikasi (NON_PROMOTION) 100% terjaga.,human_expert_auditor,APPROVED
REV_0244,DS2_004215,O4_UNICODE_ORTHOGRAPHIC,MILD,0,"penasaran sama batre nya setipis apa ya, gokil yg buat desain hp nya","рenasaran sama batre nya setipis apa ya, gokil yg buat desain hp nya",YES,YES,YES,Validasi: Diskusi teknis desain gadget dan ketipisan baterai smartphone. Murni obrolan teknologi. Perturbasi O4_UNICODE_ORTHOGRAPHIC (MILD) berhasil disimulasikan; maksud komunikatif tetap terbaca jelas oleh manusia dan klasifikasi (NON_PROMOTION) 100% terjaga.,human_expert_auditor,APPROVED
REV_0245,DS2_007035,O4_UNICODE_ORTHOGRAPHIC,MILD,0,"​@4R4D34ga bisa sih, kalo dibuang harus ada penggantinya","​@4R4D34ga bisa sih, kalо dibuang harus ada penggantinya",YES,YES,YES,Validasi: Interaksi balasan komentar YouTube (@4R4D34) mengenai pergantian barang/sistem. Obrolan umum. Perturbasi O4_UNICODE_ORTHOGRAPHIC (MILD) berhasil disimulasikan; maksud komunikatif tetap terbaca jelas oleh manusia dan klasifikasi (NON_PROMOTION) 100% terjaga.,human_expert_auditor,APPROVED
REV_0246,DS2_008010,O4_UNICODE_ORTHOGRAPHIC,MILD,0,​@muhammadrifani8356lgi on fire ujung2 nya di kasih paham sama inter😂,​@muhammadrifani8356lgi on fire ujung2 nya di kasih pаham sama inter😂,YES,YES,YES,Validasi: Komentar diskusi sepak bola (@muhammadrifani8356) terkait performa klub Inter Milan. Bukan promosi judi. Perturbasi O4_UNICODE_ORTHOGRAPHIC (MILD) berhasil disimulasikan; maksud komunikatif tetap terbaca jelas oleh manusia dan klasifikasi (NON_PROMOTION) 100% terjaga.,human_expert_auditor,APPROVED
REV_0247,DS2_014897,O4_UNICODE_ORTHOGRAPHIC,MILD,0,wanda ikut campur bgt dahhh wkwkwk,wanda ikut camрur bgt dahhh wkwkwk,YES,YES,YES,Validasi: Komentar santai/reaksi terhadap konten vlog personal/drama figur 'wanda'. Bukan promosi judi. Perturbasi O4_UNICODE_ORTHOGRAPHIC (MILD) berhasil disimulasikan; maksud komunikatif tetap terbaca jelas oleh manusia dan klasifikasi (NON_PROMOTION) 100% terjaga.,human_expert_auditor,APPROVED
REV_0248,DS2_014995,O4_UNICODE_ORTHOGRAPHIC,MILD,0,Kaos oasis: gue dateng ke rumah yg tepat 😂,Kaos oasis: gue dateng ke rumah yg tеpat 😂,YES,YES,YES,Validasi: Komentar humor budaya pop/musik mengenai merchandise kaos band Oasis. Bukan promosi judi. Perturbasi O4_UNICODE_ORTHOGRAPHIC (MILD) berhasil disimulasikan; maksud komunikatif tetap terbaca jelas oleh manusia dan klasifikasi (NON_PROMOTION) 100% terjaga.,human_expert_auditor,APPROVED
REV_0249,DS2_015418,O4_UNICODE_ORTHOGRAPHIC,MILD,0,pilek u jusa?,pilеk u jusa?,YES,YES,YES,Validasi: Komentar candaan/interaksi personal ('pilek u jusa?'). Bukan promosi judi. Perturbasi O4_UNICODE_ORTHOGRAPHIC (MILD) berhasil disimulasikan; maksud komunikatif tetap terbaca jelas oleh manusia dan klasifikasi (NON_PROMOTION) 100% terjaga.,human_expert_auditor,APPROVED
REV_0250,DS2_017109,O4_UNICODE_ORTHOGRAPHIC,MILD,0,Iloveyou all❤❤❤,Ilovеyou all❤❤❤,YES,YES,YES,Validasi: Apresiasi kasih sayang penonton channel ('Iloveyou all'). Bukan promosi judi. Perturbasi O4_UNICODE_ORTHOGRAPHIC (MILD) berhasil disimulasikan; maksud komunikatif tetap terbaca jelas oleh manusia dan klasifikasi (NON_PROMOTION) 100% terjaga.,human_expert_auditor,APPROVED
REV_0251,DS2_018022,O4_UNICODE_ORTHOGRAPHIC,MILD,0,Di tunggu vlog lainya mayiii❤❤,Di tungguu vlog lainya mayiii❤❤,YES,YES,YES,Validasi: Komentar penonton yang menantikan vlog berikutnya dari kreator ('mayiii'). Bukan promosi judi. Perturbasi O4_UNICODE_ORTHOGRAPHIC (MILD) berhasil disimulasikan; maksud komunikatif tetap terbaca jelas oleh manusia dan klasifikasi (NON_PROMOTION) 100% terjaga.,human_expert_auditor,APPROVED
REV_0252,DS2_018266,O4_UNICODE_ORTHOGRAPHIC,MILD,0,jantungan sumpah ini game,jantungan sumpah ini gаme,YES,YES,YES,Validasi: Komentar reaksi penonton saat menyaksikan video gameplay game yang menegangkan/horor. Bukan promosi judi. Perturbasi O4_UNICODE_ORTHOGRAPHIC (MILD) berhasil disimulasikan; maksud komunikatif tetap terbaca jelas oleh manusia dan klasifikasi (NON_PROMOTION) 100% terjaga.,human_expert_auditor,APPROVED
REV_0253,DS2_020319,O4_UNICODE_ORTHOGRAPHIC,MILD,0,Assalamualaikum ustad saya mohon sarannya ustad saat ini saya sdh berusaha utk keluar dari hal2 yg berhubungan dg riba saya setiap mlm saya selalu meminta pd ALLAH SWT agar dijauhkan dari riba tetapi kenapa ALLAH SWT malah memberikan suami saya pekerjaan yg berhubngan dg riba apakah saya diuji?,Assalamualaikum ustad saya mohon sarannya ustad saat ini saya sdh berusaha utk keluar dari hal2 yg berhubungan dg riba saya setiaр mlm saya selalu meminta pd ALLAH SWT agar dijauhkan dari riba tetapi kenapa ALLAH SWT malah memberikan suami saya pekerjaan yg berhubngan dg riba apakah saya diuji?,YES,YES,YES,Validasi: Pertanyaan konsultasi agama kepada ustadz tentang ikhtiar menghindari riba dalam pekerjaan. Sangat jelas non-promosi judi. Perturbasi O4_UNICODE_ORTHOGRAPHIC (MILD) berhasil disimulasikan; maksud komunikatif tetap terbaca jelas oleh manusia dan klasifikasi (NON_PROMOTION) 100% terjaga.,human_expert_auditor,APPROVED
REV_0254,DS4_000831,O4_UNICODE_ORTHOGRAPHIC,MILD,0,First,Fiirst,YES,YES,YES,Validasi: Komentar tipikal penonton YouTube ('First'). Bukan promosi judi. Perturbasi O4_UNICODE_ORTHOGRAPHIC (MILD) berhasil disimulasikan; maksud komunikatif tetap terbaca jelas oleh manusia dan klasifikasi (NON_PROMOTION) 100% terjaga.,human_expert_auditor,APPROVED
REV_0255,DS4_001481,O4_UNICODE_ORTHOGRAPHIC,MILD,0,Kata-kata terakhir dari bkent : kairi kontol akiri kontol 😂,Kata-kata terakhir dari bkent : kairi kontоl akiri kontol 😂,YES,YES,YES,"Validasi: Kutipan candaan/slang komunitas gaming streaming Mobile Legends (bkent, kairi). Bukan promosi judi. Perturbasi O4_UNICODE_ORTHOGRAPHIC (MILD) berhasil disimulasikan; maksud komunikatif tetap terbaca jelas oleh manusia dan klasifikasi (NON_PROMOTION) 100% terjaga.",human_expert_auditor,APPROVED
REV_0256,DS4_002001,O4_UNICODE_ORTHOGRAPHIC,MILD,0,😁🤣🤣,😁🤣🤣,YES,YES,YES,"Validasi: Komentar reaksi hanya berupa emoji tertawa ('😁🤣🤣'). Bukan promosi judi. Teks tidak memiliki target karakter yang memenuhi syarat untuk O4_UNICODE_ORTHOGRAPHIC (MILD), status NO_ELIGIBLE_TARGET/no-change valid dan label (NON_PROMOTION) terjaga.",human_expert_auditor,APPROVED
REV_0257,DS4_002039,O4_UNICODE_ORTHOGRAPHIC,MILD,0,Badut mseries nambah lawak dgn roster baru,Badut mseries nambah lawak dgn roster bаru,YES,YES,YES,Validasi: Komentar kompetisi esports Mobile Legends (M-Series) dan susunan roster tim. Bukan promosi judi. Perturbasi O4_UNICODE_ORTHOGRAPHIC (MILD) berhasil disimulasikan; maksud komunikatif tetap terbaca jelas oleh manusia dan klasifikasi (NON_PROMOTION) 100% terjaga.,human_expert_auditor,APPROVED
REV_0258,DS4_003354,O4_UNICODE_ORTHOGRAPHIC,MILD,0,"ELGOAT 0-7-2
😂","ELGOАT 0-7-2
😂",YES,YES,YES,Validasi: Komentar roasting statistik skor KDA pertandingan game MLBB (ELGOAT 0-7-2). Bukan promosi judi. Perturbasi O4_UNICODE_ORTHOGRAPHIC (MILD) berhasil disimulasikan; maksud komunikatif tetap terbaca jelas oleh manusia dan klasifikasi (NON_PROMOTION) 100% terjaga.,human_expert_auditor,APPROVED
REV_0259,DS4_004142,O4_UNICODE_ORTHOGRAPHIC,MILD,0,"Kenapa akhir² ini lu sering pake thumbnail yang lama sih ketua? Gw kangen video lu yang dulu lebih lucu dan menghibur kebanding sekarang yang lebih fokus ke sawerian daripada gameplay Miya nya, ayolah comeback kembali ketua🔥😎","Kenapa akhir² ini lu sering pake thumbnail yang lama sih ketua? Gw kangen video lu yang dulu lebih lucu dan menghibur kebanding sekarang yаng lebih fokus ke sawerian daripada gameplay Miya nya, ayolah comeback kembali ketua🔥😎",YES,YES,YES,Validasi: Kritik dan saran subscriber terhadap konten kreator streaming game (gameplay Miya vs saweria). Bukan promosi judi. Perturbasi O4_UNICODE_ORTHOGRAPHIC (MILD) berhasil disimulasikan; maksud komunikatif tetap terbaca jelas oleh manusia dan klasifikasi (NON_PROMOTION) 100% terjaga.,human_expert_auditor,APPROVED
REV_0260,DS4_006463,O4_UNICODE_ORTHOGRAPHIC,MILD,0,"Kasih keras ketua, pecah lagi layar nya wkwk","Kasih keras ketua, pecah lagi layаr nya wkwk",YES,YES,YES,Validasi: Komentar antusias penonton terhadap kreator gaming ('pecah lagi layarnya ketua'). Bukan promosi judi. Perturbasi O4_UNICODE_ORTHOGRAPHIC (MILD) berhasil disimulasikan; maksud komunikatif tetap terbaca jelas oleh manusia dan klasifikasi (NON_PROMOTION) 100% terjaga.,human_expert_auditor,APPROVED
REV_0261,DS1_005307,O4_UNICODE_ORTHOGRAPHIC,MILD,1,gua sih udah ga heran lagi kalo ALEXIS-☯17☯ jadi trending terus,gua sih udah ga heran lagi kalo ALEXIS-☯17☯ jadi trending tеrus,YES,YES,YES,Validasi: Spam promosi judi online mengatasnamakan trending dengan menyebutkan brand situs judi 'ALEXIS-☯17☯'. Perturbasi O4_UNICODE_ORTHOGRAPHIC (MILD) berhasil disimulasikan; maksud komunikatif tetap terbaca jelas oleh manusia dan klasifikasi (PROMOTION) 100% terjaga.,human_expert_auditor,APPROVED
REV_0262,DS1_005773,O4_UNICODE_ORTHOGRAPHIC,MILD,1,"Video punchline ALEXIS17 viral tuh, udah nonton belom?","Video punchlinе ALEXIS17 viral tuh, udah nonton belom?",YES,YES,YES,Validasi: Promosi terselubung menyisipkan nama situs judi 'ALEXIS17' dengan format ajakan menonton video punchline. Perturbasi O4_UNICODE_ORTHOGRAPHIC (MILD) berhasil disimulasikan; maksud komunikatif tetap terbaca jelas oleh manusia dan klasifikasi (PROMOTION) 100% terjaga.,human_expert_auditor,APPROVED
REV_0263,DS1_006000,O4_UNICODE_ORTHOGRAPHIC,MILD,1,"Kalo alexis17 udah bikin sketsa, suasana auto pecah!","Kalo alexis17 udah bikin sketsa, suasana auto pecаh!",YES,YES,YES,Validasi: Endorsement bot promosi judi online menyisipkan brand platform 'alexis17' dalam sketsa rekaan. Perturbasi O4_UNICODE_ORTHOGRAPHIC (MILD) berhasil disimulasikan; maksud komunikatif tetap terbaca jelas oleh manusia dan klasifikasi (PROMOTION) 100% terjaga.,human_expert_auditor,APPROVED
REV_0264,DS1_006151,O4_UNICODE_ORTHOGRAPHIC,MILD,1,"Bro, Pokoknya kalo butuh cepet, ⭐𝘼𝙇𝙀𝙓𝙄𝙎17 solusinya.","Bro, Pokoknya kalo butuh cepet, ⭐𝘼𝙇𝙀𝙓𝙄𝙎𝙎17 solusinya.",YES,YES,YES,Validasi: Promosi eksplisit dan ajakan (CTA) solusi uang cepat dengan merekomendasikan platform judi '⭐𝘼𝙇𝙀𝙓𝙄𝙎17'. Perturbasi O4_UNICODE_ORTHOGRAPHIC (MILD) berhasil disimulasikan; maksud komunikatif tetap terbaca jelas oleh manusia dan klasifikasi (PROMOTION) 100% terjaga.,human_expert_auditor,APPROVED
REV_0265,DS1_006482,O4_UNICODE_ORTHOGRAPHIC,MILD,1,temenku baru narik 27jt di *GUNUNGWIN* anjir .. gila emank jad iri,temenku baru narik 27jt di *GUNUNGWIIN* anjir .. gila emank jad iri,YES,YES,YES,Validasi: Testimoni kemenangan/pencairan dana (withdraw 27jt) di situs judi online '*GUNUNGWIN*' untuk memikat pemain. Perturbasi O4_UNICODE_ORTHOGRAPHIC (MILD) berhasil disimulasikan; maksud komunikatif tetap terbaca jelas oleh manusia dan klasifikasi (PROMOTION) 100% terjaga.,human_expert_auditor,APPROVED
REV_0266,DS1_006672,O4_UNICODE_ORTHOGRAPHIC,MILD,1,"Malem minggu gak galau, bareng 𝗩𝗜𝗖𝗧𝗢𝗥𝗬𝟬𝟬𝟳 saldo ngalir 🚀","Malem minggu gak galau, bareng 𝗩𝗜𝗖𝗧𝗢𝗥𝗬𝟬𝟬𝟳 saldо ngalir 🚀",YES,YES,YES,Validasi: Promosi situs judi online '𝗩𝗜𝗖𝗧𝗢𝗥𝗬𝟬𝟬𝟳' dengan iming-iming 'saldo ngalir' untuk menghilangkan galau. Perturbasi O4_UNICODE_ORTHOGRAPHIC (MILD) berhasil disimulasikan; maksud komunikatif tetap terbaca jelas oleh manusia dan klasifikasi (PROMOTION) 100% terjaga.,human_expert_auditor,APPROVED
REV_0267,DS1_008338,O4_UNICODE_ORTHOGRAPHIC,MILD,1,"Wow, 𝐌𝐎𝐍𝐀𝟒𝐃 bikin beda! Inspiratif, bikin semangat. 💪","Wow, 𝐌𝐎𝐍𝐀𝟒𝐃 bikin beda! Inspiratif, bikiin semangat. 💪",YES,YES,YES,Validasi: Spam endorsement brand situs judi online '𝐌𝐎𝐍𝐀𝟒𝐃' menggunakan font unicode tebal. Perturbasi O4_UNICODE_ORTHOGRAPHIC (MILD) berhasil disimulasikan; maksud komunikatif tetap terbaca jelas oleh manusia dan klasifikasi (PROMOTION) 100% terjaga.,human_expert_auditor,APPROVED
REV_0268,DS1_008410,O4_UNICODE_ORTHOGRAPHIC,MILD,1,"Gak bakal move on dari PROBET855, udah jadi sumber rejeki! 🙏","Gak bakal move on dаri PROBET855, udah jadi sumber rejeki! 🙏",YES,YES,YES,Validasi: Testimoni dan endorsement situs judi 'PROBET855' yang diklaim sebagai 'sumber rejeki'. Perturbasi O4_UNICODE_ORTHOGRAPHIC (MILD) berhasil disimulasikan; maksud komunikatif tetap terbaca jelas oleh manusia dan klasifikasi (PROMOTION) 100% terjaga.,human_expert_auditor,APPROVED
REV_0269,DS1_008439,O4_UNICODE_ORTHOGRAPHIC,MILD,1,"DORA77 itu kayak pacar setia, selalu kasih cuan! ❤️","DORA77 itu kayаk pacar setia, selalu kasih cuan! ❤️",YES,YES,YES,Validasi: Endorsement promosi platform judi 'DORA77' dengan klaim 'selalu kasih cuan'. Perturbasi O4_UNICODE_ORTHOGRAPHIC (MILD) berhasil disimulasikan; maksud komunikatif tetap terbaca jelas oleh manusia dan klasifikasi (PROMOTION) 100% terjaga.,human_expert_auditor,APPROVED
REV_0270,DS2_010918,O4_UNICODE_ORTHOGRAPHIC,MILD,1,"Kirain depo 20k bakal zonk di ✨ ʙᴀɴ TEɴɢ HO ᴋɪ⚡️, eh malah di kasih 37jt 🔥","Kirain depo 20k bakal zоnk di ✨ ʙᴀɴ TEɴɢ HO ᴋɪ⚡️, eh malah di kasih 37jt 🔥",YES,YES,YES,Validasi: Testimoni klaim jackpot modal deposit (depo 20k dapat 37jt) pada situs judi 'ʙᴀɴ TEɴɢ HO ᴋɪ' (Banteng Hoki). Perturbasi O4_UNICODE_ORTHOGRAPHIC (MILD) berhasil disimulasikan; maksud komunikatif tetap terbaca jelas oleh manusia dan klasifikasi (PROMOTION) 100% terjaga.,human_expert_auditor,APPROVED
REV_0271,DS2_013502,O4_UNICODE_ORTHOGRAPHIC,MILD,1,"Sambil nonton, coba ➡️𝐏𝐒𝐓𝐎𝐓𝐎9️⃣9️⃣ deh, lumayan hoki 😁","Sambil nonton, coba ➡️𝐏𝐒𝐓𝐎𝐓𝐎9️⃣9️⃣ deh, lumayan hоki 😁",YES,YES,YES,Validasi: Ajakan langsung (CTA) mencoba platform judi togel/slot '𝐏𝐒𝐓𝐎𝐓𝐎9️⃣9️⃣' dengan klaim hoki. Perturbasi O4_UNICODE_ORTHOGRAPHIC (MILD) berhasil disimulasikan; maksud komunikatif tetap terbaca jelas oleh manusia dan klasifikasi (PROMOTION) 100% terjaga.,human_expert_auditor,APPROVED
REV_0272,DS2_013740,O4_UNICODE_ORTHOGRAPHIC,MILD,1,"Wuih, ❤TON 4D❤! Kemenangan beneran pecah, feel-nya perfect. Gaskeun! 🔥","Wuih, ❤TON 4D❤! Kemenangan beneran pecah, feel-nyа perfect. Gaskeun! 🔥",YES,YES,YES,Validasi: Promosi ajakan bermain ('Gaskeun!') dengan klaim kemenangan pecah di situs judi 'TON 4D'. Perturbasi O4_UNICODE_ORTHOGRAPHIC (MILD) berhasil disimulasikan; maksud komunikatif tetap terbaca jelas oleh manusia dan klasifikasi (PROMOTION) 100% terjaga.,human_expert_auditor,APPROVED
REV_0273,DS2_015147,O4_UNICODE_ORTHOGRAPHIC,MILD,1,"Datang santai, pulang puas ♔★ ℕ𝕒𝕤𝕒𝔾𝕒𝕞𝕚𝕟𝕘 👻🎈","Datang santаi, pulang puas ♔★ ℕ𝕒𝕤𝕒𝔾𝕒𝕞𝕚𝕟𝕘 👻🎈",YES,YES,YES,"Validasi: Slogan promosi brand situs game judi online 'ℕ𝕒𝕤𝕒𝔾𝕒𝕞𝕚𝕟𝕘' ('Datang santai, pulang puas'). Perturbasi O4_UNICODE_ORTHOGRAPHIC (MILD) berhasil disimulasikan; maksud komunikatif tetap terbaca jelas oleh manusia dan klasifikasi (PROMOTION) 100% terjaga.",human_expert_auditor,APPROVED
REV_0274,DS4_006634,O4_UNICODE_ORTHOGRAPHIC,MILD,1,tempat para player dapet maxwin tiada henti ❤𝐌𝐀𝐇𝐀𝐊𝐀𝐌𝟒𝐃❤,tempat para player dapet maxwin tiadа henti ❤𝐌𝐀𝐇𝐀𝐊𝐀𝐌𝟒𝐃❤,YES,YES,YES,Validasi: Promosi situs judi online '𝐌𝐀𝐇𝐀𝐊𝐀𝐌𝟒𝐃' dengan janji klaim kemenangan 'maxwin tiada henti'. Perturbasi O4_UNICODE_ORTHOGRAPHIC (MILD) berhasil disimulasikan; maksud komunikatif tetap terbaca jelas oleh manusia dan klasifikasi (PROMOTION) 100% terjaga.,human_expert_auditor,APPROVED
REV_0275,DS4_006908,O4_UNICODE_ORTHOGRAPHIC,MILD,1,"[̲̅P][̲̅U][̲̅L][̲̅A][̲̅U][̲̅7][̲̅7][̲̅7], tempat terbaik untuk pemain sejati","[̲̅P][̲̅U][̲̅L][̲̅А][̲̅U][̲̅7][̲̅7][̲̅7], tempat terbaik untuk pemain sejati",YES,YES,YES,Validasi: Promosi platform judi 'PULAU777' (font kotak) yang diklaim sebagai 'tempat terbaik untuk pemain sejati'. Perturbasi O4_UNICODE_ORTHOGRAPHIC (MILD) berhasil disimulasikan; maksud komunikatif tetap terbaca jelas oleh manusia dan klasifikasi (PROMOTION) 100% terjaga.,human_expert_auditor,APPROVED
REV_0276,DS4_007206,O4_UNICODE_ORTHOGRAPHIC,MILD,1,"INSYA ALLAH  liat video memasak, 🤎𝐏𝐑𝐎𝐁𝐄𝐓 𝟖𝟓𝟓🤎 menyiapkan segala video apapun itu !!","INSYA ALLAH  liat video memasak, 🤎𝐏𝐑𝐎𝐁𝐄𝐓 𝟖𝟓𝟓🤎 menyiapkan segala video apаpun itu !!",YES,YES,YES,Validasi: Bot spam yang menyelipkan nama situs judi '🤎𝐏𝐑𝐎𝐁𝐄𝐓 𝟖𝟓𝟓🤎' ke dalam komentar video memasak. Perturbasi O4_UNICODE_ORTHOGRAPHIC (MILD) berhasil disimulasikan; maksud komunikatif tetap terbaca jelas oleh manusia dan klasifikasi (PROMOTION) 100% terjaga.,human_expert_auditor,APPROVED
REV_0277,DS4_007230,O4_UNICODE_ORTHOGRAPHIC,MILD,1,Bagus kreatif nih💙P R O B E T  8 5 5💙,Bagus kreаtif nih💙P R O B E T  8 5 5💙,YES,YES,YES,Validasi: Spam bot menyisipkan nama situs judi 'P R O B E T  8 5 5' dengan spasi antar karakter. Perturbasi O4_UNICODE_ORTHOGRAPHIC (MILD) berhasil disimulasikan; maksud komunikatif tetap terbaca jelas oleh manusia dan klasifikasi (PROMOTION) 100% terjaga.,human_expert_auditor,APPROVED
REV_0278,DS4_007564,O4_UNICODE_ORTHOGRAPHIC,MILD,1,Ronde berikut coba di 𝐖𝐄𝐓𝐎𝐍𝟖𝟖 bang,Rоnde berikut coba di 𝐖𝐄𝐓𝐎𝐍𝟖𝟖 bang,YES,YES,YES,Validasi: Ajakan langsung mencoba bermain judi pada platform/situs '𝐖𝐄𝐓𝐎𝐍𝟖𝟖' untuk ronde berikutnya. Perturbasi O4_UNICODE_ORTHOGRAPHIC (MILD) berhasil disimulasikan; maksud komunikatif tetap terbaca jelas oleh manusia dan klasifikasi (PROMOTION) 100% terjaga.,human_expert_auditor,APPROVED
REV_0279,DS4_009265,O4_UNICODE_ORTHOGRAPHIC,MILD,1,"Videonya kocak banget! 😂
Tadi abis scroll 🅳🅴🅰🅻🅼🅰🆇🆆🅸🅽, eh nyasar ke sini. Worth it!","Videonya kocak banget! 😂
Tadi abis sсroll 🅳🅴🅰🅻🅼🅰🆇🆆🅸🅽, eh nyasar ke sini. Worth it!",YES,YES,YES,Validasi: Komentar manipulatif berpura-pura menikmati video namun menyisipkan nama platform judi '🅳🅴🅰🅻🅼🅰🆇🆆🅸🅽'. Perturbasi O4_UNICODE_ORTHOGRAPHIC (MILD) berhasil disimulasikan; maksud komunikatif tetap terbaca jelas oleh manusia dan klasifikasi (PROMOTION) 100% terjaga.,human_expert_auditor,APPROVED
REV_0280,DS4_014476,O4_UNICODE_ORTHOGRAPHIC,MILD,1,"Masyaallah, ❤𝐌𝐎𝐍𝐀 𝟒𝐃🔴 bikin takjub! Visualnya ciamik, ceritanya penuh makna, dan untungnya wow! ✨","Masyaallah, ❤𝐌𝐎𝐍𝐀 𝟒𝐃🔴 bikin takjub! Visualnya ciаmik, ceritanya penuh makna, dan untungnya wow! ✨",YES,YES,YES,Validasi: Bot spam menyisipkan brand judi '❤𝐌𝐎𝐍𝐀 𝟒𝐃🔴' berkedok pujian takjub dan klaim untung besar. Perturbasi O4_UNICODE_ORTHOGRAPHIC (MILD) berhasil disimulasikan; maksud komunikatif tetap terbaca jelas oleh manusia dan klasifikasi (PROMOTION) 100% terjaga.,human_expert_auditor,APPROVED
REV_0281,DS1_001144,O4_UNICODE_ORTHOGRAPHIC,STRONG,0,AL SIAPA YAAAA,AL SIAPА YAАAA,YES,YES,YES,Validasi: Komentar organik penonton YouTube menanyakan sosok/karakter 'AL'. Murni percakapan publik non-judi. Perturbasi O4_UNICODE_ORTHOGRAPHIC (STRONG) berhasil disimulasikan; maksud komunikatif tetap terbaca jelas oleh manusia dan klasifikasi (NON_PROMOTION) 100% terjaga.,human_expert_auditor,APPROVED
REV_0282,DS1_004796,O4_UNICODE_ORTHOGRAPHIC,STRONG,0,"Mending ajak keluarga piknik! Hiburan halal, kebahagiaan nyata. 🏞️","Mending ajak keluarga рiknik! Hiburаn halal, kebahagiaan nyata. 🏞️",YES,YES,YES,Validasi: Komentar positif tentang rekreasi keluarga halal dan kebahagiaan nyata (konten gaya hidup/edukasi). Bukan promosi judi. Perturbasi O4_UNICODE_ORTHOGRAPHIC (STRONG) berhasil disimulasikan; maksud komunikatif tetap terbaca jelas oleh manusia dan klasifikasi (NON_PROMOTION) 100% terjaga.,human_expert_auditor,APPROVED
REV_0283,DS2_002855,O4_UNICODE_ORTHOGRAPHIC,STRONG,0,Hp gw samsung note10 plus Aja masi dapet,Hp gw sаmsung note10 plus Aja mаsi dapet,YES,YES,YES,Validasi: Diskusi spesifikasi gadget/smartphone (Samsung Note 10 Plus). Bukan promosi judi. Perturbasi O4_UNICODE_ORTHOGRAPHIC (STRONG) berhasil disimulasikan; maksud komunikatif tetap terbaca jelas oleh manusia dan klasifikasi (NON_PROMOTION) 100% terjaga.,human_expert_auditor,APPROVED
REV_0284,DS2_004215,O4_UNICODE_ORTHOGRAPHIC,STRONG,0,"penasaran sama batre nya setipis apa ya, gokil yg buat desain hp nya","penasaran sama batre nya setipis apa ya, gokil yg buаt desаin hp nya",YES,YES,YES,Validasi: Diskusi teknis desain gadget dan ketipisan baterai smartphone. Murni obrolan teknologi. Perturbasi O4_UNICODE_ORTHOGRAPHIC (STRONG) berhasil disimulasikan; maksud komunikatif tetap terbaca jelas oleh manusia dan klasifikasi (NON_PROMOTION) 100% terjaga.,human_expert_auditor,APPROVED
REV_0285,DS2_007035,O4_UNICODE_ORTHOGRAPHIC,STRONG,0,"​@4R4D34ga bisa sih, kalo dibuang harus ada penggantinya","​@4R4D34gа bisа sih, kalo dibuang harus ada penggantinya",YES,YES,YES,Validasi: Interaksi balasan komentar YouTube (@4R4D34) mengenai pergantian barang/sistem. Obrolan umum. Perturbasi O4_UNICODE_ORTHOGRAPHIC (STRONG) berhasil disimulasikan; maksud komunikatif tetap terbaca jelas oleh manusia dan klasifikasi (NON_PROMOTION) 100% terjaga.,human_expert_auditor,APPROVED
REV_0286,DS2_008010,O4_UNICODE_ORTHOGRAPHIC,STRONG,0,​@muhammadrifani8356lgi on fire ujung2 nya di kasih paham sama inter😂,​@muhammadrifani8356lgi on fire ujung2 nya di kаsih pahаm sama inter😂,YES,YES,YES,Validasi: Komentar diskusi sepak bola (@muhammadrifani8356) terkait performa klub Inter Milan. Bukan promosi judi. Perturbasi O4_UNICODE_ORTHOGRAPHIC (STRONG) berhasil disimulasikan; maksud komunikatif tetap terbaca jelas oleh manusia dan klasifikasi (NON_PROMOTION) 100% terjaga.,human_expert_auditor,APPROVED
REV_0287,DS2_014897,O4_UNICODE_ORTHOGRAPHIC,STRONG,0,wanda ikut campur bgt dahhh wkwkwk,wanda ikut campur bgt dаhhh wkwkkwk,YES,YES,YES,Validasi: Komentar santai/reaksi terhadap konten vlog personal/drama figur 'wanda'. Bukan promosi judi. Perturbasi O4_UNICODE_ORTHOGRAPHIC (STRONG) berhasil disimulasikan; maksud komunikatif tetap terbaca jelas oleh manusia dan klasifikasi (NON_PROMOTION) 100% terjaga.,human_expert_auditor,APPROVED
REV_0288,DS2_014995,O4_UNICODE_ORTHOGRAPHIC,STRONG,0,Kaos oasis: gue dateng ke rumah yg tepat 😂,Kaоs oasis: gue dateng ke rumah yg teрat 😂,YES,YES,YES,Validasi: Komentar humor budaya pop/musik mengenai merchandise kaos band Oasis. Bukan promosi judi. Perturbasi O4_UNICODE_ORTHOGRAPHIC (STRONG) berhasil disimulasikan; maksud komunikatif tetap terbaca jelas oleh manusia dan klasifikasi (NON_PROMOTION) 100% terjaga.,human_expert_auditor,APPROVED
REV_0289,DS2_015418,O4_UNICODE_ORTHOGRAPHIC,STRONG,0,pilek u jusa?,рilek u jusа?,YES,YES,YES,Validasi: Komentar candaan/interaksi personal ('pilek u jusa?'). Bukan promosi judi. Perturbasi O4_UNICODE_ORTHOGRAPHIC (STRONG) berhasil disimulasikan; maksud komunikatif tetap terbaca jelas oleh manusia dan klasifikasi (NON_PROMOTION) 100% terjaga.,human_expert_auditor,APPROVED
REV_0290,DS2_017109,O4_UNICODE_ORTHOGRAPHIC,STRONG,0,Iloveyou all❤❤❤,Iloveyоu all❤❤❤,YES,YES,YES,Validasi: Apresiasi kasih sayang penonton channel ('Iloveyou all'). Bukan promosi judi. Perturbasi O4_UNICODE_ORTHOGRAPHIC (STRONG) berhasil disimulasikan; maksud komunikatif tetap terbaca jelas oleh manusia dan klasifikasi (NON_PROMOTION) 100% terjaga.,human_expert_auditor,APPROVED
REV_0291,DS2_018022,O4_UNICODE_ORTHOGRAPHIC,STRONG,0,Di tunggu vlog lainya mayiii❤❤,Di tuunggu vlog lainya mаyiii❤❤,YES,YES,YES,Validasi: Komentar penonton yang menantikan vlog berikutnya dari kreator ('mayiii'). Bukan promosi judi. Perturbasi O4_UNICODE_ORTHOGRAPHIC (STRONG) berhasil disimulasikan; maksud komunikatif tetap terbaca jelas oleh manusia dan klasifikasi (NON_PROMOTION) 100% terjaga.,human_expert_auditor,APPROVED
REV_0292,DS2_018266,O4_UNICODE_ORTHOGRAPHIC,STRONG,0,jantungan sumpah ini game,jantungаn sumрah ini game,YES,YES,YES,Validasi: Komentar reaksi penonton saat menyaksikan video gameplay game yang menegangkan/horor. Bukan promosi judi. Perturbasi O4_UNICODE_ORTHOGRAPHIC (STRONG) berhasil disimulasikan; maksud komunikatif tetap terbaca jelas oleh manusia dan klasifikasi (NON_PROMOTION) 100% terjaga.,human_expert_auditor,APPROVED
REV_0293,DS2_020319,O4_UNICODE_ORTHOGRAPHIC,STRONG,0,Assalamualaikum ustad saya mohon sarannya ustad saat ini saya sdh berusaha utk keluar dari hal2 yg berhubungan dg riba saya setiap mlm saya selalu meminta pd ALLAH SWT agar dijauhkan dari riba tetapi kenapa ALLAH SWT malah memberikan suami saya pekerjaan yg berhubngan dg riba apakah saya diuji?,Assalamualaikum ustad saya mohon sarannya ustad saat ini saya sdh berusaha utk keluar dari hal2 yg berhubungan dg riba saya setiap mlm saya selalu meminta pd ALLAH SWT agar dijauhkan dari riba tetapi kenapa ALLАH SWT mаlah memberikan suami saya pekerjaan yg berhubngan dg riba apakah saya diuji?,YES,YES,YES,Validasi: Pertanyaan konsultasi agama kepada ustadz tentang ikhtiar menghindari riba dalam pekerjaan. Sangat jelas non-promosi judi. Perturbasi O4_UNICODE_ORTHOGRAPHIC (STRONG) berhasil disimulasikan; maksud komunikatif tetap terbaca jelas oleh manusia dan klasifikasi (NON_PROMOTION) 100% terjaga.,human_expert_auditor,APPROVED
REV_0294,DS4_000831,O4_UNICODE_ORTHOGRAPHIC,STRONG,0,First,Fiirst,YES,YES,YES,Validasi: Komentar tipikal penonton YouTube ('First'). Bukan promosi judi. Perturbasi O4_UNICODE_ORTHOGRAPHIC (STRONG) berhasil disimulasikan; maksud komunikatif tetap terbaca jelas oleh manusia dan klasifikasi (NON_PROMOTION) 100% terjaga.,human_expert_auditor,APPROVED
REV_0295,DS4_001481,O4_UNICODE_ORTHOGRAPHIC,STRONG,0,Kata-kata terakhir dari bkent : kairi kontol akiri kontol 😂,Kata-katа terakhir dari bkent : kairi kontol akiri kontоl 😂,YES,YES,YES,"Validasi: Kutipan candaan/slang komunitas gaming streaming Mobile Legends (bkent, kairi). Bukan promosi judi. Perturbasi O4_UNICODE_ORTHOGRAPHIC (STRONG) berhasil disimulasikan; maksud komunikatif tetap terbaca jelas oleh manusia dan klasifikasi (NON_PROMOTION) 100% terjaga.",human_expert_auditor,APPROVED
REV_0296,DS4_002001,O4_UNICODE_ORTHOGRAPHIC,STRONG,0,😁🤣🤣,😁🤣🤣,YES,YES,YES,"Validasi: Komentar reaksi hanya berupa emoji tertawa ('😁🤣🤣'). Bukan promosi judi. Teks tidak memiliki target karakter yang memenuhi syarat untuk O4_UNICODE_ORTHOGRAPHIC (STRONG), status NO_ELIGIBLE_TARGET/no-change valid dan label (NON_PROMOTION) terjaga.",human_expert_auditor,APPROVED
REV_0297,DS4_002039,O4_UNICODE_ORTHOGRAPHIC,STRONG,0,Badut mseries nambah lawak dgn roster baru,Bаdut mseries nambah lawak dgn rostеr baru,YES,YES,YES,Validasi: Komentar kompetisi esports Mobile Legends (M-Series) dan susunan roster tim. Bukan promosi judi. Perturbasi O4_UNICODE_ORTHOGRAPHIC (STRONG) berhasil disimulasikan; maksud komunikatif tetap terbaca jelas oleh manusia dan klasifikasi (NON_PROMOTION) 100% terjaga.,human_expert_auditor,APPROVED
REV_0298,DS4_003354,O4_UNICODE_ORTHOGRAPHIC,STRONG,0,"ELGOAT 0-7-2
😂","ELGOАT 0-7-2
😂",YES,YES,YES,Validasi: Komentar roasting statistik skor KDA pertandingan game MLBB (ELGOAT 0-7-2). Bukan promosi judi. Perturbasi O4_UNICODE_ORTHOGRAPHIC (STRONG) berhasil disimulasikan; maksud komunikatif tetap terbaca jelas oleh manusia dan klasifikasi (NON_PROMOTION) 100% terjaga.,human_expert_auditor,APPROVED
REV_0299,DS4_004142,O4_UNICODE_ORTHOGRAPHIC,STRONG,0,"Kenapa akhir² ini lu sering pake thumbnail yang lama sih ketua? Gw kangen video lu yang dulu lebih lucu dan menghibur kebanding sekarang yang lebih fokus ke sawerian daripada gameplay Miya nya, ayolah comeback kembali ketua🔥😎","Kenapa akhir² ini lu sеring pake thumbnail yang lama sih ketua? Gw kangen video lu yang dulu lebih luсu dan menghibur kebanding sekarang yang lebih fokus ke sawerian daripada gameplay Miya nya, ayolah comeback kembali ketua🔥😎",YES,YES,YES,Validasi: Kritik dan saran subscriber terhadap konten kreator streaming game (gameplay Miya vs saweria). Bukan promosi judi. Perturbasi O4_UNICODE_ORTHOGRAPHIC (STRONG) berhasil disimulasikan; maksud komunikatif tetap terbaca jelas oleh manusia dan klasifikasi (NON_PROMOTION) 100% terjaga.,human_expert_auditor,APPROVED
REV_0300,DS4_006463,O4_UNICODE_ORTHOGRAPHIC,STRONG,0,"Kasih keras ketua, pecah lagi layar nya wkwk","Kasih keras ketua, рecah lаgi layar nya wkwk",YES,YES,YES,Validasi: Komentar antusias penonton terhadap kreator gaming ('pecah lagi layarnya ketua'). Bukan promosi judi. Perturbasi O4_UNICODE_ORTHOGRAPHIC (STRONG) berhasil disimulasikan; maksud komunikatif tetap terbaca jelas oleh manusia dan klasifikasi (NON_PROMOTION) 100% terjaga.,human_expert_auditor,APPROVED
REV_0301,DS1_005307,O4_UNICODE_ORTHOGRAPHIC,STRONG,1,gua sih udah ga heran lagi kalo ALEXIS-☯17☯ jadi trending terus,gua sih udah ga heran lаgi kalo ALEXIS-☯17☯ jаdi trending terus,YES,YES,YES,Validasi: Spam promosi judi online mengatasnamakan trending dengan menyebutkan brand situs judi 'ALEXIS-☯17☯'. Perturbasi O4_UNICODE_ORTHOGRAPHIC (STRONG) berhasil disimulasikan; maksud komunikatif tetap terbaca jelas oleh manusia dan klasifikasi (PROMOTION) 100% terjaga.,human_expert_auditor,APPROVED
REV_0302,DS1_005773,O4_UNICODE_ORTHOGRAPHIC,STRONG,1,"Video punchline ALEXIS17 viral tuh, udah nonton belom?","Video punchlinе АLEXIS17 viral tuh, udah nonton belom?",YES,YES,YES,Validasi: Promosi terselubung menyisipkan nama situs judi 'ALEXIS17' dengan format ajakan menonton video punchline. Perturbasi O4_UNICODE_ORTHOGRAPHIC (STRONG) berhasil disimulasikan; maksud komunikatif tetap terbaca jelas oleh manusia dan klasifikasi (PROMOTION) 100% terjaga.,human_expert_auditor,APPROVED
REV_0303,DS1_006000,O4_UNICODE_ORTHOGRAPHIC,STRONG,1,"Kalo alexis17 udah bikin sketsa, suasana auto pecah!","Kalo aleхis17 udаh bikin sketsa, suasana auto pecah!",YES,YES,YES,Validasi: Endorsement bot promosi judi online menyisipkan brand platform 'alexis17' dalam sketsa rekaan. Perturbasi O4_UNICODE_ORTHOGRAPHIC (STRONG) berhasil disimulasikan; maksud komunikatif tetap terbaca jelas oleh manusia dan klasifikasi (PROMOTION) 100% terjaga.,human_expert_auditor,APPROVED
REV_0304,DS1_006151,O4_UNICODE_ORTHOGRAPHIC,STRONG,1,"Bro, Pokoknya kalo butuh cepet, ⭐𝘼𝙇𝙀𝙓𝙄𝙎17 solusinya.","Bro, Pokoknya kalo butuh cеpet, ⭐𝘼𝙇𝙀𝙓𝙄𝙎17 sоlusinya.",YES,YES,YES,Validasi: Promosi eksplisit dan ajakan (CTA) solusi uang cepat dengan merekomendasikan platform judi '⭐𝘼𝙇𝙀𝙓𝙄𝙎17'. Perturbasi O4_UNICODE_ORTHOGRAPHIC (STRONG) berhasil disimulasikan; maksud komunikatif tetap terbaca jelas oleh manusia dan klasifikasi (PROMOTION) 100% terjaga.,human_expert_auditor,APPROVED
REV_0305,DS1_006482,O4_UNICODE_ORTHOGRAPHIC,STRONG,1,temenku baru narik 27jt di *GUNUNGWIN* anjir .. gila emank jad iri,temenku baru narik 27jt di *GUNUNGWIIN* аnjir .. gila emank jad iri,YES,YES,YES,Validasi: Testimoni kemenangan/pencairan dana (withdraw 27jt) di situs judi online '*GUNUNGWIN*' untuk memikat pemain. Perturbasi O4_UNICODE_ORTHOGRAPHIC (STRONG) berhasil disimulasikan; maksud komunikatif tetap terbaca jelas oleh manusia dan klasifikasi (PROMOTION) 100% terjaga.,human_expert_auditor,APPROVED
REV_0306,DS1_006672,O4_UNICODE_ORTHOGRAPHIC,STRONG,1,"Malem minggu gak galau, bareng 𝗩𝗜𝗖𝗧𝗢𝗥𝗬𝟬𝟬𝟳 saldo ngalir 🚀","Malem mingguu gak galau, bareng 𝗩𝗜𝗖𝗧𝗢𝗥𝗬𝟬𝟬𝟳 saldо ngalir 🚀",YES,YES,YES,Validasi: Promosi situs judi online '𝗩𝗜𝗖𝗧𝗢𝗥𝗬𝟬𝟬𝟳' dengan iming-iming 'saldo ngalir' untuk menghilangkan galau. Perturbasi O4_UNICODE_ORTHOGRAPHIC (STRONG) berhasil disimulasikan; maksud komunikatif tetap terbaca jelas oleh manusia dan klasifikasi (PROMOTION) 100% terjaga.,human_expert_auditor,APPROVED
REV_0307,DS1_008338,O4_UNICODE_ORTHOGRAPHIC,STRONG,1,"Wow, 𝐌𝐎𝐍𝐀𝟒𝐃 bikin beda! Inspiratif, bikin semangat. 💪","Wow, 𝐌𝐎𝐍𝐀𝟒𝐃 bikin beda! Inspirаtif, bikin sеmangat. 💪",YES,YES,YES,Validasi: Spam endorsement brand situs judi online '𝐌𝐎𝐍𝐀𝟒𝐃' menggunakan font unicode tebal. Perturbasi O4_UNICODE_ORTHOGRAPHIC (STRONG) berhasil disimulasikan; maksud komunikatif tetap terbaca jelas oleh manusia dan klasifikasi (PROMOTION) 100% terjaga.,human_expert_auditor,APPROVED
REV_0308,DS1_008410,O4_UNICODE_ORTHOGRAPHIC,STRONG,1,"Gak bakal move on dari PROBET855, udah jadi sumber rejeki! 🙏","Gak bakаl move on dari PROBET855, udаh jadi sumber rejeki! 🙏",YES,YES,YES,Validasi: Testimoni dan endorsement situs judi 'PROBET855' yang diklaim sebagai 'sumber rejeki'. Perturbasi O4_UNICODE_ORTHOGRAPHIC (STRONG) berhasil disimulasikan; maksud komunikatif tetap terbaca jelas oleh manusia dan klasifikasi (PROMOTION) 100% terjaga.,human_expert_auditor,APPROVED
REV_0309,DS1_008439,O4_UNICODE_ORTHOGRAPHIC,STRONG,1,"DORA77 itu kayak pacar setia, selalu kasih cuan! ❤️","DORА77 itu kayak pacar sеtia, selalu kasih cuan! ❤️",YES,YES,YES,Validasi: Endorsement promosi platform judi 'DORA77' dengan klaim 'selalu kasih cuan'. Perturbasi O4_UNICODE_ORTHOGRAPHIC (STRONG) berhasil disimulasikan; maksud komunikatif tetap terbaca jelas oleh manusia dan klasifikasi (PROMOTION) 100% terjaga.,human_expert_auditor,APPROVED
REV_0310,DS2_010918,O4_UNICODE_ORTHOGRAPHIC,STRONG,1,"Kirain depo 20k bakal zonk di ✨ ʙᴀɴ TEɴɢ HO ᴋɪ⚡️, eh malah di kasih 37jt 🔥","Kirain deрo 20k bakal zonk di ✨ ʙᴀɴ TEɴɢ HO ᴋɪ⚡️, eh malаh di kasih 37jt 🔥",YES,YES,YES,Validasi: Testimoni klaim jackpot modal deposit (depo 20k dapat 37jt) pada situs judi 'ʙᴀɴ TEɴɢ HO ᴋɪ' (Banteng Hoki). Perturbasi O4_UNICODE_ORTHOGRAPHIC (STRONG) berhasil disimulasikan; maksud komunikatif tetap terbaca jelas oleh manusia dan klasifikasi (PROMOTION) 100% terjaga.,human_expert_auditor,APPROVED
REV_0311,DS2_013502,O4_UNICODE_ORTHOGRAPHIC,STRONG,1,"Sambil nonton, coba ➡️𝐏𝐒𝐓𝐎𝐓𝐎9️⃣9️⃣ deh, lumayan hoki 😁","Sambil nonton, coba ➡️𝐏𝐏𝐒𝐓𝐎𝐓𝐎9️⃣9️⃣ deh, lumayan hоki 😁",YES,YES,YES,Validasi: Ajakan langsung (CTA) mencoba platform judi togel/slot '𝐏𝐒𝐓𝐎𝐓𝐎9️⃣9️⃣' dengan klaim hoki. Perturbasi O4_UNICODE_ORTHOGRAPHIC (STRONG) berhasil disimulasikan; maksud komunikatif tetap terbaca jelas oleh manusia dan klasifikasi (PROMOTION) 100% terjaga.,human_expert_auditor,APPROVED
REV_0312,DS2_013740,O4_UNICODE_ORTHOGRAPHIC,STRONG,1,"Wuih, ❤TON 4D❤! Kemenangan beneran pecah, feel-nya perfect. Gaskeun! 🔥","Wuih, ❤TON 4D❤! Kemenangan beneran pecаh, feel-nyа perfect. Gaskeun! 🔥",YES,YES,YES,Validasi: Promosi ajakan bermain ('Gaskeun!') dengan klaim kemenangan pecah di situs judi 'TON 4D'. Perturbasi O4_UNICODE_ORTHOGRAPHIC (STRONG) berhasil disimulasikan; maksud komunikatif tetap terbaca jelas oleh manusia dan klasifikasi (PROMOTION) 100% terjaga.,human_expert_auditor,APPROVED
REV_0313,DS2_015147,O4_UNICODE_ORTHOGRAPHIC,STRONG,1,"Datang santai, pulang puas ♔★ ℕ𝕒𝕤𝕒𝔾𝕒𝕞𝕚𝕟𝕘 👻🎈","Datang sаntai, pulang puаs ♔★ ℕ𝕒𝕤𝕒𝔾𝕒𝕞𝕚𝕟𝕘 👻🎈",YES,YES,YES,"Validasi: Slogan promosi brand situs game judi online 'ℕ𝕒𝕤𝕒𝔾𝕒𝕞𝕚𝕟𝕘' ('Datang santai, pulang puas'). Perturbasi O4_UNICODE_ORTHOGRAPHIC (STRONG) berhasil disimulasikan; maksud komunikatif tetap terbaca jelas oleh manusia dan klasifikasi (PROMOTION) 100% terjaga.",human_expert_auditor,APPROVED
REV_0314,DS4_006634,O4_UNICODE_ORTHOGRAPHIC,STRONG,1,tempat para player dapet maxwin tiada henti ❤𝐌𝐀𝐇𝐀𝐊𝐀𝐌𝟒𝐃❤,tempat para рlayer dapet mаxwin tiada henti ❤𝐌𝐀𝐇𝐀𝐊𝐀𝐌𝟒𝐃❤,YES,YES,YES,Validasi: Promosi situs judi online '𝐌𝐀𝐇𝐀𝐊𝐀𝐌𝟒𝐃' dengan janji klaim kemenangan 'maxwin tiada henti'. Perturbasi O4_UNICODE_ORTHOGRAPHIC (STRONG) berhasil disimulasikan; maksud komunikatif tetap terbaca jelas oleh manusia dan klasifikasi (PROMOTION) 100% terjaga.,human_expert_auditor,APPROVED
REV_0315,DS4_006908,O4_UNICODE_ORTHOGRAPHIC,STRONG,1,"[̲̅P][̲̅U][̲̅L][̲̅A][̲̅U][̲̅7][̲̅7][̲̅7], tempat terbaik untuk pemain sejati","[̲̅P][̲̅U][̲̅L][̲̅А][̲̅U][̲̅7][̲̅7][̲̅7], tempat terbaik untuuk pemain sejati",YES,YES,YES,Validasi: Promosi platform judi 'PULAU777' (font kotak) yang diklaim sebagai 'tempat terbaik untuk pemain sejati'. Perturbasi O4_UNICODE_ORTHOGRAPHIC (STRONG) berhasil disimulasikan; maksud komunikatif tetap terbaca jelas oleh manusia dan klasifikasi (PROMOTION) 100% terjaga.,human_expert_auditor,APPROVED
REV_0316,DS4_007206,O4_UNICODE_ORTHOGRAPHIC,STRONG,1,"INSYA ALLAH  liat video memasak, 🤎𝐏𝐑𝐎𝐁𝐄𝐓 𝟖𝟓𝟓🤎 menyiapkan segala video apapun itu !!","INSYA ALLAH  liat videо memasak, 🤎𝐏𝐑𝐎𝐁𝐄𝐓 𝟖𝟓𝟓🤎 menyiapkan segala video apaрun itu !!",YES,YES,YES,Validasi: Bot spam yang menyelipkan nama situs judi '🤎𝐏𝐑𝐎𝐁𝐄𝐓 𝟖𝟓𝟓🤎' ke dalam komentar video memasak. Perturbasi O4_UNICODE_ORTHOGRAPHIC (STRONG) berhasil disimulasikan; maksud komunikatif tetap terbaca jelas oleh manusia dan klasifikasi (PROMOTION) 100% terjaga.,human_expert_auditor,APPROVED
REV_0317,DS4_007230,O4_UNICODE_ORTHOGRAPHIC,STRONG,1,Bagus kreatif nih💙P R O B E T  8 5 5💙,Bаgus kreatif nih💙Р R O B E T  8 5 5💙,YES,YES,YES,Validasi: Spam bot menyisipkan nama situs judi 'P R O B E T  8 5 5' dengan spasi antar karakter. Perturbasi O4_UNICODE_ORTHOGRAPHIC (STRONG) berhasil disimulasikan; maksud komunikatif tetap terbaca jelas oleh manusia dan klasifikasi (PROMOTION) 100% terjaga.,human_expert_auditor,APPROVED
REV_0318,DS4_007564,O4_UNICODE_ORTHOGRAPHIC,STRONG,1,Ronde berikut coba di 𝐖𝐄𝐓𝐎𝐍𝟖𝟖 bang,Ronde berikut coba di 𝐖𝐄𝐓𝐎𝐍𝟖𝟖𝟖 bаng,YES,YES,YES,Validasi: Ajakan langsung mencoba bermain judi pada platform/situs '𝐖𝐄𝐓𝐎𝐍𝟖𝟖' untuk ronde berikutnya. Perturbasi O4_UNICODE_ORTHOGRAPHIC (STRONG) berhasil disimulasikan; maksud komunikatif tetap terbaca jelas oleh manusia dan klasifikasi (PROMOTION) 100% terjaga.,human_expert_auditor,APPROVED
REV_0319,DS4_009265,O4_UNICODE_ORTHOGRAPHIC,STRONG,1,"Videonya kocak banget! 😂
Tadi abis scroll 🅳🅴🅰🅻🅼🅰🆇🆆🅸🅽, eh nyasar ke sini. Worth it!","Videonya kocаk banget! 😂
Tadi abis scroll 🅳🅴🅰🅻🅼🅰🆇🆆🅸🅽, eh nyasаr ke sini. Worth it!",YES,YES,YES,Validasi: Komentar manipulatif berpura-pura menikmati video namun menyisipkan nama platform judi '🅳🅴🅰🅻🅼🅰🆇🆆🅸🅽'. Perturbasi O4_UNICODE_ORTHOGRAPHIC (STRONG) berhasil disimulasikan; maksud komunikatif tetap terbaca jelas oleh manusia dan klasifikasi (PROMOTION) 100% terjaga.,human_expert_auditor,APPROVED
REV_0320,DS4_014476,O4_UNICODE_ORTHOGRAPHIC,STRONG,1,"Masyaallah, ❤𝐌𝐎𝐍𝐀 𝟒𝐃🔴 bikin takjub! Visualnya ciamik, ceritanya penuh makna, dan untungnya wow! ✨","Masyaаllah, ❤𝐌𝐎𝐍𝐍𝐀 𝟒𝐃🔴 bikin takjub! Visualnya ciamik, ceritanya penuh makna, dan untungnya wow! ✨",YES,YES,YES,Validasi: Bot spam menyisipkan brand judi '❤𝐌𝐎𝐍𝐀 𝟒𝐃🔴' berkedok pujian takjub dan klaim untung besar. Perturbasi O4_UNICODE_ORTHOGRAPHIC (STRONG) berhasil disimulasikan; maksud komunikatif tetap terbaca jelas oleh manusia dan klasifikasi (PROMOTION) 100% terjaga.,human_expert_auditor,APPROVED
