pair_id,source_record_id,source_dataset,canonical_label,family,severity,seed,text_original,text_obfuscated,changed,status,failure_reason,modified_char_count,modified_char_ratio,modified_token_count
DS1_001144_NORMAL_NORMAL,DS1_001144,DS1_fahruu,0,NORMAL,NORMAL,42,AL SIAPA YAAAA,AL SIAPA YAAAA,False,SUCCESS,,0,0.0,0
DS1_001144_O1_CHAR_SUBSTITUTION_MILD,DS1_001144,DS1_fahruu,0,O1_CHAR_SUBSTITUTION,MILD,42,AL SIAPA YAAAA,AL S1APA YAAAA,True,SUCCESS,,1,0.0714,1
DS1_001144_O1_CHAR_SUBSTITUTION_STRONG,DS1_001144,DS1_fahruu,0,O1_CHAR_SUBSTITUTION,STRONG,42,AL SIAPA YAAAA,AL S1AP4 YA44A,True,SUCCESS,,4,0.2857,2
DS1_001144_O2_CHAR_INSERT_DELETE_MILD,DS1_001144,DS1_fahruu,0,O2_CHAR_INSERT_DELETE,MILD,42,AL SIAPA YAAAA,AL SIAPA YAAA,True,SUCCESS,,1,0.0714,1
DS1_001144_O2_CHAR_INSERT_DELETE_STRONG,DS1_001144,DS1_fahruu,0,O2_CHAR_INSERT_DELETE,STRONG,42,AL SIAPA YAAAA,AL SIAA YAAA,True,SUCCESS,,2,0.1429,2
DS1_001144_O3_WHITESPACE_MILD,DS1_001144,DS1_fahruu,0,O3_WHITESPACE,MILD,42,AL SIAPA YAAAA,AL SIAPA YAA AA,True,SUCCESS,,1,0.0714,1
DS1_001144_O3_WHITESPACE_STRONG,DS1_001144,DS1_fahruu,0,O3_WHITESPACE,STRONG,42,AL SIAPA YAAAA,AL SIAP A YAA AA,True,SUCCESS,,2,0.1429,2
DS1_001144_O4_UNICODE_ORTHOGRAPHIC_MILD,DS1_001144,DS1_fahruu,0,O4_UNICODE_ORTHOGRAPHIC,MILD,42,AL SIAPA YAAAA,AL SIAPA YAAАA,True,SUCCESS,,1,0.0714,1
DS1_001144_O4_UNICODE_ORTHOGRAPHIC_STRONG,DS1_001144,DS1_fahruu,0,O4_UNICODE_ORTHOGRAPHIC,STRONG,42,AL SIAPA YAAAA,AL SIAPА YAАAA,True,SUCCESS,,2,0.1429,2
DS1_002554_NORMAL_NORMAL,DS1_002554,DS1_fahruu,0,NORMAL,NORMAL,42,"Pantesan dana milyaran, kominfo cuma bangga ""KAMI BERHASIL MEMBLOKIR SITUS ABCD"". Tidak pernah serius memberantas judol secara umum.

Eh, ternyata banyak situs ""EFGH"" yg dilindungi bahkan dijembatani dan dipelihara 😂😂😂. 

Ibarat nangkepin maling yg gak ada kontribusi utk mereka, disisi lain lindungi maling yg selalu setor sebagian hasil permalingan kepada mereka 🤣","Pantesan dana milyaran, kominfo cuma bangga ""KAMI BERHASIL MEMBLOKIR SITUS ABCD"". Tidak pernah serius memberantas judol secara umum.

Eh, ternyata banyak situs ""EFGH"" yg dilindungi bahkan dijembatani dan dipelihara 😂😂😂. 

Ibarat nangkepin maling yg gak ada kontribusi utk mereka, disisi lain lindungi maling yg selalu setor sebagian hasil permalingan kepada mereka 🤣",False,SUCCESS,,0,0.0,0
DS1_002554_O1_CHAR_SUBSTITUTION_MILD,DS1_002554,DS1_fahruu,0,O1_CHAR_SUBSTITUTION,MILD,42,"Pantesan dana milyaran, kominfo cuma bangga ""KAMI BERHASIL MEMBLOKIR SITUS ABCD"". Tidak pernah serius memberantas judol secara umum.

Eh, ternyata banyak situs ""EFGH"" yg dilindungi bahkan dijembatani dan dipelihara 😂😂😂. 

Ibarat nangkepin maling yg gak ada kontribusi utk mereka, disisi lain lindungi maling yg selalu setor sebagian hasil permalingan kepada mereka 🤣","Pantesan dana milyaran, kom1nfo cuma bangga ""KAMI BERHASIL MEMBLOKIR SITUS ABCD"". Tidak pernah serius memberantas judol secara umum.

Eh, ternyata banyak situs ""EFGH"" yg dilindungi bahkan dijembatani dan dipelihara 😂😂😂. 

Ibarat nangkepin maling yg gak ada kontribusi utk mereka, disisi lain lindungi maling yg selalu setor sebagian hasil permalingan kepada mereka 🤣",True,SUCCESS,,1,0.0027,1
DS1_002554_O1_CHAR_SUBSTITUTION_STRONG,DS1_002554,DS1_fahruu,0,O1_CHAR_SUBSTITUTION,STRONG,42,"Pantesan dana milyaran, kominfo cuma bangga ""KAMI BERHASIL MEMBLOKIR SITUS ABCD"". Tidak pernah serius memberantas judol secara umum.

Eh, ternyata banyak situs ""EFGH"" yg dilindungi bahkan dijembatani dan dipelihara 😂😂😂. 

Ibarat nangkepin maling yg gak ada kontribusi utk mereka, disisi lain lindungi maling yg selalu setor sebagian hasil permalingan kepada mereka 🤣","Pantesan dana milyaran, kominfo cuma bangga ""K4M1 BERHASIL MEMBLOKIR SITUS ABCD"". Tidak pernah serius memberantas judol secara umum.

Eh, ternyata banyak situs ""EFGH"" yg dilindungi bahkan dijembatani dan dipelihara 😂😂😂. 

Ibarat nangkepin maling yg gak ada kontribusi utk m3rek4, disisi lain lindungi maling yg selalu setor sebagian hasil permalingan kepada mereka 🤣",True,SUCCESS,,4,0.0109,2
DS1_002554_O2_CHAR_INSERT_DELETE_MILD,DS1_002554,DS1_fahruu,0,O2_CHAR_INSERT_DELETE,MILD,42,"Pantesan dana milyaran, kominfo cuma bangga ""KAMI BERHASIL MEMBLOKIR SITUS ABCD"". Tidak pernah serius memberantas judol secara umum.

Eh, ternyata banyak situs ""EFGH"" yg dilindungi bahkan dijembatani dan dipelihara 😂😂😂. 

Ibarat nangkepin maling yg gak ada kontribusi utk mereka, disisi lain lindungi maling yg selalu setor sebagian hasil permalingan kepada mereka 🤣","Pantesan dana milyaran, kominfo cuma bangga ""KAMI BERHASIL MEMBLOKIR SITUS ABCD"". Tidak pernah serius memberantas judol secara umum.

Eh, ternyata banyak situs ""EFGH"" yg dilindungi bahkan dijembatani dan dipelihara 😂😂😂. 

Ibarat nangkepin maling yg gak ada kontribusi utk mereka, disisi lain lindungi maling yg selalu setor sebagian hasil permalingan kepada meeka 🤣",True,SUCCESS,,1,0.0027,1
DS1_002554_O2_CHAR_INSERT_DELETE_STRONG,DS1_002554,DS1_fahruu,0,O2_CHAR_INSERT_DELETE,STRONG,42,"Pantesan dana milyaran, kominfo cuma bangga ""KAMI BERHASIL MEMBLOKIR SITUS ABCD"". Tidak pernah serius memberantas judol secara umum.

Eh, ternyata banyak situs ""EFGH"" yg dilindungi bahkan dijembatani dan dipelihara 😂😂😂. 

Ibarat nangkepin maling yg gak ada kontribusi utk mereka, disisi lain lindungi maling yg selalu setor sebagian hasil permalingan kepada mereka 🤣","Pantesan dana milyaran, kominfo cuuma bangga ""KAMI BERHASIL MEMBLOKIR SITUS ABCD"". Tidak pernah serius memberantas judol secara umum.

Eh, ternyata banyak situs ""EFGH"" yg dilindungi bahkan dijembatani dan dipelihara 😂😂😂. 

Ibarat nangkepin maling yg gak ada kontribusi utk mereka, disisi lain lindunggi maling yg selalu setor sebagian hasil permalingan kepada mereka 🤣",True,SUCCESS,,2,0.0055,2
DS1_002554_O3_WHITESPACE_MILD,DS1_002554,DS1_fahruu,0,O3_WHITESPACE,MILD,42,"Pantesan dana milyaran, kominfo cuma bangga ""KAMI BERHASIL MEMBLOKIR SITUS ABCD"". Tidak pernah serius memberantas judol secara umum.

Eh, ternyata banyak situs ""EFGH"" yg dilindungi bahkan dijembatani dan dipelihara 😂😂😂. 

Ibarat nangkepin maling yg gak ada kontribusi utk mereka, disisi lain lindungi maling yg selalu setor sebagian hasil permalingan kepada mereka 🤣","Pantesan dana milyaran, kominfo cuma bangga ""KAMI BERHASIL MEMBLOKIR SITUS ABCD"". Tidak pernah serius memberantas judol secara umum.

Eh, ternyata banyak situs ""EFGH"" yg dilindungi bahkan dijembatani dan dipelihara 😂😂😂. 

Ibarat nangkepin maling yg gak ada kontribusi utk mereka, disisi lain lindungi maling yg selalu seto r sebagian hasil permalingan kepada mereka 🤣",True,SUCCESS,,1,0.0027,1
DS1_002554_O3_WHITESPACE_STRONG,DS1_002554,DS1_fahruu,0,O3_WHITESPACE,STRONG,42,"Pantesan dana milyaran, kominfo cuma bangga ""KAMI BERHASIL MEMBLOKIR SITUS ABCD"". Tidak pernah serius memberantas judol secara umum.

Eh, ternyata banyak situs ""EFGH"" yg dilindungi bahkan dijembatani dan dipelihara 😂😂😂. 

Ibarat nangkepin maling yg gak ada kontribusi utk mereka, disisi lain lindungi maling yg selalu setor sebagian hasil permalingan kepada mereka 🤣","Pantesan dana milyaran, kominfo cu ma bangga ""KAMI BERHASIL MEMBLOKIR SITUS ABCD"". Tidak pernah serius memberantas judol secara umum.

Eh, ternyata banyak situs ""EFGH"" yg dilindungi bahkan dijembatani dan dipelihara 😂😂😂. 

Ibarat nangkepin maling yg gak ada kontribusi utk mereka, disisi lai n lindungi maling yg selalu setor sebagian hasil permalingan kepada mereka 🤣",True,SUCCESS,,2,0.0055,2
DS1_002554_O4_UNICODE_ORTHOGRAPHIC_MILD,DS1_002554,DS1_fahruu,0,O4_UNICODE_ORTHOGRAPHIC,MILD,42,"Pantesan dana milyaran, kominfo cuma bangga ""KAMI BERHASIL MEMBLOKIR SITUS ABCD"". Tidak pernah serius memberantas judol secara umum.

Eh, ternyata banyak situs ""EFGH"" yg dilindungi bahkan dijembatani dan dipelihara 😂😂😂. 

Ibarat nangkepin maling yg gak ada kontribusi utk mereka, disisi lain lindungi maling yg selalu setor sebagian hasil permalingan kepada mereka 🤣","Pantesan dana milyaran, kominfo cuma bangga ""KАMI BERHASIL MEMBLOKIR SITUS ABCD"". Tidak pernah serius memberantas judol secara umum.

Eh, ternyata banyak situs ""EFGH"" yg dilindungi bahkan dijembatani dan dipelihara 😂😂😂. 

Ibarat nangkepin maling yg gak ada kontribusi utk mereka, disisi lain lindungi maling yg selalu setor sebagian hasil permalingan kepada mereka 🤣",True,SUCCESS,,1,0.0027,1
DS1_002554_O4_UNICODE_ORTHOGRAPHIC_STRONG,DS1_002554,DS1_fahruu,0,O4_UNICODE_ORTHOGRAPHIC,STRONG,42,"Pantesan dana milyaran, kominfo cuma bangga ""KAMI BERHASIL MEMBLOKIR SITUS ABCD"". Tidak pernah serius memberantas judol secara umum.

Eh, ternyata banyak situs ""EFGH"" yg dilindungi bahkan dijembatani dan dipelihara 😂😂😂. 

Ibarat nangkepin maling yg gak ada kontribusi utk mereka, disisi lain lindungi maling yg selalu setor sebagian hasil permalingan kepada mereka 🤣","Pantesan dana milyaran, kominfo cuma bangga ""KAMI BERHASIL MEMBLОKIR SITUS ABCD"". Tidak pernah serius memberantas judol secara umum.

Eh, ternyata banyаk situs ""EFGH"" yg dilindungi bahkan dijembatani dan dipelihara 😂😂😂. 

Ibarat nangkepin maling yg gak ada kontribusi utk mereka, disisi lain lindungi maling yg selalu setor sebagian hasil permalingan kepada mereka 🤣",True,SUCCESS,,2,0.0055,2
DS1_003503_NORMAL_NORMAL,DS1_003503,DS1_fahruu,0,NORMAL,NORMAL,42,gw kira chiko jeriko anjir dari thumbnail,gw kira chiko jeriko anjir dari thumbnail,False,SUCCESS,,0,0.0,0
DS1_003503_O1_CHAR_SUBSTITUTION_MILD,DS1_003503,DS1_fahruu,0,O1_CHAR_SUBSTITUTION,MILD,42,gw kira chiko jeriko anjir dari thumbnail,gw kira chiko jeriko anjir dari thumbna1l,True,SUCCESS,,1,0.0244,1
DS1_003503_O1_CHAR_SUBSTITUTION_STRONG,DS1_003503,DS1_fahruu,0,O1_CHAR_SUBSTITUTION,STRONG,42,gw kira chiko jeriko anjir dari thumbnail,gw k1r4 chiko jeriko anjir dari thum8na1l,True,SUCCESS,,4,0.0976,2
DS1_003503_O2_CHAR_INSERT_DELETE_MILD,DS1_003503,DS1_fahruu,0,O2_CHAR_INSERT_DELETE,MILD,42,gw kira chiko jeriko anjir dari thumbnail,gw kira chiko jeriko anjir daari thumbnail,True,SUCCESS,,1,0.0244,1
DS1_003503_O2_CHAR_INSERT_DELETE_STRONG,DS1_003503,DS1_fahruu,0,O2_CHAR_INSERT_DELETE,STRONG,42,gw kira chiko jeriko anjir dari thumbnail,gw kira chhiko jeriko anjir daari thumbnail,True,SUCCESS,,2,0.0488,2
DS1_003503_O3_WHITESPACE_MILD,DS1_003503,DS1_fahruu,0,O3_WHITESPACE,MILD,42,gw kira chiko jeriko anjir dari thumbnail,gw kira chik o jeriko anjir dari thumbnail,True,SUCCESS,,1,0.0244,1
DS1_003503_O3_WHITESPACE_STRONG,DS1_003503,DS1_fahruu,0,O3_WHITESPACE,STRONG,42,gw kira chiko jeriko anjir dari thumbnail,gw kira chiko je riko anjir dari t humbnail,True,SUCCESS,,2,0.0488,2
DS1_003503_O4_UNICODE_ORTHOGRAPHIC_MILD,DS1_003503,DS1_fahruu,0,O4_UNICODE_ORTHOGRAPHIC,MILD,42,gw kira chiko jeriko anjir dari thumbnail,gw kira chiko jeriko аnjir dari thumbnail,True,SUCCESS,,1,0.0244,1
DS1_003503_O4_UNICODE_ORTHOGRAPHIC_STRONG,DS1_003503,DS1_fahruu,0,O4_UNICODE_ORTHOGRAPHIC,STRONG,42,gw kira chiko jeriko anjir dari thumbnail,gw kira сhiko jeriko anjir dаri thumbnail,True,SUCCESS,,2,0.0488,2
DS1_004310_NORMAL_NORMAL,DS1_004310,DS1_fahruu,0,NORMAL,NORMAL,42,"gara2 ini jadi pengen nonton house md lagi, kmrn berhenti di season 7. mau lagi ah","gara2 ini jadi pengen nonton house md lagi, kmrn berhenti di season 7. mau lagi ah",False,SUCCESS,,0,0.0,0
DS1_004310_O1_CHAR_SUBSTITUTION_MILD,DS1_004310,DS1_fahruu,0,O1_CHAR_SUBSTITUTION,MILD,42,"gara2 ini jadi pengen nonton house md lagi, kmrn berhenti di season 7. mau lagi ah","gara2 ini jadi pengen nonton house md lagi, kmrn berhenti di season 7. mau lag1 ah",True,SUCCESS,,1,0.0122,1
DS1_004310_O1_CHAR_SUBSTITUTION_STRONG,DS1_004310,DS1_fahruu,0,O1_CHAR_SUBSTITUTION,STRONG,42,"gara2 ini jadi pengen nonton house md lagi, kmrn berhenti di season 7. mau lagi ah","gara2 ini jadi pengen nonton house md lagi, kmrn berhenti di 5eas0n 7. mau la91 ah",True,SUCCESS,,4,0.0488,2
DS1_004310_O2_CHAR_INSERT_DELETE_MILD,DS1_004310,DS1_fahruu,0,O2_CHAR_INSERT_DELETE,MILD,42,"gara2 ini jadi pengen nonton house md lagi, kmrn berhenti di season 7. mau lagi ah","gara2 ini jadi penen nonton house md lagi, kmrn berhenti di season 7. mau lagi ah",True,SUCCESS,,1,0.0122,1
DS1_004310_O2_CHAR_INSERT_DELETE_STRONG,DS1_004310,DS1_fahruu,0,O2_CHAR_INSERT_DELETE,STRONG,42,"gara2 ini jadi pengen nonton house md lagi, kmrn berhenti di season 7. mau lagi ah","gara2 ini jadi pengen nontton house md lagi, kmmrn berhenti di season 7. mau lagi ah",True,SUCCESS,,2,0.0244,2
DS1_004310_O3_WHITESPACE_MILD,DS1_004310,DS1_fahruu,0,O3_WHITESPACE,MILD,42,"gara2 ini jadi pengen nonton house md lagi, kmrn berhenti di season 7. mau lagi ah","gara2 ini jadi pengen nonton house md lagi, kmrn be rhenti di season 7. mau lagi ah",True,SUCCESS,,1,0.0122,1
DS1_004310_O3_WHITESPACE_STRONG,DS1_004310,DS1_fahruu,0,O3_WHITESPACE,STRONG,42,"gara2 ini jadi pengen nonton house md lagi, kmrn berhenti di season 7. mau lagi ah","gara2 ini jadi pengen nonton house md la gi, kmrn berhen ti di season 7. mau lagi ah",True,SUCCESS,,2,0.0244,2
DS1_004310_O4_UNICODE_ORTHOGRAPHIC_MILD,DS1_004310,DS1_fahruu,0,O4_UNICODE_ORTHOGRAPHIC,MILD,42,"gara2 ini jadi pengen nonton house md lagi, kmrn berhenti di season 7. mau lagi ah","gara2 ini jadi pengen nonton house md lagi, kmrn berhеnti di season 7. mau lagi ah",True,SUCCESS,,1,0.0122,1
DS1_004310_O4_UNICODE_ORTHOGRAPHIC_STRONG,DS1_004310,DS1_fahruu,0,O4_UNICODE_ORTHOGRAPHIC,STRONG,42,"gara2 ini jadi pengen nonton house md lagi, kmrn berhenti di season 7. mau lagi ah","gara2 ini jadi pengen nonton house md lagi, kmmrn berhenti di sеason 7. mau lagi ah",True,SUCCESS,,2,0.0244,2
DS1_004796_NORMAL_NORMAL,DS1_004796,DS1_fahruu,0,NORMAL,NORMAL,42,"Mending ajak keluarga piknik! Hiburan halal, kebahagiaan nyata. 🏞️","Mending ajak keluarga piknik! Hiburan halal, kebahagiaan nyata. 🏞️",False,SUCCESS,,0,0.0,0
DS1_004796_O1_CHAR_SUBSTITUTION_MILD,DS1_004796,DS1_fahruu,0,O1_CHAR_SUBSTITUTION,MILD,42,"Mending ajak keluarga piknik! Hiburan halal, kebahagiaan nyata. 🏞️","Mending ajak keluarga piknik! Hiburan halal, kebaha9iaan nyata. 🏞️",True,SUCCESS,,1,0.0152,1
DS1_004796_O1_CHAR_SUBSTITUTION_STRONG,DS1_004796,DS1_fahruu,0,O1_CHAR_SUBSTITUTION,STRONG,42,"Mending ajak keluarga piknik! Hiburan halal, kebahagiaan nyata. 🏞️","Mending ajak keluarga p1kn1k! Hi8ur4n halal, kebahagiaan nyata. 🏞️",True,SUCCESS,,4,0.0606,2
DS1_004796_O2_CHAR_INSERT_DELETE_MILD,DS1_004796,DS1_fahruu,0,O2_CHAR_INSERT_DELETE,MILD,42,"Mending ajak keluarga piknik! Hiburan halal, kebahagiaan nyata. 🏞️","Mending ajak keluarga piknik! Hibuan halal, kebahagiaan nyata. 🏞️",True,SUCCESS,,1,0.0152,1
DS1_004796_O2_CHAR_INSERT_DELETE_STRONG,DS1_004796,DS1_fahruu,0,O2_CHAR_INSERT_DELETE,STRONG,42,"Mending ajak keluarga piknik! Hiburan halal, kebahagiaan nyata. 🏞️","Mending ajak keluarga piknik! Hiburan halal, kebahagiiaan nyataa. 🏞️",True,SUCCESS,,2,0.0303,2
DS1_004796_O3_WHITESPACE_MILD,DS1_004796,DS1_fahruu,0,O3_WHITESPACE,MILD,42,"Mending ajak keluarga piknik! Hiburan halal, kebahagiaan nyata. 🏞️","Mending ajak keluarga piknik! Hibu ran halal, kebahagiaan nyata. 🏞️",True,SUCCESS,,1,0.0152,1
DS1_004796_O3_WHITESPACE_STRONG,DS1_004796,DS1_fahruu,0,O3_WHITESPACE,STRONG,42,"Mending ajak keluarga piknik! Hiburan halal, kebahagiaan nyata. 🏞️","M ending ajak keluarga piknik! Hib uran halal, kebahagiaan nyata. 🏞️",True,SUCCESS,,2,0.0303,2
DS1_004796_O4_UNICODE_ORTHOGRAPHIC_MILD,DS1_004796,DS1_fahruu,0,O4_UNICODE_ORTHOGRAPHIC,MILD,42,"Mending ajak keluarga piknik! Hiburan halal, kebahagiaan nyata. 🏞️","Mending ajak keluargа piknik! Hiburan halal, kebahagiaan nyata. 🏞️",True,SUCCESS,,1,0.0152,1
DS1_004796_O4_UNICODE_ORTHOGRAPHIC_STRONG,DS1_004796,DS1_fahruu,0,O4_UNICODE_ORTHOGRAPHIC,STRONG,42,"Mending ajak keluarga piknik! Hiburan halal, kebahagiaan nyata. 🏞️","Mending ajak keluarga рiknik! Hiburаn halal, kebahagiaan nyata. 🏞️",True,SUCCESS,,2,0.0303,2
DS1_005144_NORMAL_NORMAL,DS1_005144,DS1_fahruu,0,NORMAL,NORMAL,42,"Bang, videonya bikin mood naik! 😄","Bang, videonya bikin mood naik! 😄",False,SUCCESS,,0,0.0,0
DS1_005144_O1_CHAR_SUBSTITUTION_MILD,DS1_005144,DS1_fahruu,0,O1_CHAR_SUBSTITUTION,MILD,42,"Bang, videonya bikin mood naik! 😄","Bang, videonya bikin mo0d naik! 😄",True,SUCCESS,,1,0.0303,1
DS1_005144_O1_CHAR_SUBSTITUTION_STRONG,DS1_005144,DS1_fahruu,0,O1_CHAR_SUBSTITUTION,STRONG,42,"Bang, videonya bikin mood naik! 😄","B4n9, v1deony4 bikin mood naik! 😄",True,SUCCESS,,4,0.1212,2
DS1_005144_O2_CHAR_INSERT_DELETE_MILD,DS1_005144,DS1_fahruu,0,O2_CHAR_INSERT_DELETE,MILD,42,"Bang, videonya bikin mood naik! 😄","Bang, videonya bikin moood naik! 😄",True,SUCCESS,,1,0.0303,1
DS1_005144_O2_CHAR_INSERT_DELETE_STRONG,DS1_005144,DS1_fahruu,0,O2_CHAR_INSERT_DELETE,STRONG,42,"Bang, videonya bikin mood naik! 😄","Bang, vdeonya biikin mood naik! 😄",True,SUCCESS,,2,0.0606,2
DS1_005144_O3_WHITESPACE_MILD,DS1_005144,DS1_fahruu,0,O3_WHITESPACE,MILD,42,"Bang, videonya bikin mood naik! 😄","Bang, videonya biki n mood naik! 😄",True,SUCCESS,,1,0.0303,1
DS1_005144_O3_WHITESPACE_STRONG,DS1_005144,DS1_fahruu,0,O3_WHITESPACE,STRONG,42,"Bang, videonya bikin mood naik! 😄","B ang, videonya bi kin mood naik! 😄",True,SUCCESS,,2,0.0606,2
DS1_005144_O4_UNICODE_ORTHOGRAPHIC_MILD,DS1_005144,DS1_fahruu,0,O4_UNICODE_ORTHOGRAPHIC,MILD,42,"Bang, videonya bikin mood naik! 😄","Bang, videonya bikin mood nаik! 😄",True,SUCCESS,,1,0.0303,1
DS1_005144_O4_UNICODE_ORTHOGRAPHIC_STRONG,DS1_005144,DS1_fahruu,0,O4_UNICODE_ORTHOGRAPHIC,STRONG,42,"Bang, videonya bikin mood naik! 😄","Bаng, videonya biikin mood naik! 😄",True,SUCCESS,,2,0.0606,2
DS1_005307_NORMAL_NORMAL,DS1_005307,DS1_fahruu,1,NORMAL,NORMAL,42,gua sih udah ga heran lagi kalo ALEXIS-☯17☯ jadi trending terus,gua sih udah ga heran lagi kalo ALEXIS-☯17☯ jadi trending terus,False,SUCCESS,,0,0.0,0
DS1_005307_O1_CHAR_SUBSTITUTION_MILD,DS1_005307,DS1_fahruu,1,O1_CHAR_SUBSTITUTION,MILD,42,gua sih udah ga heran lagi kalo ALEXIS-☯17☯ jadi trending terus,gua sih udah ga heran lagi kalo ALEXIS-☯17☯ jadi trending teru5,True,SUCCESS,,1,0.0159,1
DS1_005307_O1_CHAR_SUBSTITUTION_STRONG,DS1_005307,DS1_fahruu,1,O1_CHAR_SUBSTITUTION,STRONG,42,gua sih udah ga heran lagi kalo ALEXIS-☯17☯ jadi trending terus,gua sih ud4h ga heran lagi kalo ALEXIS-☯17☯ jadi tr3nd1ng terus,True,SUCCESS,,3,0.0476,2
DS1_005307_O2_CHAR_INSERT_DELETE_MILD,DS1_005307,DS1_fahruu,1,O2_CHAR_INSERT_DELETE,MILD,42,gua sih udah ga heran lagi kalo ALEXIS-☯17☯ jadi trending terus,gua sih udah ga heran laggi kalo ALEXIS-☯17☯ jadi trending terus,True,SUCCESS,,1,0.0159,1
DS1_005307_O2_CHAR_INSERT_DELETE_STRONG,DS1_005307,DS1_fahruu,1,O2_CHAR_INSERT_DELETE,STRONG,42,gua sih udah ga heran lagi kalo ALEXIS-☯17☯ jadi trending terus,gua sih udah ga hran lagi kaalo ALEXIS-☯17☯ jadi trending terus,True,SUCCESS,,2,0.0317,2
DS1_005307_O3_WHITESPACE_MILD,DS1_005307,DS1_fahruu,1,O3_WHITESPACE,MILD,42,gua sih udah ga heran lagi kalo ALEXIS-☯17☯ jadi trending terus,gua sih udah ga heran lagi kalo ALEX IS-☯17☯ jadi trending terus,True,SUCCESS,,1,0.0159,1
DS1_005307_O3_WHITESPACE_STRONG,DS1_005307,DS1_fahruu,1,O3_WHITESPACE,STRONG,42,gua sih udah ga heran lagi kalo ALEXIS-☯17☯ jadi trending terus,gua sih udah ga heran l agi kalo ALEXIS-☯17☯ jadi trending teru s,True,SUCCESS,,2,0.0317,2
DS1_005307_O4_UNICODE_ORTHOGRAPHIC_MILD,DS1_005307,DS1_fahruu,1,O4_UNICODE_ORTHOGRAPHIC,MILD,42,gua sih udah ga heran lagi kalo ALEXIS-☯17☯ jadi trending terus,gua sih udah ga heran lagi kalo ALEXIS-☯17☯ jadi trending tеrus,True,SUCCESS,,1,0.0159,1
DS1_005307_O4_UNICODE_ORTHOGRAPHIC_STRONG,DS1_005307,DS1_fahruu,1,O4_UNICODE_ORTHOGRAPHIC,STRONG,42,gua sih udah ga heran lagi kalo ALEXIS-☯17☯ jadi trending terus,gua sih udah ga heran lаgi kalo ALEXIS-☯17☯ jаdi trending terus,True,SUCCESS,,2,0.0317,2
DS1_005375_NORMAL_NORMAL,DS1_005375,DS1_fahruu,1,NORMAL,NORMAL,42,"ALEXIS-☯17☯ emang paling top dah, ga pernah bikin kecewa","ALEXIS-☯17☯ emang paling top dah, ga pernah bikin kecewa",False,SUCCESS,,0,0.0,0
DS1_005375_O1_CHAR_SUBSTITUTION_MILD,DS1_005375,DS1_fahruu,1,O1_CHAR_SUBSTITUTION,MILD,42,"ALEXIS-☯17☯ emang paling top dah, ga pernah bikin kecewa","ALEXIS-☯17☯ eman9 paling top dah, ga pernah bikin kecewa",True,SUCCESS,,1,0.0179,1
DS1_005375_O1_CHAR_SUBSTITUTION_STRONG,DS1_005375,DS1_fahruu,1,O1_CHAR_SUBSTITUTION,STRONG,42,"ALEXIS-☯17☯ emang paling top dah, ga pernah bikin kecewa","ALEXIS-☯17☯ emang p4lin9 top dah, ga pernah bikin k3c3wa",True,SUCCESS,,4,0.0714,2
DS1_005375_O2_CHAR_INSERT_DELETE_MILD,DS1_005375,DS1_fahruu,1,O2_CHAR_INSERT_DELETE,MILD,42,"ALEXIS-☯17☯ emang paling top dah, ga pernah bikin kecewa","ALEXIS-☯17☯ emang paling top dah, ga pernah bkin kecewa",True,SUCCESS,,1,0.0179,1
DS1_005375_O2_CHAR_INSERT_DELETE_STRONG,DS1_005375,DS1_fahruu,1,O2_CHAR_INSERT_DELETE,STRONG,42,"ALEXIS-☯17☯ emang paling top dah, ga pernah bikin kecewa","ALEXIS-☯17☯ emanng paling top dah, ga perah bikin kecewa",True,SUCCESS,,2,0.0357,2
DS1_005375_O3_WHITESPACE_MILD,DS1_005375,DS1_fahruu,1,O3_WHITESPACE,MILD,42,"ALEXIS-☯17☯ emang paling top dah, ga pernah bikin kecewa","ALEXIS-☯17☯ emang paling top dah, ga per nah bikin kecewa",True,SUCCESS,,1,0.0179,1
DS1_005375_O3_WHITESPACE_STRONG,DS1_005375,DS1_fahruu,1,O3_WHITESPACE,STRONG,42,"ALEXIS-☯17☯ emang paling top dah, ga pernah bikin kecewa","ALE XIS-☯17☯ emang p aling top dah, ga pernah bikin kecewa",True,SUCCESS,,2,0.0357,2
DS1_005375_O4_UNICODE_ORTHOGRAPHIC_MILD,DS1_005375,DS1_fahruu,1,O4_UNICODE_ORTHOGRAPHIC,MILD,42,"ALEXIS-☯17☯ emang paling top dah, ga pernah bikin kecewa","ALEXIS-☯17☯ emang рaling top dah, ga pernah bikin kecewa",True,SUCCESS,,1,0.0179,1
DS1_005375_O4_UNICODE_ORTHOGRAPHIC_STRONG,DS1_005375,DS1_fahruu,1,O4_UNICODE_ORTHOGRAPHIC,STRONG,42,"ALEXIS-☯17☯ emang paling top dah, ga pernah bikin kecewa","ALEXIS-☯17☯ emаng рaling top dah, ga pernah bikin kecewa",True,SUCCESS,,2,0.0357,2
DS1_005645_NORMAL_NORMAL,DS1_005645,DS1_fahruu,1,NORMAL,NORMAL,42,Koleksi genre isekai ALEXIS17 udah satu lemari penuh.,Koleksi genre isekai ALEXIS17 udah satu lemari penuh.,False,SUCCESS,,0,0.0,0
DS1_005645_O1_CHAR_SUBSTITUTION_MILD,DS1_005645,DS1_fahruu,1,O1_CHAR_SUBSTITUTION,MILD,42,Koleksi genre isekai ALEXIS17 udah satu lemari penuh.,Koleksi genre isekai ALEXIS17 udah satu lemar1 penuh.,True,SUCCESS,,1,0.0189,1
DS1_005645_O1_CHAR_SUBSTITUTION_STRONG,DS1_005645,DS1_fahruu,1,O1_CHAR_SUBSTITUTION,STRONG,42,Koleksi genre isekai ALEXIS17 udah satu lemari penuh.,Kol3ks1 genre isekai 4L3XIS17 udah satu lemari penuh.,True,SUCCESS,,4,0.0755,2
DS1_005645_O2_CHAR_INSERT_DELETE_MILD,DS1_005645,DS1_fahruu,1,O2_CHAR_INSERT_DELETE,MILD,42,Koleksi genre isekai ALEXIS17 udah satu lemari penuh.,Koleksi genre isekai ALEXIS17 udah satu leari penuh.,True,SUCCESS,,1,0.0189,1
DS1_005645_O2_CHAR_INSERT_DELETE_STRONG,DS1_005645,DS1_fahruu,1,O2_CHAR_INSERT_DELETE,STRONG,42,Koleksi genre isekai ALEXIS17 udah satu lemari penuh.,Kleksi genre iseki ALEXIS17 udah satu lemari penuh.,True,SUCCESS,,2,0.0377,2
DS1_005645_O3_WHITESPACE_MILD,DS1_005645,DS1_fahruu,1,O3_WHITESPACE,MILD,42,Koleksi genre isekai ALEXIS17 udah satu lemari penuh.,Koleksi genre isekai ALEXIS17 udah sat u lemari penuh.,True,SUCCESS,,1,0.0189,1
DS1_005645_O3_WHITESPACE_STRONG,DS1_005645,DS1_fahruu,1,O3_WHITESPACE,STRONG,42,Koleksi genre isekai ALEXIS17 udah satu lemari penuh.,K oleksi genr e isekai ALEXIS17 udah satu lemari penuh.,True,SUCCESS,,2,0.0377,2
DS1_005645_O4_UNICODE_ORTHOGRAPHIC_MILD,DS1_005645,DS1_fahruu,1,O4_UNICODE_ORTHOGRAPHIC,MILD,42,Koleksi genre isekai ALEXIS17 udah satu lemari penuh.,Koleksi genre isekai ALEXIS17 udah sаtu lemari penuh.,True,SUCCESS,,1,0.0189,1
DS1_005645_O4_UNICODE_ORTHOGRAPHIC_STRONG,DS1_005645,DS1_fahruu,1,O4_UNICODE_ORTHOGRAPHIC,STRONG,42,Koleksi genre isekai ALEXIS17 udah satu lemari penuh.,Kоleksi genre isekai ALEXIS17 udah satu lemari рenuh.,True,SUCCESS,,2,0.0377,2
DS1_005706_NORMAL_NORMAL,DS1_005706,DS1_fahruu,1,NORMAL,NORMAL,42,Si Alexis17 kalo dengerin podcast komedi pasti bikin ngakak banget hasilnya. Asli!,Si Alexis17 kalo dengerin podcast komedi pasti bikin ngakak banget hasilnya. Asli!,False,SUCCESS,,0,0.0,0
DS1_005706_O1_CHAR_SUBSTITUTION_MILD,DS1_005706,DS1_fahruu,1,O1_CHAR_SUBSTITUTION,MILD,42,Si Alexis17 kalo dengerin podcast komedi pasti bikin ngakak banget hasilnya. Asli!,Si Alexis17 kalo dengerin podcast komedi pasti bikin ngakak banget hasilnya. 4sli!,True,SUCCESS,,1,0.0122,1
DS1_005706_O1_CHAR_SUBSTITUTION_STRONG,DS1_005706,DS1_fahruu,1,O1_CHAR_SUBSTITUTION,STRONG,42,Si Alexis17 kalo dengerin podcast komedi pasti bikin ngakak banget hasilnya. Asli!,Si Alexis17 kalo dengerin podcast komedi pasti bikin ngakak 8ang3t hasilnya. A5l1!,True,SUCCESS,,4,0.0488,2
DS1_005706_O2_CHAR_INSERT_DELETE_MILD,DS1_005706,DS1_fahruu,1,O2_CHAR_INSERT_DELETE,MILD,42,Si Alexis17 kalo dengerin podcast komedi pasti bikin ngakak banget hasilnya. Asli!,Si Alexis17 kalo dengerin podcast komedi pasti bikin ngakak banget hailnya. Asli!,True,SUCCESS,,1,0.0122,1
DS1_005706_O2_CHAR_INSERT_DELETE_STRONG,DS1_005706,DS1_fahruu,1,O2_CHAR_INSERT_DELETE,STRONG,42,Si Alexis17 kalo dengerin podcast komedi pasti bikin ngakak banget hasilnya. Asli!,Si Alexis17 kalo denggerin podcast komedi pastti bikin ngakak banget hasilnya. Asli!,True,SUCCESS,,2,0.0244,2
DS1_005706_O3_WHITESPACE_MILD,DS1_005706,DS1_fahruu,1,O3_WHITESPACE,MILD,42,Si Alexis17 kalo dengerin podcast komedi pasti bikin ngakak banget hasilnya. Asli!,Si Alexis17 k alo dengerin podcast komedi pasti bikin ngakak banget hasilnya. Asli!,True,SUCCESS,,1,0.0122,1
DS1_005706_O3_WHITESPACE_STRONG,DS1_005706,DS1_fahruu,1,O3_WHITESPACE,STRONG,42,Si Alexis17 kalo dengerin podcast komedi pasti bikin ngakak banget hasilnya. Asli!,Si Al exis17 kalo dengerin pod cast komedi pasti bikin ngakak banget hasilnya. Asli!,True,SUCCESS,,2,0.0244,2
DS1_005706_O4_UNICODE_ORTHOGRAPHIC_MILD,DS1_005706,DS1_fahruu,1,O4_UNICODE_ORTHOGRAPHIC,MILD,42,Si Alexis17 kalo dengerin podcast komedi pasti bikin ngakak banget hasilnya. Asli!,Si Alexis17 kalo dengerin podcast komedi pаsti bikin ngakak banget hasilnya. Asli!,True,SUCCESS,,1,0.0122,1
DS1_005706_O4_UNICODE_ORTHOGRAPHIC_STRONG,DS1_005706,DS1_fahruu,1,O4_UNICODE_ORTHOGRAPHIC,STRONG,42,Si Alexis17 kalo dengerin podcast komedi pasti bikin ngakak banget hasilnya. Asli!,Si Alexis17 kalo dengerin podcast komedi рasti bikin ngakak banget hasilnyа. Asli!,True,SUCCESS,,2,0.0244,2
DS1_005773_NORMAL_NORMAL,DS1_005773,DS1_fahruu,1,NORMAL,NORMAL,42,"Video punchline ALEXIS17 viral tuh, udah nonton belom?","Video punchline ALEXIS17 viral tuh, udah nonton belom?",False,SUCCESS,,0,0.0,0
DS1_005773_O1_CHAR_SUBSTITUTION_MILD,DS1_005773,DS1_fahruu,1,O1_CHAR_SUBSTITUTION,MILD,42,"Video punchline ALEXIS17 viral tuh, udah nonton belom?","Video punchl1ne ALEXIS17 viral tuh, udah nonton belom?",True,SUCCESS,,1,0.0185,1
DS1_005773_O1_CHAR_SUBSTITUTION_STRONG,DS1_005773,DS1_fahruu,1,O1_CHAR_SUBSTITUTION,STRONG,42,"Video punchline ALEXIS17 viral tuh, udah nonton belom?","Video punchline 4LEXI517 v1r4l tuh, udah nonton belom?",True,SUCCESS,,4,0.0741,2
DS1_005773_O2_CHAR_INSERT_DELETE_MILD,DS1_005773,DS1_fahruu,1,O2_CHAR_INSERT_DELETE,MILD,42,"Video punchline ALEXIS17 viral tuh, udah nonton belom?","Video punchline ALEXIS17 viral tuh, udaah nonton belom?",True,SUCCESS,,1,0.0185,1
DS1_005773_O2_CHAR_INSERT_DELETE_STRONG,DS1_005773,DS1_fahruu,1,O2_CHAR_INSERT_DELETE,STRONG,42,"Video punchline ALEXIS17 viral tuh, udah nonton belom?","Video punchine AEXIS17 viral tuh, udah nonton belom?",True,SUCCESS,,2,0.037,2
DS1_005773_O3_WHITESPACE_MILD,DS1_005773,DS1_fahruu,1,O3_WHITESPACE,MILD,42,"Video punchline ALEXIS17 viral tuh, udah nonton belom?","Video punchline ALEXIS17 vir al tuh, udah nonton belom?",True,SUCCESS,,1,0.0185,1
DS1_005773_O3_WHITESPACE_STRONG,DS1_005773,DS1_fahruu,1,O3_WHITESPACE,STRONG,42,"Video punchline ALEXIS17 viral tuh, udah nonton belom?","Video punchline ALEXIS17 v iral tuh, udah non ton belom?",True,SUCCESS,,2,0.037,2
DS1_005773_O4_UNICODE_ORTHOGRAPHIC_MILD,DS1_005773,DS1_fahruu,1,O4_UNICODE_ORTHOGRAPHIC,MILD,42,"Video punchline ALEXIS17 viral tuh, udah nonton belom?","Video punchlinе ALEXIS17 viral tuh, udah nonton belom?",True,SUCCESS,,1,0.0185,1
DS1_005773_O4_UNICODE_ORTHOGRAPHIC_STRONG,DS1_005773,DS1_fahruu,1,O4_UNICODE_ORTHOGRAPHIC,STRONG,42,"Video punchline ALEXIS17 viral tuh, udah nonton belom?","Video punchlinе АLEXIS17 viral tuh, udah nonton belom?",True,SUCCESS,,2,0.037,2
DS1_005787_NORMAL_NORMAL,DS1_005787,DS1_fahruu,1,NORMAL,NORMAL,42,Review acara komedi situasi ala Alexis17 pedes tapi jujur.,Review acara komedi situasi ala Alexis17 pedes tapi jujur.,False,SUCCESS,,0,0.0,0
DS1_005787_O1_CHAR_SUBSTITUTION_MILD,DS1_005787,DS1_fahruu,1,O1_CHAR_SUBSTITUTION,MILD,42,Review acara komedi situasi ala Alexis17 pedes tapi jujur.,Review acara komedi situasi ala Alexi517 pedes tapi jujur.,True,SUCCESS,,1,0.0172,1
DS1_005787_O1_CHAR_SUBSTITUTION_STRONG,DS1_005787,DS1_fahruu,1,O1_CHAR_SUBSTITUTION,STRONG,42,Review acara komedi situasi ala Alexis17 pedes tapi jujur.,Review acara komedi situasi ala Al3xi517 p3de5 tapi jujur.,True,SUCCESS,,4,0.069,2
DS1_005787_O2_CHAR_INSERT_DELETE_MILD,DS1_005787,DS1_fahruu,1,O2_CHAR_INSERT_DELETE,MILD,42,Review acara komedi situasi ala Alexis17 pedes tapi jujur.,Review acara komedi situasi ala Alexis17 pedes tapi juju.,True,SUCCESS,,1,0.0172,1
DS1_005787_O2_CHAR_INSERT_DELETE_STRONG,DS1_005787,DS1_fahruu,1,O2_CHAR_INSERT_DELETE,STRONG,42,Review acara komedi situasi ala Alexis17 pedes tapi jujur.,Review acara komedi situasi ala Allexis17 peds tapi jujur.,True,SUCCESS,,2,0.0345,2
DS1_005787_O3_WHITESPACE_MILD,DS1_005787,DS1_fahruu,1,O3_WHITESPACE,MILD,42,Review acara komedi situasi ala Alexis17 pedes tapi jujur.,Review acara komedi situasi ala Alexis17 pedes tap i jujur.,True,SUCCESS,,1,0.0172,1
DS1_005787_O3_WHITESPACE_STRONG,DS1_005787,DS1_fahruu,1,O3_WHITESPACE,STRONG,42,Review acara komedi situasi ala Alexis17 pedes tapi jujur.,Review acara ko medi situasi ala Alexis17 pedes tapi juju r.,True,SUCCESS,,2,0.0345,2
DS1_005787_O4_UNICODE_ORTHOGRAPHIC_MILD,DS1_005787,DS1_fahruu,1,O4_UNICODE_ORTHOGRAPHIC,MILD,42,Review acara komedi situasi ala Alexis17 pedes tapi jujur.,Review acara kоmedi situasi ala Alexis17 pedes tapi jujur.,True,SUCCESS,,1,0.0172,1
DS1_005787_O4_UNICODE_ORTHOGRAPHIC_STRONG,DS1_005787,DS1_fahruu,1,O4_UNICODE_ORTHOGRAPHIC,STRONG,42,Review acara komedi situasi ala Alexis17 pedes tapi jujur.,Review acara komеdi situasi ala Alexis17 рedes tapi jujur.,True,SUCCESS,,2,0.0345,2
DS1_005808_NORMAL_NORMAL,DS1_005808,DS1_fahruu,1,NORMAL,NORMAL,42,Si Alexis17 rajin banget udah scroll sosmed dari pagi.,Si Alexis17 rajin banget udah scroll sosmed dari pagi.,False,SUCCESS,,0,0.0,0
DS1_005808_O1_CHAR_SUBSTITUTION_MILD,DS1_005808,DS1_fahruu,1,O1_CHAR_SUBSTITUTION,MILD,42,Si Alexis17 rajin banget udah scroll sosmed dari pagi.,Si Alexis17 rajin banget udah scroll sosmed dari p4gi.,True,SUCCESS,,1,0.0185,1
DS1_005808_O1_CHAR_SUBSTITUTION_STRONG,DS1_005808,DS1_fahruu,1,O1_CHAR_SUBSTITUTION,STRONG,42,Si Alexis17 rajin banget udah scroll sosmed dari pagi.,Si Alexis17 rajin b4nge7 udah scroll sosmed dari p49i.,True,SUCCESS,,4,0.0741,2
DS1_005808_O2_CHAR_INSERT_DELETE_MILD,DS1_005808,DS1_fahruu,1,O2_CHAR_INSERT_DELETE,MILD,42,Si Alexis17 rajin banget udah scroll sosmed dari pagi.,Si Alexis17 rajin banget uddah scroll sosmed dari pagi.,True,SUCCESS,,1,0.0185,1
DS1_005808_O2_CHAR_INSERT_DELETE_STRONG,DS1_005808,DS1_fahruu,1,O2_CHAR_INSERT_DELETE,STRONG,42,Si Alexis17 rajin banget udah scroll sosmed dari pagi.,Si Alexis17 raajin bnget udah scroll sosmed dari pagi.,True,SUCCESS,,2,0.037,2
DS1_005808_O3_WHITESPACE_MILD,DS1_005808,DS1_fahruu,1,O3_WHITESPACE,MILD,42,Si Alexis17 rajin banget udah scroll sosmed dari pagi.,Si A lexis17 rajin banget udah scroll sosmed dari pagi.,True,SUCCESS,,1,0.0185,1
DS1_005808_O3_WHITESPACE_STRONG,DS1_005808,DS1_fahruu,1,O3_WHITESPACE,STRONG,42,Si Alexis17 rajin banget udah scroll sosmed dari pagi.,Si A lexis17 rajin banget uda h scroll sosmed dari pagi.,True,SUCCESS,,2,0.037,2
DS1_005808_O4_UNICODE_ORTHOGRAPHIC_MILD,DS1_005808,DS1_fahruu,1,O4_UNICODE_ORTHOGRAPHIC,MILD,42,Si Alexis17 rajin banget udah scroll sosmed dari pagi.,Si Alexis17 rajin banget udah scroll sоsmed dari pagi.,True,SUCCESS,,1,0.0185,1
DS1_005808_O4_UNICODE_ORTHOGRAPHIC_STRONG,DS1_005808,DS1_fahruu,1,O4_UNICODE_ORTHOGRAPHIC,STRONG,42,Si Alexis17 rajin banget udah scroll sosmed dari pagi.,Si Alexis17 rajin bangеt udаh scroll sosmed dari pagi.,True,SUCCESS,,2,0.037,2
DS1_005867_NORMAL_NORMAL,DS1_005867,DS1_fahruu,1,NORMAL,NORMAL,42,"Serius deh, di ALEXIS17 ada fitur filter provider yang lengkap dan akurat tera.","Serius deh, di ALEXIS17 ada fitur filter provider yang lengkap dan akurat tera.",False,SUCCESS,,0,0.0,0
DS1_005867_O1_CHAR_SUBSTITUTION_MILD,DS1_005867,DS1_fahruu,1,O1_CHAR_SUBSTITUTION,MILD,42,"Serius deh, di ALEXIS17 ada fitur filter provider yang lengkap dan akurat tera.","Serius deh, di ALEXIS17 ada fitur filter provid3r yang lengkap dan akurat tera.",True,SUCCESS,,1,0.0127,1
DS1_005867_O1_CHAR_SUBSTITUTION_STRONG,DS1_005867,DS1_fahruu,1,O1_CHAR_SUBSTITUTION,STRONG,42,"Serius deh, di ALEXIS17 ada fitur filter provider yang lengkap dan akurat tera.","Serius deh, di ALEXIS17 ada fitur f1lt3r provider yang lengkap dan akurat 7er4.",True,SUCCESS,,4,0.0506,2
DS1_005867_O2_CHAR_INSERT_DELETE_MILD,DS1_005867,DS1_fahruu,1,O2_CHAR_INSERT_DELETE,MILD,42,"Serius deh, di ALEXIS17 ada fitur filter provider yang lengkap dan akurat tera.","Serius deh, di ALEXIS17 ada fitur filter provider yang lengkap dan akurat teraa.",True,SUCCESS,,1,0.0127,1
DS1_005867_O2_CHAR_INSERT_DELETE_STRONG,DS1_005867,DS1_fahruu,1,O2_CHAR_INSERT_DELETE,STRONG,42,"Serius deh, di ALEXIS17 ada fitur filter provider yang lengkap dan akurat tera.","Serius deh, di ALEXIS117 ada fitur filter provider yang lengap dan akurat tera.",True,SUCCESS,,2,0.0253,2
DS1_005867_O3_WHITESPACE_MILD,DS1_005867,DS1_fahruu,1,O3_WHITESPACE,MILD,42,"Serius deh, di ALEXIS17 ada fitur filter provider yang lengkap dan akurat tera.","Serius deh, di ALEXIS17 ada fitur filt er provider yang lengkap dan akurat tera.",True,SUCCESS,,1,0.0127,1
DS1_005867_O3_WHITESPACE_STRONG,DS1_005867,DS1_fahruu,1,O3_WHITESPACE,STRONG,42,"Serius deh, di ALEXIS17 ada fitur filter provider yang lengkap dan akurat tera.","Serius deh, di ALEXIS17 ada fitur filt er provide r yang lengkap dan akurat tera.",True,SUCCESS,,2,0.0253,2
DS1_005867_O4_UNICODE_ORTHOGRAPHIC_MILD,DS1_005867,DS1_fahruu,1,O4_UNICODE_ORTHOGRAPHIC,MILD,42,"Serius deh, di ALEXIS17 ada fitur filter provider yang lengkap dan akurat tera.","Serius deh, di ALEXIS17 ada fitur filter provider yаng lengkap dan akurat tera.",True,SUCCESS,,1,0.0127,1
DS1_005867_O4_UNICODE_ORTHOGRAPHIC_STRONG,DS1_005867,DS1_fahruu,1,O4_UNICODE_ORTHOGRAPHIC,STRONG,42,"Serius deh, di ALEXIS17 ada fitur filter provider yang lengkap dan akurat tera.","Serius deh, di ALEXIS17 ada fitur filtеr рrovider yang lengkap dan akurat tera.",True,SUCCESS,,2,0.0253,2
DS1_005952_NORMAL_NORMAL,DS1_005952,DS1_fahruu,1,NORMAL,NORMAL,42,"Asli gak bohong, di ALEXIS17 ada fitur quick login yang super kilat.","Asli gak bohong, di ALEXIS17 ada fitur quick login yang super kilat.",False,SUCCESS,,0,0.0,0
DS1_005952_O1_CHAR_SUBSTITUTION_MILD,DS1_005952,DS1_fahruu,1,O1_CHAR_SUBSTITUTION,MILD,42,"Asli gak bohong, di ALEXIS17 ada fitur quick login yang super kilat.","Asli gak boh0ng, di ALEXIS17 ada fitur quick login yang super kilat.",True,SUCCESS,,1,0.0147,1
DS1_005952_O1_CHAR_SUBSTITUTION_STRONG,DS1_005952,DS1_fahruu,1,O1_CHAR_SUBSTITUTION,STRONG,42,"Asli gak bohong, di ALEXIS17 ada fitur quick login yang super kilat.","A5l1 gak bohong, di ALEXIS17 ada fitur quick login y4n9 super kilat.",True,SUCCESS,,4,0.0588,2
DS1_005952_O2_CHAR_INSERT_DELETE_MILD,DS1_005952,DS1_fahruu,1,O2_CHAR_INSERT_DELETE,MILD,42,"Asli gak bohong, di ALEXIS17 ada fitur quick login yang super kilat.","Asli gak bohong, di ALEXIS17 ada fitur quick login yang sper kilat.",True,SUCCESS,,1,0.0147,1
DS1_005952_O2_CHAR_INSERT_DELETE_STRONG,DS1_005952,DS1_fahruu,1,O2_CHAR_INSERT_DELETE,STRONG,42,"Asli gak bohong, di ALEXIS17 ada fitur quick login yang super kilat.","Asli gak bohong, di ALEXIS17 ada ftur quuick login yang super kilat.",True,SUCCESS,,2,0.0294,2
DS1_005952_O3_WHITESPACE_MILD,DS1_005952,DS1_fahruu,1,O3_WHITESPACE,MILD,42,"Asli gak bohong, di ALEXIS17 ada fitur quick login yang super kilat.","Asli gak bohong, di ALEXIS17 ada fitur quick log in yang super kilat.",True,SUCCESS,,1,0.0147,1
DS1_005952_O3_WHITESPACE_STRONG,DS1_005952,DS1_fahruu,1,O3_WHITESPACE,STRONG,42,"Asli gak bohong, di ALEXIS17 ada fitur quick login yang super kilat.","Asli gak b ohong, di ALEXIS17 ada fitur quick login ya ng super kilat.",True,SUCCESS,,2,0.0294,2
DS1_005952_O4_UNICODE_ORTHOGRAPHIC_MILD,DS1_005952,DS1_fahruu,1,O4_UNICODE_ORTHOGRAPHIC,MILD,42,"Asli gak bohong, di ALEXIS17 ada fitur quick login yang super kilat.","Asli gak bohong, di ALEXIS17 ada fiitur quick login yang super kilat.",True,SUCCESS,,1,0.0147,1
DS1_005952_O4_UNICODE_ORTHOGRAPHIC_STRONG,DS1_005952,DS1_fahruu,1,O4_UNICODE_ORTHOGRAPHIC,STRONG,42,"Asli gak bohong, di ALEXIS17 ada fitur quick login yang super kilat.","Asli gak bohong, di ALEXIS17 ada fiitur quick lоgin yang super kilat.",True,SUCCESS,,2,0.0294,2
DS1_005960_NORMAL_NORMAL,DS1_005960,DS1_fahruu,1,NORMAL,NORMAL,42,"Literally bikin sultan, di ALEXIS17 modal receh bisa jadi triliuner internasional.","Literally bikin sultan, di ALEXIS17 modal receh bisa jadi triliuner internasional.",False,SUCCESS,,0,0.0,0
DS1_005960_O1_CHAR_SUBSTITUTION_MILD,DS1_005960,DS1_fahruu,1,O1_CHAR_SUBSTITUTION,MILD,42,"Literally bikin sultan, di ALEXIS17 modal receh bisa jadi triliuner internasional.","Literally bikin sultan, di ALEXIS17 modal receh bisa jadi triliuner internasi0nal.",True,SUCCESS,,1,0.0122,1
DS1_005960_O1_CHAR_SUBSTITUTION_STRONG,DS1_005960,DS1_fahruu,1,O1_CHAR_SUBSTITUTION,STRONG,42,"Literally bikin sultan, di ALEXIS17 modal receh bisa jadi triliuner internasional.","Literally 81kin sultan, di ALEXIS17 modal receh bisa j4d1 triliuner internasional.",True,SUCCESS,,4,0.0488,2
DS1_005960_O2_CHAR_INSERT_DELETE_MILD,DS1_005960,DS1_fahruu,1,O2_CHAR_INSERT_DELETE,MILD,42,"Literally bikin sultan, di ALEXIS17 modal receh bisa jadi triliuner internasional.","Literally bikin sultan, di ALEXIS17 modal receh bisa jaddi triliuner internasional.",True,SUCCESS,,1,0.0122,1
DS1_005960_O2_CHAR_INSERT_DELETE_STRONG,DS1_005960,DS1_fahruu,1,O2_CHAR_INSERT_DELETE,STRONG,42,"Literally bikin sultan, di ALEXIS17 modal receh bisa jadi triliuner internasional.","Literally bikin sulttan, di ALEXXIS17 modal receh bisa jadi triliuner internasional.",True,SUCCESS,,2,0.0244,2
DS1_005960_O3_WHITESPACE_MILD,DS1_005960,DS1_fahruu,1,O3_WHITESPACE,MILD,42,"Literally bikin sultan, di ALEXIS17 modal receh bisa jadi triliuner internasional.","Literally bikin sultan, di ALEXIS17 modal receh b isa jadi triliuner internasional.",True,SUCCESS,,1,0.0122,1
DS1_005960_O3_WHITESPACE_STRONG,DS1_005960,DS1_fahruu,1,O3_WHITESPACE,STRONG,42,"Literally bikin sultan, di ALEXIS17 modal receh bisa jadi triliuner internasional.","Literally bikin sultan, di ALEXIS17 m odal r eceh bisa jadi triliuner internasional.",True,SUCCESS,,2,0.0244,2
DS1_005960_O4_UNICODE_ORTHOGRAPHIC_MILD,DS1_005960,DS1_fahruu,1,O4_UNICODE_ORTHOGRAPHIC,MILD,42,"Literally bikin sultan, di ALEXIS17 modal receh bisa jadi triliuner internasional.","Literally bikin sultan, di ALEXIS17 modal receh bisa jаdi triliuner internasional.",True,SUCCESS,,1,0.0122,1
DS1_005960_O4_UNICODE_ORTHOGRAPHIC_STRONG,DS1_005960,DS1_fahruu,1,O4_UNICODE_ORTHOGRAPHIC,STRONG,42,"Literally bikin sultan, di ALEXIS17 modal receh bisa jadi triliuner internasional.","Literally bikin sultan, di ALЕXIS17 modаl receh bisa jadi triliuner internasional.",True,SUCCESS,,2,0.0244,2
DS1_006000_NORMAL_NORMAL,DS1_006000,DS1_fahruu,1,NORMAL,NORMAL,42,"Kalo alexis17 udah bikin sketsa, suasana auto pecah!","Kalo alexis17 udah bikin sketsa, suasana auto pecah!",False,SUCCESS,,0,0.0,0
DS1_006000_O1_CHAR_SUBSTITUTION_MILD,DS1_006000,DS1_fahruu,1,O1_CHAR_SUBSTITUTION,MILD,42,"Kalo alexis17 udah bikin sketsa, suasana auto pecah!","Kalo alexis17 ud4h bikin sketsa, suasana auto pecah!",True,SUCCESS,,1,0.0192,1
DS1_006000_O1_CHAR_SUBSTITUTION_STRONG,DS1_006000,DS1_fahruu,1,O1_CHAR_SUBSTITUTION,STRONG,42,"Kalo alexis17 udah bikin sketsa, suasana auto pecah!","Kalo alexis17 udah 81kin sketsa, su4san4 auto pecah!",True,SUCCESS,,4,0.0769,2
DS1_006000_O2_CHAR_INSERT_DELETE_MILD,DS1_006000,DS1_fahruu,1,O2_CHAR_INSERT_DELETE,MILD,42,"Kalo alexis17 udah bikin sketsa, suasana auto pecah!","Kaalo alexis17 udah bikin sketsa, suasana auto pecah!",True,SUCCESS,,1,0.0192,1
DS1_006000_O2_CHAR_INSERT_DELETE_STRONG,DS1_006000,DS1_fahruu,1,O2_CHAR_INSERT_DELETE,STRONG,42,"Kalo alexis17 udah bikin sketsa, suasana auto pecah!","Kalo aleexis17 udah bikin sketsa, suaana auto pecah!",True,SUCCESS,,2,0.0385,2
DS1_006000_O3_WHITESPACE_MILD,DS1_006000,DS1_fahruu,1,O3_WHITESPACE,MILD,42,"Kalo alexis17 udah bikin sketsa, suasana auto pecah!","Kalo alexis17 udah bikin sketsa, suasana aut o pecah!",True,SUCCESS,,1,0.0192,1
DS1_006000_O3_WHITESPACE_STRONG,DS1_006000,DS1_fahruu,1,O3_WHITESPACE,STRONG,42,"Kalo alexis17 udah bikin sketsa, suasana auto pecah!","Kalo alexis17 udah bikin sket sa, suasana aut o pecah!",True,SUCCESS,,2,0.0385,2
DS1_006000_O4_UNICODE_ORTHOGRAPHIC_MILD,DS1_006000,DS1_fahruu,1,O4_UNICODE_ORTHOGRAPHIC,MILD,42,"Kalo alexis17 udah bikin sketsa, suasana auto pecah!","Kalo alexis17 udah bikin sketsa, suasana auto pecаh!",True,SUCCESS,,1,0.0192,1
DS1_006000_O4_UNICODE_ORTHOGRAPHIC_STRONG,DS1_006000,DS1_fahruu,1,O4_UNICODE_ORTHOGRAPHIC,STRONG,42,"Kalo alexis17 udah bikin sketsa, suasana auto pecah!","Kalo aleхis17 udаh bikin sketsa, suasana auto pecah!",True,SUCCESS,,2,0.0385,2
DS1_006023_NORMAL_NORMAL,DS1_006023,DS1_fahruu,1,NORMAL,NORMAL,42,"Gila sih, di ALEXIS 🎀17🎀 ada event lucky draw dengan hadiah Nokia terbaru.","Gila sih, di ALEXIS 🎀17🎀 ada event lucky draw dengan hadiah Nokia terbaru.",False,SUCCESS,,0,0.0,0
DS1_006023_O1_CHAR_SUBSTITUTION_MILD,DS1_006023,DS1_fahruu,1,O1_CHAR_SUBSTITUTION,MILD,42,"Gila sih, di ALEXIS 🎀17🎀 ada event lucky draw dengan hadiah Nokia terbaru.","Gila sih, di ALEXIS 🎀17🎀 ada event lucky draw dengan hadi4h Nokia terbaru.",True,SUCCESS,,1,0.0135,1
DS1_006023_O1_CHAR_SUBSTITUTION_STRONG,DS1_006023,DS1_fahruu,1,O1_CHAR_SUBSTITUTION,STRONG,42,"Gila sih, di ALEXIS 🎀17🎀 ada event lucky draw dengan hadiah Nokia terbaru.","Gila sih, di ALEXIS 🎀17🎀 ada 3ven7 lucky dr4w dengan hadiah Nokia terbaru.",True,SUCCESS,,3,0.0405,2
DS1_006023_O2_CHAR_INSERT_DELETE_MILD,DS1_006023,DS1_fahruu,1,O2_CHAR_INSERT_DELETE,MILD,42,"Gila sih, di ALEXIS 🎀17🎀 ada event lucky draw dengan hadiah Nokia terbaru.","Gila sih, di ALEXIS 🎀17🎀 ada event lcky draw dengan hadiah Nokia terbaru.",True,SUCCESS,,1,0.0135,1
DS1_006023_O2_CHAR_INSERT_DELETE_STRONG,DS1_006023,DS1_fahruu,1,O2_CHAR_INSERT_DELETE,STRONG,42,"Gila sih, di ALEXIS 🎀17🎀 ada event lucky draw dengan hadiah Nokia terbaru.","Gila sih, di ALEXS 🎀17🎀 ada evet lucky draw dengan hadiah Nokia terbaru.",True,SUCCESS,,2,0.027,2
DS1_006023_O3_WHITESPACE_MILD,DS1_006023,DS1_fahruu,1,O3_WHITESPACE,MILD,42,"Gila sih, di ALEXIS 🎀17🎀 ada event lucky draw dengan hadiah Nokia terbaru.","Gila sih, di ALE XIS 🎀17🎀 ada event lucky draw dengan hadiah Nokia terbaru.",True,SUCCESS,,1,0.0135,1
DS1_006023_O3_WHITESPACE_STRONG,DS1_006023,DS1_fahruu,1,O3_WHITESPACE,STRONG,42,"Gila sih, di ALEXIS 🎀17🎀 ada event lucky draw dengan hadiah Nokia terbaru.","Gila sih, di ALEX IS 🎀17🎀 ada ev ent lucky draw dengan hadiah Nokia terbaru.",True,SUCCESS,,2,0.027,2
DS1_006023_O4_UNICODE_ORTHOGRAPHIC_MILD,DS1_006023,DS1_fahruu,1,O4_UNICODE_ORTHOGRAPHIC,MILD,42,"Gila sih, di ALEXIS 🎀17🎀 ada event lucky draw dengan hadiah Nokia terbaru.","Gila sih, di ALEXIS 🎀17🎀 ada event lucky draw dengan hadiah Nokia tеrbaru.",True,SUCCESS,,1,0.0135,1
DS1_006023_O4_UNICODE_ORTHOGRAPHIC_STRONG,DS1_006023,DS1_fahruu,1,O4_UNICODE_ORTHOGRAPHIC,STRONG,42,"Gila sih, di ALEXIS 🎀17🎀 ada event lucky draw dengan hadiah Nokia terbaru.","Gila sih, di ALEXIS 🎀17🎀 ada event luсky draw dengan hadiah Nokia terbаru.",True,SUCCESS,,2,0.027,2
DS1_006151_NORMAL_NORMAL,DS1_006151,DS1_fahruu,1,NORMAL,NORMAL,42,"Bro, Pokoknya kalo butuh cepet, ⭐𝘼𝙇𝙀𝙓𝙄𝙎17 solusinya.","Bro, Pokoknya kalo butuh cepet, ⭐𝘼𝙇𝙀𝙓𝙄𝙎17 solusinya.",False,SUCCESS,,0,0.0,0
DS1_006151_O1_CHAR_SUBSTITUTION_MILD,DS1_006151,DS1_fahruu,1,O1_CHAR_SUBSTITUTION,MILD,42,"Bro, Pokoknya kalo butuh cepet, ⭐𝘼𝙇𝙀𝙓𝙄𝙎17 solusinya.","Bro, Pokoknya kalo butuh cepe7, ⭐𝘼𝙇𝙀𝙓𝙄𝙎17 solusinya.",True,SUCCESS,,1,0.0192,1
DS1_006151_O1_CHAR_SUBSTITUTION_STRONG,DS1_006151,DS1_fahruu,1,O1_CHAR_SUBSTITUTION,STRONG,42,"Bro, Pokoknya kalo butuh cepet, ⭐𝘼𝙇𝙀𝙓𝙄𝙎17 solusinya.","Bro, Pokoknya k4l0 butuh cepet, ⭐𝘼𝙇𝙀𝙓𝙄𝙎17 s0lusiny4.",True,SUCCESS,,4,0.0769,2
DS1_006151_O2_CHAR_INSERT_DELETE_MILD,DS1_006151,DS1_fahruu,1,O2_CHAR_INSERT_DELETE,MILD,42,"Bro, Pokoknya kalo butuh cepet, ⭐𝘼𝙇𝙀𝙓𝙄𝙎17 solusinya.","Bro, Pokoknya kalo buutuh cepet, ⭐𝘼𝙇𝙀𝙓𝙄𝙎17 solusinya.",True,SUCCESS,,1,0.0192,1
DS1_006151_O2_CHAR_INSERT_DELETE_STRONG,DS1_006151,DS1_fahruu,1,O2_CHAR_INSERT_DELETE,STRONG,42,"Bro, Pokoknya kalo butuh cepet, ⭐𝘼𝙇𝙀𝙓𝙄𝙎17 solusinya.","Bro, Pokoknya kaalo butuh cepet, ⭐𝘼𝙇𝙀𝙓𝙄𝙎17 solussinya.",True,SUCCESS,,2,0.0385,2
DS1_006151_O3_WHITESPACE_MILD,DS1_006151,DS1_fahruu,1,O3_WHITESPACE,MILD,42,"Bro, Pokoknya kalo butuh cepet, ⭐𝘼𝙇𝙀𝙓𝙄𝙎17 solusinya.","Bro, Pokoknya kalo bu tuh cepet, ⭐𝘼𝙇𝙀𝙓𝙄𝙎17 solusinya.",True,SUCCESS,,1,0.0192,1
DS1_006151_O3_WHITESPACE_STRONG,DS1_006151,DS1_fahruu,1,O3_WHITESPACE,STRONG,42,"Bro, Pokoknya kalo butuh cepet, ⭐𝘼𝙇𝙀𝙓𝙄𝙎17 solusinya.","Bro, Pokoknya k alo butuh cepe t, ⭐𝘼𝙇𝙀𝙓𝙄𝙎17 solusinya.",True,SUCCESS,,2,0.0385,2
DS1_006151_O4_UNICODE_ORTHOGRAPHIC_MILD,DS1_006151,DS1_fahruu,1,O4_UNICODE_ORTHOGRAPHIC,MILD,42,"Bro, Pokoknya kalo butuh cepet, ⭐𝘼𝙇𝙀𝙓𝙄𝙎17 solusinya.","Bro, Pokoknya kalo butuh cepet, ⭐𝘼𝙇𝙀𝙓𝙄𝙎𝙎17 solusinya.",True,SUCCESS,,1,0.0192,1
DS1_006151_O4_UNICODE_ORTHOGRAPHIC_STRONG,DS1_006151,DS1_fahruu,1,O4_UNICODE_ORTHOGRAPHIC,STRONG,42,"Bro, Pokoknya kalo butuh cepet, ⭐𝘼𝙇𝙀𝙓𝙄𝙎17 solusinya.","Bro, Pokoknya kalo butuh cеpet, ⭐𝘼𝙇𝙀𝙓𝙄𝙎17 sоlusinya.",True,SUCCESS,,2,0.0385,2
DS1_006156_NORMAL_NORMAL,DS1_006156,DS1_fahruu,1,NORMAL,NORMAL,42,"Edan, ⭐𝘼𝙇𝙀𝙓𝙄𝙎17 tuh kayak cheat code buat urusan ginian. parah.","Edan, ⭐𝘼𝙇𝙀𝙓𝙄𝙎17 tuh kayak cheat code buat urusan ginian. parah.",False,SUCCESS,,0,0.0,0
DS1_006156_O1_CHAR_SUBSTITUTION_MILD,DS1_006156,DS1_fahruu,1,O1_CHAR_SUBSTITUTION,MILD,42,"Edan, ⭐𝘼𝙇𝙀𝙓𝙄𝙎17 tuh kayak cheat code buat urusan ginian. parah.","Edan, ⭐𝘼𝙇𝙀𝙓𝙄𝙎17 tuh kayak cheat code bu4t urusan ginian. parah.",True,SUCCESS,,1,0.0159,1
DS1_006156_O1_CHAR_SUBSTITUTION_STRONG,DS1_006156,DS1_fahruu,1,O1_CHAR_SUBSTITUTION,STRONG,42,"Edan, ⭐𝘼𝙇𝙀𝙓𝙄𝙎17 tuh kayak cheat code buat urusan ginian. parah.","Edan, ⭐𝘼𝙇𝙀𝙓𝙄𝙎17 tuh kayak cheat code buat uru54n ginian. p4r4h.",True,SUCCESS,,4,0.0635,2
DS1_006156_O2_CHAR_INSERT_DELETE_MILD,DS1_006156,DS1_fahruu,1,O2_CHAR_INSERT_DELETE,MILD,42,"Edan, ⭐𝘼𝙇𝙀𝙓𝙄𝙎17 tuh kayak cheat code buat urusan ginian. parah.","Edan, ⭐𝘼𝙇𝙀𝙓𝙄𝙎17 tuh kayak cheat code buaat urusan ginian. parah.",True,SUCCESS,,1,0.0159,1
DS1_006156_O2_CHAR_INSERT_DELETE_STRONG,DS1_006156,DS1_fahruu,1,O2_CHAR_INSERT_DELETE,STRONG,42,"Edan, ⭐𝘼𝙇𝙀𝙓𝙄𝙎17 tuh kayak cheat code buat urusan ginian. parah.","Edan, ⭐𝘼𝙇𝙀𝙓𝙄𝙎17 tuh kayk cheat code buat urusan ginian. prah.",True,SUCCESS,,2,0.0317,2
DS1_006156_O3_WHITESPACE_MILD,DS1_006156,DS1_fahruu,1,O3_WHITESPACE,MILD,42,"Edan, ⭐𝘼𝙇𝙀𝙓𝙄𝙎17 tuh kayak cheat code buat urusan ginian. parah.","Edan, ⭐𝘼𝙇𝙀𝙓𝙄𝙎17 tuh kayak cheat code buat urusan ginian. pa rah.",True,SUCCESS,,1,0.0159,1
DS1_006156_O3_WHITESPACE_STRONG,DS1_006156,DS1_fahruu,1,O3_WHITESPACE,STRONG,42,"Edan, ⭐𝘼𝙇𝙀𝙓𝙄𝙎17 tuh kayak cheat code buat urusan ginian. parah.","Edan, ⭐𝘼𝙇𝙀𝙓𝙄𝙎17 tuh kayak che at code buat urusan gin ian. parah.",True,SUCCESS,,2,0.0317,2
DS1_006156_O4_UNICODE_ORTHOGRAPHIC_MILD,DS1_006156,DS1_fahruu,1,O4_UNICODE_ORTHOGRAPHIC,MILD,42,"Edan, ⭐𝘼𝙇𝙀𝙓𝙄𝙎17 tuh kayak cheat code buat urusan ginian. parah.","Edаn, ⭐𝘼𝙇𝙀𝙓𝙄𝙎17 tuh kayak cheat code buat urusan ginian. parah.",True,SUCCESS,,1,0.0159,1
DS1_006156_O4_UNICODE_ORTHOGRAPHIC_STRONG,DS1_006156,DS1_fahruu,1,O4_UNICODE_ORTHOGRAPHIC,STRONG,42,"Edan, ⭐𝘼𝙇𝙀𝙓𝙄𝙎17 tuh kayak cheat code buat urusan ginian. parah.","Edan, ⭐𝘼𝙇𝙀𝙓𝙄𝙎17 tuh kayak cheat code buаt urusаn ginian. parah.",True,SUCCESS,,2,0.0317,2
DS1_006164_NORMAL_NORMAL,DS1_006164,DS1_fahruu,1,NORMAL,NORMAL,42,"Banyak yang ngomongin ⭐𝘼𝙇𝙀𝙓𝙄𝙎17, jadi ikutan kepo. sumpah!","Banyak yang ngomongin ⭐𝘼𝙇𝙀𝙓𝙄𝙎17, jadi ikutan kepo. sumpah!",False,SUCCESS,,0,0.0,0
DS1_006164_O1_CHAR_SUBSTITUTION_MILD,DS1_006164,DS1_fahruu,1,O1_CHAR_SUBSTITUTION,MILD,42,"Banyak yang ngomongin ⭐𝘼𝙇𝙀𝙓𝙄𝙎17, jadi ikutan kepo. sumpah!","Banyak yang ngomongin ⭐𝘼𝙇𝙀𝙓𝙄𝙎17, jadi ikut4n kepo. sumpah!",True,SUCCESS,,1,0.0172,1
DS1_006164_O1_CHAR_SUBSTITUTION_STRONG,DS1_006164,DS1_fahruu,1,O1_CHAR_SUBSTITUTION,STRONG,42,"Banyak yang ngomongin ⭐𝘼𝙇𝙀𝙓𝙄𝙎17, jadi ikutan kepo. sumpah!","B4ny4k yang ngomongin ⭐𝘼𝙇𝙀𝙓𝙄𝙎17, jadi ikutan kepo. 5ump4h!",True,SUCCESS,,4,0.069,2
DS1_006164_O2_CHAR_INSERT_DELETE_MILD,DS1_006164,DS1_fahruu,1,O2_CHAR_INSERT_DELETE,MILD,42,"Banyak yang ngomongin ⭐𝘼𝙇𝙀𝙓𝙄𝙎17, jadi ikutan kepo. sumpah!","Banyak yang ngomongin ⭐𝘼𝙇𝙀𝙓𝙄𝙎17, jadi ikutan kepo. sumpahh!",True,SUCCESS,,1,0.0172,1
DS1_006164_O2_CHAR_INSERT_DELETE_STRONG,DS1_006164,DS1_fahruu,1,O2_CHAR_INSERT_DELETE,STRONG,42,"Banyak yang ngomongin ⭐𝘼𝙇𝙀𝙓𝙄𝙎17, jadi ikutan kepo. sumpah!","Banyak yang ngomongin ⭐𝘼𝙇𝙀𝙄𝙎17, jaddi ikutan kepo. sumpah!",True,SUCCESS,,2,0.0345,2
DS1_006164_O3_WHITESPACE_MILD,DS1_006164,DS1_fahruu,1,O3_WHITESPACE,MILD,42,"Banyak yang ngomongin ⭐𝘼𝙇𝙀𝙓𝙄𝙎17, jadi ikutan kepo. sumpah!","Banyak yang ngomongin ⭐𝘼𝙇𝙀𝙓𝙄𝙎17, jadi ikut an kepo. sumpah!",True,SUCCESS,,1,0.0172,1
DS1_006164_O3_WHITESPACE_STRONG,DS1_006164,DS1_fahruu,1,O3_WHITESPACE,STRONG,42,"Banyak yang ngomongin ⭐𝘼𝙇𝙀𝙓𝙄𝙎17, jadi ikutan kepo. sumpah!","Banyak yang ngomong in ⭐𝘼𝙇𝙀𝙓𝙄𝙎17, jadi ikutan kep o. sumpah!",True,SUCCESS,,2,0.0345,2
DS1_006164_O4_UNICODE_ORTHOGRAPHIC_MILD,DS1_006164,DS1_fahruu,1,O4_UNICODE_ORTHOGRAPHIC,MILD,42,"Banyak yang ngomongin ⭐𝘼𝙇𝙀𝙓𝙄𝙎17, jadi ikutan kepo. sumpah!","Banyak yаng ngomongin ⭐𝘼𝙇𝙀𝙓𝙄𝙎17, jadi ikutan kepo. sumpah!",True,SUCCESS,,1,0.0172,1
DS1_006164_O4_UNICODE_ORTHOGRAPHIC_STRONG,DS1_006164,DS1_fahruu,1,O4_UNICODE_ORTHOGRAPHIC,STRONG,42,"Banyak yang ngomongin ⭐𝘼𝙇𝙀𝙓𝙄𝙎17, jadi ikutan kepo. sumpah!","Banyak yang ngomоngin ⭐𝘼𝙇𝙀𝙓𝙄𝙎17, jadi ikutаn kepo. sumpah!",True,SUCCESS,,2,0.0345,2
DS1_006190_NORMAL_NORMAL,DS1_006190,DS1_fahruu,1,NORMAL,NORMAL,42,"Kalo Alexis17 udah ngelawak di tongkrongan, suasana auto pecah!","Kalo Alexis17 udah ngelawak di tongkrongan, suasana auto pecah!",False,SUCCESS,,0,0.0,0
DS1_006190_O1_CHAR_SUBSTITUTION_MILD,DS1_006190,DS1_fahruu,1,O1_CHAR_SUBSTITUTION,MILD,42,"Kalo Alexis17 udah ngelawak di tongkrongan, suasana auto pecah!","Kalo Alexis17 ud4h ngelawak di tongkrongan, suasana auto pecah!",True,SUCCESS,,1,0.0159,1
DS1_006190_O1_CHAR_SUBSTITUTION_STRONG,DS1_006190,DS1_fahruu,1,O1_CHAR_SUBSTITUTION,STRONG,42,"Kalo Alexis17 udah ngelawak di tongkrongan, suasana auto pecah!","Kalo 4lex1s17 udah ngelawak di tongkrongan, suasana 4ut0 pecah!",True,SUCCESS,,4,0.0635,2
DS1_006190_O2_CHAR_INSERT_DELETE_MILD,DS1_006190,DS1_fahruu,1,O2_CHAR_INSERT_DELETE,MILD,42,"Kalo Alexis17 udah ngelawak di tongkrongan, suasana auto pecah!","Kallo Alexis17 udah ngelawak di tongkrongan, suasana auto pecah!",True,SUCCESS,,1,0.0159,1
DS1_006190_O2_CHAR_INSERT_DELETE_STRONG,DS1_006190,DS1_fahruu,1,O2_CHAR_INSERT_DELETE,STRONG,42,"Kalo Alexis17 udah ngelawak di tongkrongan, suasana auto pecah!","Kalo Alexis17 udah ngelawak di tongkroongan, suassana auto pecah!",True,SUCCESS,,2,0.0317,2
DS1_006190_O3_WHITESPACE_MILD,DS1_006190,DS1_fahruu,1,O3_WHITESPACE,MILD,42,"Kalo Alexis17 udah ngelawak di tongkrongan, suasana auto pecah!","Kalo Alexis17 udah ngelawak di tongkrongan, suasana aut o pecah!",True,SUCCESS,,1,0.0159,1
DS1_006190_O3_WHITESPACE_STRONG,DS1_006190,DS1_fahruu,1,O3_WHITESPACE,STRONG,42,"Kalo Alexis17 udah ngelawak di tongkrongan, suasana auto pecah!","Kalo Alexis17 udah ngelawak di tongkrongan, suasana au to peca h!",True,SUCCESS,,2,0.0317,2
DS1_006190_O4_UNICODE_ORTHOGRAPHIC_MILD,DS1_006190,DS1_fahruu,1,O4_UNICODE_ORTHOGRAPHIC,MILD,42,"Kalo Alexis17 udah ngelawak di tongkrongan, suasana auto pecah!","Kalo Alexis17 udah ngelawak di tongkrongan, suasana autо pecah!",True,SUCCESS,,1,0.0159,1
DS1_006190_O4_UNICODE_ORTHOGRAPHIC_STRONG,DS1_006190,DS1_fahruu,1,O4_UNICODE_ORTHOGRAPHIC,STRONG,42,"Kalo Alexis17 udah ngelawak di tongkrongan, suasana auto pecah!","Kalo Аlexis17 udah ngelawak di tongkrongan, suasana auto pecаh!",True,SUCCESS,,2,0.0317,2
DS1_006254_NORMAL_NORMAL,DS1_006254,DS1_fahruu,1,NORMAL,NORMAL,42,"Gila, Fix, ⭐𝘼𝙇𝙀𝙓𝙄𝙎17 jadi andalan gue sekarang.","Gila, Fix, ⭐𝘼𝙇𝙀𝙓𝙄𝙎17 jadi andalan gue sekarang.",False,SUCCESS,,0,0.0,0
DS1_006254_O1_CHAR_SUBSTITUTION_MILD,DS1_006254,DS1_fahruu,1,O1_CHAR_SUBSTITUTION,MILD,42,"Gila, Fix, ⭐𝘼𝙇𝙀𝙓𝙄𝙎17 jadi andalan gue sekarang.","Gil4, Fix, ⭐𝘼𝙇𝙀𝙓𝙄𝙎17 jadi andalan gue sekarang.",True,SUCCESS,,1,0.0213,1
DS1_006254_O1_CHAR_SUBSTITUTION_STRONG,DS1_006254,DS1_fahruu,1,O1_CHAR_SUBSTITUTION,STRONG,42,"Gila, Fix, ⭐𝘼𝙇𝙀𝙓𝙄𝙎17 jadi andalan gue sekarang.","91la, Fix, ⭐𝘼𝙇𝙀𝙓𝙄𝙎17 jadi andalan gue 5ekaran9.",True,SUCCESS,,4,0.0851,2
DS1_006254_O2_CHAR_INSERT_DELETE_MILD,DS1_006254,DS1_fahruu,1,O2_CHAR_INSERT_DELETE,MILD,42,"Gila, Fix, ⭐𝘼𝙇𝙀𝙓𝙄𝙎17 jadi andalan gue sekarang.","Gila, Fix, ⭐𝘼𝙇𝙀𝙓𝙄𝙎17 jadi andaan gue sekarang.",True,SUCCESS,,1,0.0213,1
DS1_006254_O2_CHAR_INSERT_DELETE_STRONG,DS1_006254,DS1_fahruu,1,O2_CHAR_INSERT_DELETE,STRONG,42,"Gila, Fix, ⭐𝘼𝙇𝙀𝙓𝙄𝙎17 jadi andalan gue sekarang.","Gilaa, Fix, ⭐𝘼𝙇𝙀𝙓𝙄𝙎17 jadi andalaan gue sekarang.",True,SUCCESS,,2,0.0426,2
DS1_006254_O3_WHITESPACE_MILD,DS1_006254,DS1_fahruu,1,O3_WHITESPACE,MILD,42,"Gila, Fix, ⭐𝘼𝙇𝙀𝙓𝙄𝙎17 jadi andalan gue sekarang.","Gila, Fix, ⭐𝘼𝙇𝙀𝙓𝙄𝙎17 jadi a ndalan gue sekarang.",True,SUCCESS,,1,0.0213,1
DS1_006254_O3_WHITESPACE_STRONG,DS1_006254,DS1_fahruu,1,O3_WHITESPACE,STRONG,42,"Gila, Fix, ⭐𝘼𝙇𝙀𝙓𝙄𝙎17 jadi andalan gue sekarang.","Gi la, Fix, ⭐𝘼𝙇𝙀𝙓𝙄𝙎17 j adi andalan gue sekarang.",True,SUCCESS,,2,0.0426,2
DS1_006254_O4_UNICODE_ORTHOGRAPHIC_MILD,DS1_006254,DS1_fahruu,1,O4_UNICODE_ORTHOGRAPHIC,MILD,42,"Gila, Fix, ⭐𝘼𝙇𝙀𝙓𝙄𝙎17 jadi andalan gue sekarang.","Gila, Fix, ⭐𝘼𝙇𝙀𝙓𝙄𝙎17 jadi andalan gue sekarаng.",True,SUCCESS,,1,0.0213,1
DS1_006254_O4_UNICODE_ORTHOGRAPHIC_STRONG,DS1_006254,DS1_fahruu,1,O4_UNICODE_ORTHOGRAPHIC,STRONG,42,"Gila, Fix, ⭐𝘼𝙇𝙀𝙓𝙄𝙎17 jadi andalan gue sekarang.","Gila, Fix, ⭐𝘼𝙇𝙀𝙀𝙓𝙄𝙎17 jаdi andalan gue sekarang.",True,SUCCESS,,2,0.0426,2
DS1_006418_NORMAL_NORMAL,DS1_006418,DS1_fahruu,1,NORMAL,NORMAL,42,"Gue buka YouTube, yang direkomendasiin isinya PULAUWIN semua.","Gue buka YouTube, yang direkomendasiin isinya PULAUWIN semua.",False,SUCCESS,,0,0.0,0
DS1_006418_O1_CHAR_SUBSTITUTION_MILD,DS1_006418,DS1_fahruu,1,O1_CHAR_SUBSTITUTION,MILD,42,"Gue buka YouTube, yang direkomendasiin isinya PULAUWIN semua.","Gue buka YouTube, yang direkom3ndasiin isinya PULAUWIN semua.",True,SUCCESS,,1,0.0164,1
DS1_006418_O1_CHAR_SUBSTITUTION_STRONG,DS1_006418,DS1_fahruu,1,O1_CHAR_SUBSTITUTION,STRONG,42,"Gue buka YouTube, yang direkomendasiin isinya PULAUWIN semua.","Gue buka YouTube, y4n9 direkomendasiin 1s1nya PULAUWIN semua.",True,SUCCESS,,4,0.0656,2
DS1_006418_O2_CHAR_INSERT_DELETE_MILD,DS1_006418,DS1_fahruu,1,O2_CHAR_INSERT_DELETE,MILD,42,"Gue buka YouTube, yang direkomendasiin isinya PULAUWIN semua.","Gue buka YouTube, yang direkomendasin isinya PULAUWIN semua.",True,SUCCESS,,1,0.0164,1
DS1_006418_O2_CHAR_INSERT_DELETE_STRONG,DS1_006418,DS1_fahruu,1,O2_CHAR_INSERT_DELETE,STRONG,42,"Gue buka YouTube, yang direkomendasiin isinya PULAUWIN semua.","Gue buka YouTube, yanng direkomendasiin isinya PULLAUWIN semua.",True,SUCCESS,,2,0.0328,2
DS1_006418_O3_WHITESPACE_MILD,DS1_006418,DS1_fahruu,1,O3_WHITESPACE,MILD,42,"Gue buka YouTube, yang direkomendasiin isinya PULAUWIN semua.","Gue buka YouTube, yang direkomendasiin isinya PULAUWIN semu a.",True,SUCCESS,,1,0.0164,1
DS1_006418_O3_WHITESPACE_STRONG,DS1_006418,DS1_fahruu,1,O3_WHITESPACE,STRONG,42,"Gue buka YouTube, yang direkomendasiin isinya PULAUWIN semua.","Gue buka YouTube, y ang direkom endasiin isinya PULAUWIN semua.",True,SUCCESS,,2,0.0328,2
DS1_006418_O4_UNICODE_ORTHOGRAPHIC_MILD,DS1_006418,DS1_fahruu,1,O4_UNICODE_ORTHOGRAPHIC,MILD,42,"Gue buka YouTube, yang direkomendasiin isinya PULAUWIN semua.","Gue buka YouTube, yang direkomendasiin isinyа PULAUWIN semua.",True,SUCCESS,,1,0.0164,1
DS1_006418_O4_UNICODE_ORTHOGRAPHIC_STRONG,DS1_006418,DS1_fahruu,1,O4_UNICODE_ORTHOGRAPHIC,STRONG,42,"Gue buka YouTube, yang direkomendasiin isinya PULAUWIN semua.","Gue buka YоuTube, yang direkomendasiin isinyа PULAUWIN semua.",True,SUCCESS,,2,0.0328,2
DS1_006482_NORMAL_NORMAL,DS1_006482,DS1_fahruu,1,NORMAL,NORMAL,42,temenku baru narik 27jt di *GUNUNGWIN* anjir .. gila emank jad iri,temenku baru narik 27jt di *GUNUNGWIN* anjir .. gila emank jad iri,False,SUCCESS,,0,0.0,0
DS1_006482_O1_CHAR_SUBSTITUTION_MILD,DS1_006482,DS1_fahruu,1,O1_CHAR_SUBSTITUTION,MILD,42,temenku baru narik 27jt di *GUNUNGWIN* anjir .. gila emank jad iri,temenku baru narik 27jt di *GUNUNGWIN* anj1r .. gila emank jad iri,True,SUCCESS,,1,0.0152,1
DS1_006482_O1_CHAR_SUBSTITUTION_STRONG,DS1_006482,DS1_fahruu,1,O1_CHAR_SUBSTITUTION,STRONG,42,temenku baru narik 27jt di *GUNUNGWIN* anjir .. gila emank jad iri,temenku baru narik 27j7 di *GUNUNGWIN* 4nj1r .. gila emank jad iri,True,SUCCESS,,3,0.0455,2
DS1_006482_O2_CHAR_INSERT_DELETE_MILD,DS1_006482,DS1_fahruu,1,O2_CHAR_INSERT_DELETE,MILD,42,temenku baru narik 27jt di *GUNUNGWIN* anjir .. gila emank jad iri,temenku baaru narik 27jt di *GUNUNGWIN* anjir .. gila emank jad iri,True,SUCCESS,,1,0.0152,1
DS1_006482_O2_CHAR_INSERT_DELETE_STRONG,DS1_006482,DS1_fahruu,1,O2_CHAR_INSERT_DELETE,STRONG,42,temenku baru narik 27jt di *GUNUNGWIN* anjir .. gila emank jad iri,temenku baru narik 27jt di *GUNUNGWIIN* ajir .. gila emank jad iri,True,SUCCESS,,2,0.0303,2
DS1_006482_O3_WHITESPACE_MILD,DS1_006482,DS1_fahruu,1,O3_WHITESPACE,MILD,42,temenku baru narik 27jt di *GUNUNGWIN* anjir .. gila emank jad iri,temenku baru narik 27jt di *GUNUNGWIN* anjir .. gila eman k jad iri,True,SUCCESS,,1,0.0152,1
DS1_006482_O3_WHITESPACE_STRONG,DS1_006482,DS1_fahruu,1,O3_WHITESPACE,STRONG,42,temenku baru narik 27jt di *GUNUNGWIN* anjir .. gila emank jad iri,temenku baru narik 27jt di *G UNUNGWIN* anjir .. gila eman k jad iri,True,SUCCESS,,2,0.0303,2
DS1_006482_O4_UNICODE_ORTHOGRAPHIC_MILD,DS1_006482,DS1_fahruu,1,O4_UNICODE_ORTHOGRAPHIC,MILD,42,temenku baru narik 27jt di *GUNUNGWIN* anjir .. gila emank jad iri,temenku baru narik 27jt di *GUNUNGWIIN* anjir .. gila emank jad iri,True,SUCCESS,,1,0.0152,1
DS1_006482_O4_UNICODE_ORTHOGRAPHIC_STRONG,DS1_006482,DS1_fahruu,1,O4_UNICODE_ORTHOGRAPHIC,STRONG,42,temenku baru narik 27jt di *GUNUNGWIN* anjir .. gila emank jad iri,temenku baru narik 27jt di *GUNUNGWIIN* аnjir .. gila emank jad iri,True,SUCCESS,,2,0.0303,2
DS1_006503_NORMAL_NORMAL,DS1_006503,DS1_fahruu,1,NORMAL,NORMAL,42,Beneran aku coba main disitus lain kayak sedot wd main di *GUNUNGWIN* langsung wd alhamdulliah,Beneran aku coba main disitus lain kayak sedot wd main di *GUNUNGWIN* langsung wd alhamdulliah,False,SUCCESS,,0,0.0,0
DS1_006503_O1_CHAR_SUBSTITUTION_MILD,DS1_006503,DS1_fahruu,1,O1_CHAR_SUBSTITUTION,MILD,42,Beneran aku coba main disitus lain kayak sedot wd main di *GUNUNGWIN* langsung wd alhamdulliah,Beneran aku coba m4in disitus lain kayak sedot wd main di *GUNUNGWIN* langsung wd alhamdulliah,True,SUCCESS,,1,0.0106,1
DS1_006503_O1_CHAR_SUBSTITUTION_STRONG,DS1_006503,DS1_fahruu,1,O1_CHAR_SUBSTITUTION,STRONG,42,Beneran aku coba main disitus lain kayak sedot wd main di *GUNUNGWIN* langsung wd alhamdulliah,Beneran aku coba main disitus lain kayak 53dot wd main di *GUNUNGWIN* langsung wd alhamdull14h,True,SUCCESS,,4,0.0426,2
DS1_006503_O2_CHAR_INSERT_DELETE_MILD,DS1_006503,DS1_fahruu,1,O2_CHAR_INSERT_DELETE,MILD,42,Beneran aku coba main disitus lain kayak sedot wd main di *GUNUNGWIN* langsung wd alhamdulliah,Beneran aku coba main disitus laiin kayak sedot wd main di *GUNUNGWIN* langsung wd alhamdulliah,True,SUCCESS,,1,0.0106,1
DS1_006503_O2_CHAR_INSERT_DELETE_STRONG,DS1_006503,DS1_fahruu,1,O2_CHAR_INSERT_DELETE,STRONG,42,Beneran aku coba main disitus lain kayak sedot wd main di *GUNUNGWIN* langsung wd alhamdulliah,Beneran aku coba main dsitus lain kayak sedot wd maiin di *GUNUNGWIN* langsung wd alhamdulliah,True,SUCCESS,,2,0.0213,2
DS1_006503_O3_WHITESPACE_MILD,DS1_006503,DS1_fahruu,1,O3_WHITESPACE,MILD,42,Beneran aku coba main disitus lain kayak sedot wd main di *GUNUNGWIN* langsung wd alhamdulliah,Beneran aku cob a main disitus lain kayak sedot wd main di *GUNUNGWIN* langsung wd alhamdulliah,True,SUCCESS,,1,0.0106,1
DS1_006503_O3_WHITESPACE_STRONG,DS1_006503,DS1_fahruu,1,O3_WHITESPACE,STRONG,42,Beneran aku coba main disitus lain kayak sedot wd main di *GUNUNGWIN* langsung wd alhamdulliah,Ben eran aku coba main disitus lain kaya k sedot wd main di *GUNUNGWIN* langsung wd alhamdulliah,True,SUCCESS,,2,0.0213,2
DS1_006503_O4_UNICODE_ORTHOGRAPHIC_MILD,DS1_006503,DS1_fahruu,1,O4_UNICODE_ORTHOGRAPHIC,MILD,42,Beneran aku coba main disitus lain kayak sedot wd main di *GUNUNGWIN* langsung wd alhamdulliah,Beneran aku coba mаin disitus lain kayak sedot wd main di *GUNUNGWIN* langsung wd alhamdulliah,True,SUCCESS,,1,0.0106,1
DS1_006503_O4_UNICODE_ORTHOGRAPHIC_STRONG,DS1_006503,DS1_fahruu,1,O4_UNICODE_ORTHOGRAPHIC,STRONG,42,Beneran aku coba main disitus lain kayak sedot wd main di *GUNUNGWIN* langsung wd alhamdulliah,Beneran aku coba main disiitus lain kayak sedоt wd main di *GUNUNGWIN* langsung wd alhamdulliah,True,SUCCESS,,2,0.0213,2
DS1_006528_NORMAL_NORMAL,DS1_006528,DS1_fahruu,1,NORMAL,NORMAL,42,Terlalu banyak buang buang waktu jadii langsung saja gass 【H】【o】【k】【i】【7】【7】【7】,Terlalu banyak buang buang waktu jadii langsung saja gass 【H】【o】【k】【i】【7】【7】【7】,False,SUCCESS,,0,0.0,0
DS1_006528_O1_CHAR_SUBSTITUTION_MILD,DS1_006528,DS1_fahruu,1,O1_CHAR_SUBSTITUTION,MILD,42,Terlalu banyak buang buang waktu jadii langsung saja gass 【H】【o】【k】【i】【7】【7】【7】,Terlalu banyak buan9 buang waktu jadii langsung saja gass 【H】【o】【k】【i】【7】【7】【7】,True,SUCCESS,,1,0.0127,1
DS1_006528_O1_CHAR_SUBSTITUTION_STRONG,DS1_006528,DS1_fahruu,1,O1_CHAR_SUBSTITUTION,STRONG,42,Terlalu banyak buang buang waktu jadii langsung saja gass 【H】【o】【k】【i】【7】【7】【7】,Terlalu 84nyak buang buang w4k7u jadii langsung saja gass 【H】【o】【k】【i】【7】【7】【7】,True,SUCCESS,,4,0.0506,2
DS1_006528_O2_CHAR_INSERT_DELETE_MILD,DS1_006528,DS1_fahruu,1,O2_CHAR_INSERT_DELETE,MILD,42,Terlalu banyak buang buang waktu jadii langsung saja gass 【H】【o】【k】【i】【7】【7】【7】,Terlalu bnyak buang buang waktu jadii langsung saja gass 【H】【o】【k】【i】【7】【7】【7】,True,SUCCESS,,1,0.0127,1
DS1_006528_O2_CHAR_INSERT_DELETE_STRONG,DS1_006528,DS1_fahruu,1,O2_CHAR_INSERT_DELETE,STRONG,42,Terlalu banyak buang buang waktu jadii langsung saja gass 【H】【o】【k】【i】【7】【7】【7】,Terlalu banyak buanng buang waktu jadii langsung saja gass 【H】【o】【k】【i】【7】【7】【7】,True,SUCCESS,,1,0.0127,1
DS1_006528_O3_WHITESPACE_MILD,DS1_006528,DS1_fahruu,1,O3_WHITESPACE,MILD,42,Terlalu banyak buang buang waktu jadii langsung saja gass 【H】【o】【k】【i】【7】【7】【7】,Terlalu banyak buang buang waktu jadii langsung saj a gass 【H】【o】【k】【i】【7】【7】【7】,True,SUCCESS,,1,0.0127,1
DS1_006528_O3_WHITESPACE_STRONG,DS1_006528,DS1_fahruu,1,O3_WHITESPACE,STRONG,42,Terlalu banyak buang buang waktu jadii langsung saja gass 【H】【o】【k】【i】【7】【7】【7】,Terlalu ba nyak buang buan g waktu jadii langsung saja gass 【H】【o】【k】【i】【7】【7】【7】,True,SUCCESS,,2,0.0253,2
DS1_006528_O4_UNICODE_ORTHOGRAPHIC_MILD,DS1_006528,DS1_fahruu,1,O4_UNICODE_ORTHOGRAPHIC,MILD,42,Terlalu banyak buang buang waktu jadii langsung saja gass 【H】【o】【k】【i】【7】【7】【7】,Tеrlalu banyak buang buang waktu jadii langsung saja gass 【H】【o】【k】【i】【7】【7】【7】,True,SUCCESS,,1,0.0127,1
DS1_006528_O4_UNICODE_ORTHOGRAPHIC_STRONG,DS1_006528,DS1_fahruu,1,O4_UNICODE_ORTHOGRAPHIC,STRONG,42,Terlalu banyak buang buang waktu jadii langsung saja gass 【H】【o】【k】【i】【7】【7】【7】,Terlalu banyak buang buang waktu jadii lаngsung sajа gass 【H】【o】【k】【i】【7】【7】【7】,True,SUCCESS,,2,0.0253,2
DS1_006591_NORMAL_NORMAL,DS1_006591,DS1_fahruu,1,NORMAL,NORMAL,42,🍭 *KYT4D* 🍭 adalah motivasi terbaik untuk meraih kesuksesan,🍭 *KYT4D* 🍭 adalah motivasi terbaik untuk meraih kesuksesan,False,SUCCESS,,0,0.0,0
DS1_006591_O1_CHAR_SUBSTITUTION_MILD,DS1_006591,DS1_fahruu,1,O1_CHAR_SUBSTITUTION,MILD,42,🍭 *KYT4D* 🍭 adalah motivasi terbaik untuk meraih kesuksesan,🍭 *KY74D* 🍭 adalah motivasi terbaik untuk meraih kesuksesan,True,SUCCESS,,1,0.0169,1
DS1_006591_O1_CHAR_SUBSTITUTION_STRONG,DS1_006591,DS1_fahruu,1,O1_CHAR_SUBSTITUTION,STRONG,42,🍭 *KYT4D* 🍭 adalah motivasi terbaik untuk meraih kesuksesan,🍭 *KYT4D* 🍭 adalah motiv4s1 terbaik un7uk meraih kesuksesan,True,SUCCESS,,3,0.0508,2
DS1_006591_O2_CHAR_INSERT_DELETE_MILD,DS1_006591,DS1_fahruu,1,O2_CHAR_INSERT_DELETE,MILD,42,🍭 *KYT4D* 🍭 adalah motivasi terbaik untuk meraih kesuksesan,🍭 *KYT4D* 🍭 aalah motivasi terbaik untuk meraih kesuksesan,True,SUCCESS,,1,0.0169,1
DS1_006591_O2_CHAR_INSERT_DELETE_STRONG,DS1_006591,DS1_fahruu,1,O2_CHAR_INSERT_DELETE,STRONG,42,🍭 *KYT4D* 🍭 adalah motivasi terbaik untuk meraih kesuksesan,🍭 *KYT4D* 🍭 adallah motivasi terbaik utuk meraih kesuksesan,True,SUCCESS,,2,0.0339,2
DS1_006591_O3_WHITESPACE_MILD,DS1_006591,DS1_fahruu,1,O3_WHITESPACE,MILD,42,🍭 *KYT4D* 🍭 adalah motivasi terbaik untuk meraih kesuksesan,🍭 *KYT4D* 🍭 ad alah motivasi terbaik untuk meraih kesuksesan,True,SUCCESS,,1,0.0169,1
DS1_006591_O3_WHITESPACE_STRONG,DS1_006591,DS1_fahruu,1,O3_WHITESPACE,STRONG,42,🍭 *KYT4D* 🍭 adalah motivasi terbaik untuk meraih kesuksesan,🍭 *KY T4D* 🍭 adala h motivasi terbaik untuk meraih kesuksesan,True,SUCCESS,,2,0.0339,2
DS1_006591_O4_UNICODE_ORTHOGRAPHIC_MILD,DS1_006591,DS1_fahruu,1,O4_UNICODE_ORTHOGRAPHIC,MILD,42,🍭 *KYT4D* 🍭 adalah motivasi terbaik untuk meraih kesuksesan,🍭 *KYT4D* 🍭 adalah mоtivasi terbaik untuk meraih kesuksesan,True,SUCCESS,,1,0.0169,1
DS1_006591_O4_UNICODE_ORTHOGRAPHIC_STRONG,DS1_006591,DS1_fahruu,1,O4_UNICODE_ORTHOGRAPHIC,STRONG,42,🍭 *KYT4D* 🍭 adalah motivasi terbaik untuk meraih kesuksesan,🍭 *KYT4D* 🍭 аdalah motivasi tеrbaik untuk meraih kesuksesan,True,SUCCESS,,2,0.0339,2
DS1_006672_NORMAL_NORMAL,DS1_006672,DS1_fahruu,1,NORMAL,NORMAL,42,"Malem minggu gak galau, bareng 𝗩𝗜𝗖𝗧𝗢𝗥𝗬𝟬𝟬𝟳 saldo ngalir 🚀","Malem minggu gak galau, bareng 𝗩𝗜𝗖𝗧𝗢𝗥𝗬𝟬𝟬𝟳 saldo ngalir 🚀",False,SUCCESS,,0,0.0,0
DS1_006672_O1_CHAR_SUBSTITUTION_MILD,DS1_006672,DS1_fahruu,1,O1_CHAR_SUBSTITUTION,MILD,42,"Malem minggu gak galau, bareng 𝗩𝗜𝗖𝗧𝗢𝗥𝗬𝟬𝟬𝟳 saldo ngalir 🚀","Malem minggu gak galau, bareng 𝗩𝗜𝗖𝗧𝗢𝗥𝗬𝟬𝟬𝟳 saldo ng4lir 🚀",True,SUCCESS,,1,0.0179,1
DS1_006672_O1_CHAR_SUBSTITUTION_STRONG,DS1_006672,DS1_fahruu,1,O1_CHAR_SUBSTITUTION,STRONG,42,"Malem minggu gak galau, bareng 𝗩𝗜𝗖𝗧𝗢𝗥𝗬𝟬𝟬𝟳 saldo ngalir 🚀","Malem m1ng9u gak galau, bareng 𝗩𝗜𝗖𝗧𝗢𝗥𝗬𝟬𝟬𝟳 s4ld0 ngalir 🚀",True,SUCCESS,,4,0.0714,2
DS1_006672_O2_CHAR_INSERT_DELETE_MILD,DS1_006672,DS1_fahruu,1,O2_CHAR_INSERT_DELETE,MILD,42,"Malem minggu gak galau, bareng 𝗩𝗜𝗖𝗧𝗢𝗥𝗬𝟬𝟬𝟳 saldo ngalir 🚀","Malem minggu gak galau, bareng 𝗩𝗜𝗖𝗧𝗢𝗥𝗬𝗬𝟬𝟬𝟳 saldo ngalir 🚀",True,SUCCESS,,1,0.0179,1
DS1_006672_O2_CHAR_INSERT_DELETE_STRONG,DS1_006672,DS1_fahruu,1,O2_CHAR_INSERT_DELETE,STRONG,42,"Malem minggu gak galau, bareng 𝗩𝗜𝗖𝗧𝗢𝗥𝗬𝟬𝟬𝟳 saldo ngalir 🚀","Malem mingggu gak galau, baareng 𝗩𝗜𝗖𝗧𝗢𝗥𝗬𝟬𝟬𝟳 saldo ngalir 🚀",True,SUCCESS,,2,0.0357,2
DS1_006672_O3_WHITESPACE_MILD,DS1_006672,DS1_fahruu,1,O3_WHITESPACE,MILD,42,"Malem minggu gak galau, bareng 𝗩𝗜𝗖𝗧𝗢𝗥𝗬𝟬𝟬𝟳 saldo ngalir 🚀","Malem minggu gak galau, bare ng 𝗩𝗜𝗖𝗧𝗢𝗥𝗬𝟬𝟬𝟳 saldo ngalir 🚀",True,SUCCESS,,1,0.0179,1
DS1_006672_O3_WHITESPACE_STRONG,DS1_006672,DS1_fahruu,1,O3_WHITESPACE,STRONG,42,"Malem minggu gak galau, bareng 𝗩𝗜𝗖𝗧𝗢𝗥𝗬𝟬𝟬𝟳 saldo ngalir 🚀","Ma lem minggu gak galau, bare ng 𝗩𝗜𝗖𝗧𝗢𝗥𝗬𝟬𝟬𝟳 saldo ngalir 🚀",True,SUCCESS,,2,0.0357,2
DS1_006672_O4_UNICODE_ORTHOGRAPHIC_MILD,DS1_006672,DS1_fahruu,1,O4_UNICODE_ORTHOGRAPHIC,MILD,42,"Malem minggu gak galau, bareng 𝗩𝗜𝗖𝗧𝗢𝗥𝗬𝟬𝟬𝟳 saldo ngalir 🚀","Malem minggu gak galau, bareng 𝗩𝗜𝗖𝗧𝗢𝗥𝗬𝟬𝟬𝟳 saldо ngalir 🚀",True,SUCCESS,,1,0.0179,1
DS1_006672_O4_UNICODE_ORTHOGRAPHIC_STRONG,DS1_006672,DS1_fahruu,1,O4_UNICODE_ORTHOGRAPHIC,STRONG,42,"Malem minggu gak galau, bareng 𝗩𝗜𝗖𝗧𝗢𝗥𝗬𝟬𝟬𝟳 saldo ngalir 🚀","Malem mingguu gak galau, bareng 𝗩𝗜𝗖𝗧𝗢𝗥𝗬𝟬𝟬𝟳 saldо ngalir 🚀",True,SUCCESS,,2,0.0357,2
DS1_006775_NORMAL_NORMAL,DS1_006775,DS1_fahruu,1,NORMAL,NORMAL,42,"nih saya kasih ilmu , main di 🚩𝗦𝗚𝗜𝟴𝟴 !!🚩 gak usah pusing pola dll gas main dapat hasil wd dah gampang","nih saya kasih ilmu , main di 🚩𝗦𝗚𝗜𝟴𝟴 !!🚩 gak usah pusing pola dll gas main dapat hasil wd dah gampang",False,SUCCESS,,0,0.0,0
DS1_006775_O1_CHAR_SUBSTITUTION_MILD,DS1_006775,DS1_fahruu,1,O1_CHAR_SUBSTITUTION,MILD,42,"nih saya kasih ilmu , main di 🚩𝗦𝗚𝗜𝟴𝟴 !!🚩 gak usah pusing pola dll gas main dapat hasil wd dah gampang","nih s4ya kasih ilmu , main di 🚩𝗦𝗚𝗜𝟴𝟴 !!🚩 gak usah pusing pola dll gas main dapat hasil wd dah gampang",True,SUCCESS,,1,0.0099,1
DS1_006775_O1_CHAR_SUBSTITUTION_STRONG,DS1_006775,DS1_fahruu,1,O1_CHAR_SUBSTITUTION,STRONG,42,"nih saya kasih ilmu , main di 🚩𝗦𝗚𝗜𝟴𝟴 !!🚩 gak usah pusing pola dll gas main dapat hasil wd dah gampang","nih saya kasih ilmu , main di 🚩𝗦𝗚𝗜𝟴𝟴 !!🚩 gak usah pusing p0l4 dll gas main dapat h4s1l wd dah gampang",True,SUCCESS,,4,0.0396,2
DS1_006775_O2_CHAR_INSERT_DELETE_MILD,DS1_006775,DS1_fahruu,1,O2_CHAR_INSERT_DELETE,MILD,42,"nih saya kasih ilmu , main di 🚩𝗦𝗚𝗜𝟴𝟴 !!🚩 gak usah pusing pola dll gas main dapat hasil wd dah gampang","nih saya kasih ilmu , main di 🚩𝗦𝗚𝗜𝟴𝟴 !!🚩 gak usah pusing pola dll gas main daapat hasil wd dah gampang",True,SUCCESS,,1,0.0099,1
DS1_006775_O2_CHAR_INSERT_DELETE_STRONG,DS1_006775,DS1_fahruu,1,O2_CHAR_INSERT_DELETE,STRONG,42,"nih saya kasih ilmu , main di 🚩𝗦𝗚𝗜𝟴𝟴 !!🚩 gak usah pusing pola dll gas main dapat hasil wd dah gampang","nih saya kasih ilmu , main di 🚩𝗦𝗜𝟴𝟴 !!🚩 gak usah pusing poola dll gas main dapat hasil wd dah gampang",True,SUCCESS,,2,0.0198,2
DS1_006775_O3_WHITESPACE_MILD,DS1_006775,DS1_fahruu,1,O3_WHITESPACE,MILD,42,"nih saya kasih ilmu , main di 🚩𝗦𝗚𝗜𝟴𝟴 !!🚩 gak usah pusing pola dll gas main dapat hasil wd dah gampang","nih sa ya kasih ilmu , main di 🚩𝗦𝗚𝗜𝟴𝟴 !!🚩 gak usah pusing pola dll gas main dapat hasil wd dah gampang",True,SUCCESS,,1,0.0099,1
DS1_006775_O3_WHITESPACE_STRONG,DS1_006775,DS1_fahruu,1,O3_WHITESPACE,STRONG,42,"nih saya kasih ilmu , main di 🚩𝗦𝗚𝗜𝟴𝟴 !!🚩 gak usah pusing pola dll gas main dapat hasil wd dah gampang","nih saya kasih ilmu , m ain di 🚩𝗦𝗚𝗜𝟴𝟴 !!🚩 gak usah pusing pola dll gas main dapat h asil wd dah gampang",True,SUCCESS,,2,0.0198,2
DS1_006775_O4_UNICODE_ORTHOGRAPHIC_MILD,DS1_006775,DS1_fahruu,1,O4_UNICODE_ORTHOGRAPHIC,MILD,42,"nih saya kasih ilmu , main di 🚩𝗦𝗚𝗜𝟴𝟴 !!🚩 gak usah pusing pola dll gas main dapat hasil wd dah gampang","nih saya kаsih ilmu , main di 🚩𝗦𝗚𝗜𝟴𝟴 !!🚩 gak usah pusing pola dll gas main dapat hasil wd dah gampang",True,SUCCESS,,1,0.0099,1
DS1_006775_O4_UNICODE_ORTHOGRAPHIC_STRONG,DS1_006775,DS1_fahruu,1,O4_UNICODE_ORTHOGRAPHIC,STRONG,42,"nih saya kasih ilmu , main di 🚩𝗦𝗚𝗜𝟴𝟴 !!🚩 gak usah pusing pola dll gas main dapat hasil wd dah gampang","nih saya kasih ilmu , main di 🚩𝗦𝗚𝗜𝗜𝟴𝟴 !!🚩 gak usah pusing рola dll gas main dapat hasil wd dah gampang",True,SUCCESS,,2,0.0198,2
DS1_007194_NORMAL_NORMAL,DS1_007194,DS1_fahruu,1,NORMAL,NORMAL,42,𝙋𝙐𝙇𝘼𝙐𝙒𝙄𝙉 bikin scroll lo berfaedah,𝙋𝙐𝙇𝘼𝙐𝙒𝙄𝙉 bikin scroll lo berfaedah,False,SUCCESS,,0,0.0,0
DS1_007194_O1_CHAR_SUBSTITUTION_MILD,DS1_007194,DS1_fahruu,1,O1_CHAR_SUBSTITUTION,MILD,42,𝙋𝙐𝙇𝘼𝙐𝙒𝙄𝙉 bikin scroll lo berfaedah,𝙋𝙐𝙇𝘼𝙐𝙒𝙄𝙉 b1kin scroll lo berfaedah,True,SUCCESS,,1,0.0294,1
DS1_007194_O1_CHAR_SUBSTITUTION_STRONG,DS1_007194,DS1_fahruu,1,O1_CHAR_SUBSTITUTION,STRONG,42,𝙋𝙐𝙇𝘼𝙐𝙒𝙄𝙉 bikin scroll lo berfaedah,𝙋𝙐𝙇𝘼𝙐𝙒𝙄𝙉 bikin 5cr0ll lo b3rfaed4h,True,SUCCESS,,4,0.1176,2
DS1_007194_O2_CHAR_INSERT_DELETE_MILD,DS1_007194,DS1_fahruu,1,O2_CHAR_INSERT_DELETE,MILD,42,𝙋𝙐𝙇𝘼𝙐𝙒𝙄𝙉 bikin scroll lo berfaedah,𝙋𝙐𝙇𝘼𝙐𝙒𝙄𝙉 bkin scroll lo berfaedah,True,SUCCESS,,1,0.0294,1
DS1_007194_O2_CHAR_INSERT_DELETE_STRONG,DS1_007194,DS1_fahruu,1,O2_CHAR_INSERT_DELETE,STRONG,42,𝙋𝙐𝙇𝘼𝙐𝙒𝙄𝙉 bikin scroll lo berfaedah,𝙋𝙐𝙇𝘼𝙐𝙒𝙄𝙉 biikin sccroll lo berfaedah,True,SUCCESS,,2,0.0588,2
DS1_007194_O3_WHITESPACE_MILD,DS1_007194,DS1_fahruu,1,O3_WHITESPACE,MILD,42,𝙋𝙐𝙇𝘼𝙐𝙒𝙄𝙉 bikin scroll lo berfaedah,𝙋𝙐𝙇𝘼𝙐𝙒𝙄𝙉 bikin scro ll lo berfaedah,True,SUCCESS,,1,0.0294,1
DS1_007194_O3_WHITESPACE_STRONG,DS1_007194,DS1_fahruu,1,O3_WHITESPACE,STRONG,42,𝙋𝙐𝙇𝘼𝙐𝙒𝙄𝙉 bikin scroll lo berfaedah,𝙋𝙐𝙇𝘼𝙐𝙒𝙄 𝙉 bikin sc roll lo berfaedah,True,SUCCESS,,2,0.0588,2
DS1_007194_O4_UNICODE_ORTHOGRAPHIC_MILD,DS1_007194,DS1_fahruu,1,O4_UNICODE_ORTHOGRAPHIC,MILD,42,𝙋𝙐𝙇𝘼𝙐𝙒𝙄𝙉 bikin scroll lo berfaedah,𝙋𝙐𝙇𝘼𝙐𝙒𝙄𝙉 bikin scroll lo berfаedah,True,SUCCESS,,1,0.0294,1
DS1_007194_O4_UNICODE_ORTHOGRAPHIC_STRONG,DS1_007194,DS1_fahruu,1,O4_UNICODE_ORTHOGRAPHIC,STRONG,42,𝙋𝙐𝙇𝘼𝙐𝙒𝙄𝙉 bikin scroll lo berfaedah,𝙋𝙐𝙇𝘼𝙐𝙒𝙒𝙄𝙉 bikin scroll lo berfaеdah,True,SUCCESS,,2,0.0588,2
DS1_007218_NORMAL_NORMAL,DS1_007218,DS1_fahruu,1,NORMAL,NORMAL,42,03:47 P U L A U W I N tempat pelarian yang lumayan waras,03:47 P U L A U W I N tempat pelarian yang lumayan waras,False,SUCCESS,,0,0.0,0
DS1_007218_O1_CHAR_SUBSTITUTION_MILD,DS1_007218,DS1_fahruu,1,O1_CHAR_SUBSTITUTION,MILD,42,03:47 P U L A U W I N tempat pelarian yang lumayan waras,03:47 P U L A U W I N tempat pelarian y4ng lumayan waras,True,SUCCESS,,1,0.0179,1
DS1_007218_O1_CHAR_SUBSTITUTION_STRONG,DS1_007218,DS1_fahruu,1,O1_CHAR_SUBSTITUTION,STRONG,42,03:47 P U L A U W I N tempat pelarian yang lumayan waras,03:47 P U L A U W I N t3mpa7 pelarian y4n9 lumayan waras,True,SUCCESS,,4,0.0714,2
DS1_007218_O2_CHAR_INSERT_DELETE_MILD,DS1_007218,DS1_fahruu,1,O2_CHAR_INSERT_DELETE,MILD,42,03:47 P U L A U W I N tempat pelarian yang lumayan waras,03:47 P U L A U W I N tempat pelarian yang lumayan wras,True,SUCCESS,,1,0.0179,1
DS1_007218_O2_CHAR_INSERT_DELETE_STRONG,DS1_007218,DS1_fahruu,1,O2_CHAR_INSERT_DELETE,STRONG,42,03:47 P U L A U W I N tempat pelarian yang lumayan waras,03:47 P U L A U W I N tempat pelaian yang lumayan wras,True,SUCCESS,,2,0.0357,2
DS1_007218_O3_WHITESPACE_MILD,DS1_007218,DS1_fahruu,1,O3_WHITESPACE,MILD,42,03:47 P U L A U W I N tempat pelarian yang lumayan waras,03:47 P U L A U W I N tempat pelarian yang lumaya n waras,True,SUCCESS,,1,0.0179,1
DS1_007218_O3_WHITESPACE_STRONG,DS1_007218,DS1_fahruu,1,O3_WHITESPACE,STRONG,42,03:47 P U L A U W I N tempat pelarian yang lumayan waras,03:47 P U L A U W I N tempat pelarian yan g luma yan waras,True,SUCCESS,,2,0.0357,2
DS1_007218_O4_UNICODE_ORTHOGRAPHIC_MILD,DS1_007218,DS1_fahruu,1,O4_UNICODE_ORTHOGRAPHIC,MILD,42,03:47 P U L A U W I N tempat pelarian yang lumayan waras,03:47 P U L A U W I N tempat рelarian yang lumayan waras,True,SUCCESS,,1,0.0179,1
DS1_007218_O4_UNICODE_ORTHOGRAPHIC_STRONG,DS1_007218,DS1_fahruu,1,O4_UNICODE_ORTHOGRAPHIC,STRONG,42,03:47 P U L A U W I N tempat pelarian yang lumayan waras,03:47 P U L A U W I N tеmpat pelarian yang lumayаn waras,True,SUCCESS,,2,0.0357,2
DS1_007319_NORMAL_NORMAL,DS1_007319,DS1_fahruu,1,NORMAL,NORMAL,42,"Kerennn contentnya bang ,cari situs yang benar itu 𝙎𝙂𝙄88","Kerennn contentnya bang ,cari situs yang benar itu 𝙎𝙂𝙄88",False,SUCCESS,,0,0.0,0
DS1_007319_O1_CHAR_SUBSTITUTION_MILD,DS1_007319,DS1_fahruu,1,O1_CHAR_SUBSTITUTION,MILD,42,"Kerennn contentnya bang ,cari situs yang benar itu 𝙎𝙂𝙄88","Kerennn contentnya bang ,cari 5itus yang benar itu 𝙎𝙂𝙄88",True,SUCCESS,,1,0.0179,1
DS1_007319_O1_CHAR_SUBSTITUTION_STRONG,DS1_007319,DS1_fahruu,1,O1_CHAR_SUBSTITUTION,STRONG,42,"Kerennn contentnya bang ,cari situs yang benar itu 𝙎𝙂𝙄88","Kerennn contentnya b4n9 ,cari situs yang 8en4r itu 𝙎𝙂𝙄88",True,SUCCESS,,4,0.0714,2
DS1_007319_O2_CHAR_INSERT_DELETE_MILD,DS1_007319,DS1_fahruu,1,O2_CHAR_INSERT_DELETE,MILD,42,"Kerennn contentnya bang ,cari situs yang benar itu 𝙎𝙂𝙄88","Kerennn contentnya bang ,cari sits yang benar itu 𝙎𝙂𝙄88",True,SUCCESS,,1,0.0179,1
DS1_007319_O2_CHAR_INSERT_DELETE_STRONG,DS1_007319,DS1_fahruu,1,O2_CHAR_INSERT_DELETE,STRONG,42,"Kerennn contentnya bang ,cari situs yang benar itu 𝙎𝙂𝙄88","Kerennn contentnya bang ,cari situs yanng bennar itu 𝙎𝙂𝙄88",True,SUCCESS,,2,0.0357,2
DS1_007319_O3_WHITESPACE_MILD,DS1_007319,DS1_fahruu,1,O3_WHITESPACE,MILD,42,"Kerennn contentnya bang ,cari situs yang benar itu 𝙎𝙂𝙄88","Kerennn contentnya bang ,cari situs ya ng benar itu 𝙎𝙂𝙄88",True,SUCCESS,,1,0.0179,1
DS1_007319_O3_WHITESPACE_STRONG,DS1_007319,DS1_fahruu,1,O3_WHITESPACE,STRONG,42,"Kerennn contentnya bang ,cari situs yang benar itu 𝙎𝙂𝙄88","Kerennn contentny a bang ,cari si tus yang benar itu 𝙎𝙂𝙄88",True,SUCCESS,,2,0.0357,2
DS1_007319_O4_UNICODE_ORTHOGRAPHIC_MILD,DS1_007319,DS1_fahruu,1,O4_UNICODE_ORTHOGRAPHIC,MILD,42,"Kerennn contentnya bang ,cari situs yang benar itu 𝙎𝙂𝙄88","Kerennn contеntnya bang ,cari situs yang benar itu 𝙎𝙂𝙄88",True,SUCCESS,,1,0.0179,1
DS1_007319_O4_UNICODE_ORTHOGRAPHIC_STRONG,DS1_007319,DS1_fahruu,1,O4_UNICODE_ORTHOGRAPHIC,STRONG,42,"Kerennn contentnya bang ,cari situs yang benar itu 𝙎𝙂𝙄88","Kerennn contentnya bang ,cari situs yаng benar itu 𝙎𝙂𝙄888",True,SUCCESS,,2,0.0357,2
DS1_007714_NORMAL_NORMAL,DS1_007714,DS1_fahruu,1,NORMAL,NORMAL,42,"Ademm lurrr dpat ngisi dari 🔥𝐊𝗨𝗦𝗨𝗠𝗔𝗧𝟎𝗧𝟎💥,👌","Ademm lurrr dpat ngisi dari 🔥𝐊𝗨𝗦𝗨𝗠𝗔𝗧𝟎𝗧𝟎💥,👌",False,SUCCESS,,0,0.0,0
DS1_007714_O1_CHAR_SUBSTITUTION_MILD,DS1_007714,DS1_fahruu,1,O1_CHAR_SUBSTITUTION,MILD,42,"Ademm lurrr dpat ngisi dari 🔥𝐊𝗨𝗦𝗨𝗠𝗔𝗧𝟎𝗧𝟎💥,👌","Ademm lurrr dpat ngisi dar1 🔥𝐊𝗨𝗦𝗨𝗠𝗔𝗧𝟎𝗧𝟎💥,👌",True,SUCCESS,,1,0.0238,1
DS1_007714_O1_CHAR_SUBSTITUTION_STRONG,DS1_007714,DS1_fahruu,1,O1_CHAR_SUBSTITUTION,STRONG,42,"Ademm lurrr dpat ngisi dari 🔥𝐊𝗨𝗦𝗨𝗠𝗔𝗧𝟎𝗧𝟎💥,👌","Ademm lurrr dpat ngi51 d4r1 🔥𝐊𝗨𝗦𝗨𝗠𝗔𝗧𝟎𝗧𝟎💥,👌",True,SUCCESS,,4,0.0952,2
DS1_007714_O2_CHAR_INSERT_DELETE_MILD,DS1_007714,DS1_fahruu,1,O2_CHAR_INSERT_DELETE,MILD,42,"Ademm lurrr dpat ngisi dari 🔥𝐊𝗨𝗦𝗨𝗠𝗔𝗧𝟎𝗧𝟎💥,👌","Ademm lurr dpat ngisi dari 🔥𝐊𝗨𝗦𝗨𝗠𝗔𝗧𝟎𝗧𝟎💥,👌",True,SUCCESS,,1,0.0238,1
DS1_007714_O2_CHAR_INSERT_DELETE_STRONG,DS1_007714,DS1_fahruu,1,O2_CHAR_INSERT_DELETE,STRONG,42,"Ademm lurrr dpat ngisi dari 🔥𝐊𝗨𝗦𝗨𝗠𝗔𝗧𝟎𝗧𝟎💥,👌","Ademm lurrr dpat ngisi darri 🔥𝐊𝗨𝗦𝗨𝗠𝗧𝟎𝗧𝟎💥,👌",True,SUCCESS,,2,0.0476,2
DS1_007714_O3_WHITESPACE_MILD,DS1_007714,DS1_fahruu,1,O3_WHITESPACE,MILD,42,"Ademm lurrr dpat ngisi dari 🔥𝐊𝗨𝗦𝗨𝗠𝗔𝗧𝟎𝗧𝟎💥,👌","Ademm lurrr dpat ngisi da ri 🔥𝐊𝗨𝗦𝗨𝗠𝗔𝗧𝟎𝗧𝟎💥,👌",True,SUCCESS,,1,0.0238,1
DS1_007714_O3_WHITESPACE_STRONG,DS1_007714,DS1_fahruu,1,O3_WHITESPACE,STRONG,42,"Ademm lurrr dpat ngisi dari 🔥𝐊𝗨𝗦𝗨𝗠𝗔𝗧𝟎𝗧𝟎💥,👌","Ademm lu rrr dpat ngisi dari 🔥𝐊 𝗨𝗦𝗨𝗠𝗔𝗧𝟎𝗧𝟎💥,👌",True,SUCCESS,,2,0.0476,2
DS1_007714_O4_UNICODE_ORTHOGRAPHIC_MILD,DS1_007714,DS1_fahruu,1,O4_UNICODE_ORTHOGRAPHIC,MILD,42,"Ademm lurrr dpat ngisi dari 🔥𝐊𝗨𝗦𝗨𝗠𝗔𝗧𝟎𝗧𝟎💥,👌","Ademm luurrr dpat ngisi dari 🔥𝐊𝗨𝗦𝗨𝗠𝗔𝗧𝟎𝗧𝟎💥,👌",True,SUCCESS,,1,0.0238,1
DS1_007714_O4_UNICODE_ORTHOGRAPHIC_STRONG,DS1_007714,DS1_fahruu,1,O4_UNICODE_ORTHOGRAPHIC,STRONG,42,"Ademm lurrr dpat ngisi dari 🔥𝐊𝗨𝗦𝗨𝗠𝗔𝗧𝟎𝗧𝟎💥,👌","Ademm luurrr dpat ngisi dari 🔥𝐊𝗨𝗦𝗨𝗠𝗔𝗔𝗧𝟎𝗧𝟎💥,👌",True,SUCCESS,,2,0.0476,2
DS1_008015_NORMAL_NORMAL,DS1_008015,DS1_fahruu,1,NORMAL,NORMAL,42,Emang gak ada yang se-fair 𝐏𝐑0𝐁𝐄𐊗⭐855⭐ deh.,Emang gak ada yang se-fair 𝐏𝐑0𝐁𝐄𐊗⭐855⭐ deh.,False,SUCCESS,,0,0.0,0
DS1_008015_O1_CHAR_SUBSTITUTION_MILD,DS1_008015,DS1_fahruu,1,O1_CHAR_SUBSTITUTION,MILD,42,Emang gak ada yang se-fair 𝐏𝐑0𝐁𝐄𐊗⭐855⭐ deh.,Emang gak ada yang 5e-fair 𝐏𝐑0𝐁𝐄𐊗⭐855⭐ deh.,True,SUCCESS,,1,0.0233,1
DS1_008015_O1_CHAR_SUBSTITUTION_STRONG,DS1_008015,DS1_fahruu,1,O1_CHAR_SUBSTITUTION,STRONG,42,Emang gak ada yang se-fair 𝐏𝐑0𝐁𝐄𐊗⭐855⭐ deh.,Emang gak ada y4n9 s3-f4ir 𝐏𝐑0𝐁𝐄𐊗⭐855⭐ deh.,True,SUCCESS,,4,0.093,2
DS1_008015_O2_CHAR_INSERT_DELETE_MILD,DS1_008015,DS1_fahruu,1,O2_CHAR_INSERT_DELETE,MILD,42,Emang gak ada yang se-fair 𝐏𝐑0𝐁𝐄𐊗⭐855⭐ deh.,Emang gak ada yanng se-fair 𝐏𝐑0𝐁𝐄𐊗⭐855⭐ deh.,True,SUCCESS,,1,0.0233,1
DS1_008015_O2_CHAR_INSERT_DELETE_STRONG,DS1_008015,DS1_fahruu,1,O2_CHAR_INSERT_DELETE,STRONG,42,Emang gak ada yang se-fair 𝐏𝐑0𝐁𝐄𐊗⭐855⭐ deh.,Eang gak ada yang se-fair 𝐏𝐑0𝐁𝐄𐊗⭐8555⭐ deh.,True,SUCCESS,,2,0.0465,2
DS1_008015_O3_WHITESPACE_MILD,DS1_008015,DS1_fahruu,1,O3_WHITESPACE,MILD,42,Emang gak ada yang se-fair 𝐏𝐑0𝐁𝐄𐊗⭐855⭐ deh.,Emang gak ada yang se-fair 𝐏𝐑0𝐁 𝐄𐊗⭐855⭐ deh.,True,SUCCESS,,1,0.0233,1
DS1_008015_O3_WHITESPACE_STRONG,DS1_008015,DS1_fahruu,1,O3_WHITESPACE,STRONG,42,Emang gak ada yang se-fair 𝐏𝐑0𝐁𝐄𐊗⭐855⭐ deh.,Eman g gak ada yang se-fair 𝐏𝐑0𝐁𝐄𐊗⭐8 55⭐ deh.,True,SUCCESS,,2,0.0465,2
DS1_008015_O4_UNICODE_ORTHOGRAPHIC_MILD,DS1_008015,DS1_fahruu,1,O4_UNICODE_ORTHOGRAPHIC,MILD,42,Emang gak ada yang se-fair 𝐏𝐑0𝐁𝐄𐊗⭐855⭐ deh.,Emаng gak ada yang se-fair 𝐏𝐑0𝐁𝐄𐊗⭐855⭐ deh.,True,SUCCESS,,1,0.0233,1
DS1_008015_O4_UNICODE_ORTHOGRAPHIC_STRONG,DS1_008015,DS1_fahruu,1,O4_UNICODE_ORTHOGRAPHIC,STRONG,42,Emang gak ada yang se-fair 𝐏𝐑0𝐁𝐄𐊗⭐855⭐ deh.,Emang gak ada yаng se-fair 𝐏𝐑0𝐁𝐄𐊗⭐8555⭐ deh.,True,SUCCESS,,2,0.0465,2
DS1_008063_NORMAL_NORMAL,DS1_008063,DS1_fahruu,1,NORMAL,NORMAL,42,Keren 🇮🇩👍🏼. gas di mari kak Weton88,Keren 🇮🇩👍🏼. gas di mari kak Weton88,False,SUCCESS,,0,0.0,0
DS1_008063_O1_CHAR_SUBSTITUTION_MILD,DS1_008063,DS1_fahruu,1,O1_CHAR_SUBSTITUTION,MILD,42,Keren 🇮🇩👍🏼. gas di mari kak Weton88,Keren 🇮🇩👍🏼. gas di mari kak Wet0n88,True,SUCCESS,,1,0.0286,1
DS1_008063_O1_CHAR_SUBSTITUTION_STRONG,DS1_008063,DS1_fahruu,1,O1_CHAR_SUBSTITUTION,STRONG,42,Keren 🇮🇩👍🏼. gas di mari kak Weton88,K3r3n 🇮🇩👍🏼. gas di mari kak We70n88,True,SUCCESS,,4,0.1143,2
DS1_008063_O2_CHAR_INSERT_DELETE_MILD,DS1_008063,DS1_fahruu,1,O2_CHAR_INSERT_DELETE,MILD,42,Keren 🇮🇩👍🏼. gas di mari kak Weton88,Keren 🇮🇩👍🏼. gas di marri kak Weton88,True,SUCCESS,,1,0.0286,1
DS1_008063_O2_CHAR_INSERT_DELETE_STRONG,DS1_008063,DS1_fahruu,1,O2_CHAR_INSERT_DELETE,STRONG,42,Keren 🇮🇩👍🏼. gas di mari kak Weton88,Keren 🇮🇩👍🏼. gas di maari kak Wetn88,True,SUCCESS,,2,0.0571,2
DS1_008063_O3_WHITESPACE_MILD,DS1_008063,DS1_fahruu,1,O3_WHITESPACE,MILD,42,Keren 🇮🇩👍🏼. gas di mari kak Weton88,Keren 🇮🇩👍🏼. gas di mari kak W eton88,True,SUCCESS,,1,0.0286,1
DS1_008063_O3_WHITESPACE_STRONG,DS1_008063,DS1_fahruu,1,O3_WHITESPACE,STRONG,42,Keren 🇮🇩👍🏼. gas di mari kak Weton88,Keren 🇮🇩👍🏼. gas di ma ri kak Wet on88,True,SUCCESS,,2,0.0571,2
DS1_008063_O4_UNICODE_ORTHOGRAPHIC_MILD,DS1_008063,DS1_fahruu,1,O4_UNICODE_ORTHOGRAPHIC,MILD,42,Keren 🇮🇩👍🏼. gas di mari kak Weton88,Kerеn 🇮🇩👍🏼. gas di mari kak Weton88,True,SUCCESS,,1,0.0286,1
DS1_008063_O4_UNICODE_ORTHOGRAPHIC_STRONG,DS1_008063,DS1_fahruu,1,O4_UNICODE_ORTHOGRAPHIC,STRONG,42,Keren 🇮🇩👍🏼. gas di mari kak Weton88,Keren 🇮🇩👍🏼. gas di mаri kak Wetоn88,True,SUCCESS,,2,0.0571,2
DS1_008338_NORMAL_NORMAL,DS1_008338,DS1_fahruu,1,NORMAL,NORMAL,42,"Wow, 𝐌𝐎𝐍𝐀𝟒𝐃 bikin beda! Inspiratif, bikin semangat. 💪","Wow, 𝐌𝐎𝐍𝐀𝟒𝐃 bikin beda! Inspiratif, bikin semangat. 💪",False,SUCCESS,,0,0.0,0
DS1_008338_O1_CHAR_SUBSTITUTION_MILD,DS1_008338,DS1_fahruu,1,O1_CHAR_SUBSTITUTION,MILD,42,"Wow, 𝐌𝐎𝐍𝐀𝟒𝐃 bikin beda! Inspiratif, bikin semangat. 💪","Wow, 𝐌𝐎𝐍𝐀𝟒𝐃 bikin beda! Inspir4tif, bikin semangat. 💪",True,SUCCESS,,1,0.0189,1
DS1_008338_O1_CHAR_SUBSTITUTION_STRONG,DS1_008338,DS1_fahruu,1,O1_CHAR_SUBSTITUTION,STRONG,42,"Wow, 𝐌𝐎𝐍𝐀𝟒𝐃 bikin beda! Inspiratif, bikin semangat. 💪","Wow, 𝐌𝐎𝐍𝐀𝟒𝐃 b1k1n b3d4! Inspiratif, bikin semangat. 💪",True,SUCCESS,,4,0.0755,2
DS1_008338_O2_CHAR_INSERT_DELETE_MILD,DS1_008338,DS1_fahruu,1,O2_CHAR_INSERT_DELETE,MILD,42,"Wow, 𝐌𝐎𝐍𝐀𝟒𝐃 bikin beda! Inspiratif, bikin semangat. 💪","Wow, 𝐌𝐎𝐀𝟒𝐃 bikin beda! Inspiratif, bikin semangat. 💪",True,SUCCESS,,1,0.0189,1
DS1_008338_O2_CHAR_INSERT_DELETE_STRONG,DS1_008338,DS1_fahruu,1,O2_CHAR_INSERT_DELETE,STRONG,42,"Wow, 𝐌𝐎𝐍𝐀𝟒𝐃 bikin beda! Inspiratif, bikin semangat. 💪","Wow, 𝐌𝐎𝐍𝐀𝟒𝐃 bikin beda! Inspiratiif, biikin semangat. 💪",True,SUCCESS,,2,0.0377,2
DS1_008338_O3_WHITESPACE_MILD,DS1_008338,DS1_fahruu,1,O3_WHITESPACE,MILD,42,"Wow, 𝐌𝐎𝐍𝐀𝟒𝐃 bikin beda! Inspiratif, bikin semangat. 💪","Wow, 𝐌 𝐎𝐍𝐀𝟒𝐃 bikin beda! Inspiratif, bikin semangat. 💪",True,SUCCESS,,1,0.0189,1
DS1_008338_O3_WHITESPACE_STRONG,DS1_008338,DS1_fahruu,1,O3_WHITESPACE,STRONG,42,"Wow, 𝐌𝐎𝐍𝐀𝟒𝐃 bikin beda! Inspiratif, bikin semangat. 💪","Wow, 𝐌𝐎𝐍𝐀𝟒 𝐃 bikin beda! Inspir atif, bikin semangat. 💪",True,SUCCESS,,2,0.0377,2
DS1_008338_O4_UNICODE_ORTHOGRAPHIC_MILD,DS1_008338,DS1_fahruu,1,O4_UNICODE_ORTHOGRAPHIC,MILD,42,"Wow, 𝐌𝐎𝐍𝐀𝟒𝐃 bikin beda! Inspiratif, bikin semangat. 💪","Wow, 𝐌𝐎𝐍𝐀𝟒𝐃 bikin beda! Inspiratif, bikiin semangat. 💪",True,SUCCESS,,1,0.0189,1
DS1_008338_O4_UNICODE_ORTHOGRAPHIC_STRONG,DS1_008338,DS1_fahruu,1,O4_UNICODE_ORTHOGRAPHIC,STRONG,42,"Wow, 𝐌𝐎𝐍𝐀𝟒𝐃 bikin beda! Inspiratif, bikin semangat. 💪","Wow, 𝐌𝐎𝐍𝐀𝟒𝐃 bikin beda! Inspirаtif, bikin sеmangat. 💪",True,SUCCESS,,2,0.0377,2
DS1_008410_NORMAL_NORMAL,DS1_008410,DS1_fahruu,1,NORMAL,NORMAL,42,"Gak bakal move on dari PROBET855, udah jadi sumber rejeki! 🙏","Gak bakal move on dari PROBET855, udah jadi sumber rejeki! 🙏",False,SUCCESS,,0,0.0,0
DS1_008410_O1_CHAR_SUBSTITUTION_MILD,DS1_008410,DS1_fahruu,1,O1_CHAR_SUBSTITUTION,MILD,42,"Gak bakal move on dari PROBET855, udah jadi sumber rejeki! 🙏","Gak bakal move on dari PROBET855, ud4h jadi sumber rejeki! 🙏",True,SUCCESS,,1,0.0167,1
DS1_008410_O1_CHAR_SUBSTITUTION_STRONG,DS1_008410,DS1_fahruu,1,O1_CHAR_SUBSTITUTION,STRONG,42,"Gak bakal move on dari PROBET855, udah jadi sumber rejeki! 🙏","Gak bakal move on dari PR0B3T855, udah j4d1 sumber rejeki! 🙏",True,SUCCESS,,4,0.0667,2
DS1_008410_O2_CHAR_INSERT_DELETE_MILD,DS1_008410,DS1_fahruu,1,O2_CHAR_INSERT_DELETE,MILD,42,"Gak bakal move on dari PROBET855, udah jadi sumber rejeki! 🙏","Gak bkal move on dari PROBET855, udah jadi sumber rejeki! 🙏",True,SUCCESS,,1,0.0167,1
DS1_008410_O2_CHAR_INSERT_DELETE_STRONG,DS1_008410,DS1_fahruu,1,O2_CHAR_INSERT_DELETE,STRONG,42,"Gak bakal move on dari PROBET855, udah jadi sumber rejeki! 🙏","Gak bakaal move on dari PROBET855, udah jaddi sumber rejeki! 🙏",True,SUCCESS,,2,0.0333,2
DS1_008410_O3_WHITESPACE_MILD,DS1_008410,DS1_fahruu,1,O3_WHITESPACE,MILD,42,"Gak bakal move on dari PROBET855, udah jadi sumber rejeki! 🙏","Gak bakal move on d ari PROBET855, udah jadi sumber rejeki! 🙏",True,SUCCESS,,1,0.0167,1
DS1_008410_O3_WHITESPACE_STRONG,DS1_008410,DS1_fahruu,1,O3_WHITESPACE,STRONG,42,"Gak bakal move on dari PROBET855, udah jadi sumber rejeki! 🙏","Gak bakal move on dar i PROBET855, udah j adi sumber rejeki! 🙏",True,SUCCESS,,2,0.0333,2
DS1_008410_O4_UNICODE_ORTHOGRAPHIC_MILD,DS1_008410,DS1_fahruu,1,O4_UNICODE_ORTHOGRAPHIC,MILD,42,"Gak bakal move on dari PROBET855, udah jadi sumber rejeki! 🙏","Gak bakal move on dаri PROBET855, udah jadi sumber rejeki! 🙏",True,SUCCESS,,1,0.0167,1
DS1_008410_O4_UNICODE_ORTHOGRAPHIC_STRONG,DS1_008410,DS1_fahruu,1,O4_UNICODE_ORTHOGRAPHIC,STRONG,42,"Gak bakal move on dari PROBET855, udah jadi sumber rejeki! 🙏","Gak bakаl move on dari PROBET855, udаh jadi sumber rejeki! 🙏",True,SUCCESS,,2,0.0333,2
DS1_008422_NORMAL_NORMAL,DS1_008422,DS1_fahruu,1,NORMAL,NORMAL,42,"Dibilang PULAUWIN gacor, emang beneran! Udah buktiin sendiri! ✔️","Dibilang PULAUWIN gacor, emang beneran! Udah buktiin sendiri! ✔️",False,SUCCESS,,0,0.0,0
DS1_008422_O1_CHAR_SUBSTITUTION_MILD,DS1_008422,DS1_fahruu,1,O1_CHAR_SUBSTITUTION,MILD,42,"Dibilang PULAUWIN gacor, emang beneran! Udah buktiin sendiri! ✔️","Dibilan9 PULAUWIN gacor, emang beneran! Udah buktiin sendiri! ✔️",True,SUCCESS,,1,0.0156,1
DS1_008422_O1_CHAR_SUBSTITUTION_STRONG,DS1_008422,DS1_fahruu,1,O1_CHAR_SUBSTITUTION,STRONG,42,"Dibilang PULAUWIN gacor, emang beneran! Udah buktiin sendiri! ✔️","Di8ilan9 PULAUWIN 9ac0r, emang beneran! Udah buktiin sendiri! ✔️",True,SUCCESS,,4,0.0625,2
DS1_008422_O2_CHAR_INSERT_DELETE_MILD,DS1_008422,DS1_fahruu,1,O2_CHAR_INSERT_DELETE,MILD,42,"Dibilang PULAUWIN gacor, emang beneran! Udah buktiin sendiri! ✔️","Dibilang PULAUWIN gaacor, emang beneran! Udah buktiin sendiri! ✔️",True,SUCCESS,,1,0.0156,1
DS1_008422_O2_CHAR_INSERT_DELETE_STRONG,DS1_008422,DS1_fahruu,1,O2_CHAR_INSERT_DELETE,STRONG,42,"Dibilang PULAUWIN gacor, emang beneran! Udah buktiin sendiri! ✔️","Dibilang PULAUWIN gacor, emng beneran! Udah buktiin senndiri! ✔️",True,SUCCESS,,2,0.0312,2
DS1_008422_O3_WHITESPACE_MILD,DS1_008422,DS1_fahruu,1,O3_WHITESPACE,MILD,42,"Dibilang PULAUWIN gacor, emang beneran! Udah buktiin sendiri! ✔️","Dibilang P ULAUWIN gacor, emang beneran! Udah buktiin sendiri! ✔️",True,SUCCESS,,1,0.0156,1
DS1_008422_O3_WHITESPACE_STRONG,DS1_008422,DS1_fahruu,1,O3_WHITESPACE,STRONG,42,"Dibilang PULAUWIN gacor, emang beneran! Udah buktiin sendiri! ✔️","Dibilang PULAUWI N gacor, emang beneran! Udah buktiin sendi ri! ✔️",True,SUCCESS,,2,0.0312,2
DS1_008422_O4_UNICODE_ORTHOGRAPHIC_MILD,DS1_008422,DS1_fahruu,1,O4_UNICODE_ORTHOGRAPHIC,MILD,42,"Dibilang PULAUWIN gacor, emang beneran! Udah buktiin sendiri! ✔️","Dibilang PULAUWIN gacor, emang beneran! Udah buktiiin sendiri! ✔️",True,SUCCESS,,1,0.0156,1
DS1_008422_O4_UNICODE_ORTHOGRAPHIC_STRONG,DS1_008422,DS1_fahruu,1,O4_UNICODE_ORTHOGRAPHIC,STRONG,42,"Dibilang PULAUWIN gacor, emang beneran! Udah buktiin sendiri! ✔️","Dibilang РULAUWIN gacоr, emang beneran! Udah buktiin sendiri! ✔️",True,SUCCESS,,2,0.0312,2
DS1_008439_NORMAL_NORMAL,DS1_008439,DS1_fahruu,1,NORMAL,NORMAL,42,"DORA77 itu kayak pacar setia, selalu kasih cuan! ❤️","DORA77 itu kayak pacar setia, selalu kasih cuan! ❤️",False,SUCCESS,,0,0.0,0
DS1_008439_O1_CHAR_SUBSTITUTION_MILD,DS1_008439,DS1_fahruu,1,O1_CHAR_SUBSTITUTION,MILD,42,"DORA77 itu kayak pacar setia, selalu kasih cuan! ❤️","DORA77 itu kay4k pacar setia, selalu kasih cuan! ❤️",True,SUCCESS,,1,0.0196,1
DS1_008439_O1_CHAR_SUBSTITUTION_STRONG,DS1_008439,DS1_fahruu,1,O1_CHAR_SUBSTITUTION,STRONG,42,"DORA77 itu kayak pacar setia, selalu kasih cuan! ❤️","DORA77 itu k4y4k pacar 5et1a, selalu kasih cuan! ❤️",True,SUCCESS,,4,0.0784,2
DS1_008439_O2_CHAR_INSERT_DELETE_MILD,DS1_008439,DS1_fahruu,1,O2_CHAR_INSERT_DELETE,MILD,42,"DORA77 itu kayak pacar setia, selalu kasih cuan! ❤️","DOR77 itu kayak pacar setia, selalu kasih cuan! ❤️",True,SUCCESS,,1,0.0196,1
DS1_008439_O2_CHAR_INSERT_DELETE_STRONG,DS1_008439,DS1_fahruu,1,O2_CHAR_INSERT_DELETE,STRONG,42,"DORA77 itu kayak pacar setia, selalu kasih cuan! ❤️","DORA77 itu kayaak pacar setia, selaalu kasih cuan! ❤️",True,SUCCESS,,2,0.0392,2
DS1_008439_O3_WHITESPACE_MILD,DS1_008439,DS1_fahruu,1,O3_WHITESPACE,MILD,42,"DORA77 itu kayak pacar setia, selalu kasih cuan! ❤️","DORA77 itu kay ak pacar setia, selalu kasih cuan! ❤️",True,SUCCESS,,1,0.0196,1
DS1_008439_O3_WHITESPACE_STRONG,DS1_008439,DS1_fahruu,1,O3_WHITESPACE,STRONG,42,"DORA77 itu kayak pacar setia, selalu kasih cuan! ❤️","DORA77 itu kayak pacar se tia, selalu kasih c uan! ❤️",True,SUCCESS,,2,0.0392,2
DS1_008439_O4_UNICODE_ORTHOGRAPHIC_MILD,DS1_008439,DS1_fahruu,1,O4_UNICODE_ORTHOGRAPHIC,MILD,42,"DORA77 itu kayak pacar setia, selalu kasih cuan! ❤️","DORA77 itu kayаk pacar setia, selalu kasih cuan! ❤️",True,SUCCESS,,1,0.0196,1
DS1_008439_O4_UNICODE_ORTHOGRAPHIC_STRONG,DS1_008439,DS1_fahruu,1,O4_UNICODE_ORTHOGRAPHIC,STRONG,42,"DORA77 itu kayak pacar setia, selalu kasih cuan! ❤️","DORА77 itu kayak pacar sеtia, selalu kasih cuan! ❤️",True,SUCCESS,,2,0.0392,2
DS2_000007_NORMAL_NORMAL,DS2_000007,DS2_kyyyy8_all,1,NORMAL,NORMAL,42,"Dunia ini penuh kejutan, tapi kamu adalah jackpot terbesar dari ✅ 𝗕𝗔𝗥𝗗𝗜𝟰𝗗 ✅ hatiku","Dunia ini penuh kejutan, tapi kamu adalah jackpot terbesar dari ✅ 𝗕𝗔𝗥𝗗𝗜𝟰𝗗 ✅ hatiku",False,SUCCESS,,0,0.0,0
DS2_000007_O1_CHAR_SUBSTITUTION_MILD,DS2_000007,DS2_kyyyy8_all,1,O1_CHAR_SUBSTITUTION,MILD,42,"Dunia ini penuh kejutan, tapi kamu adalah jackpot terbesar dari ✅ 𝗕𝗔𝗥𝗗𝗜𝟰𝗗 ✅ hatiku","Dunia ini penuh kejutan, tapi kamu adalah jackpo7 terbesar dari ✅ 𝗕𝗔𝗥𝗗𝗜𝟰𝗗 ✅ hatiku",True,SUCCESS,,1,0.0122,1
DS2_000007_O1_CHAR_SUBSTITUTION_STRONG,DS2_000007,DS2_kyyyy8_all,1,O1_CHAR_SUBSTITUTION,STRONG,42,"Dunia ini penuh kejutan, tapi kamu adalah jackpot terbesar dari ✅ 𝗕𝗔𝗥𝗗𝗜𝟰𝗗 ✅ hatiku","Dunia ini penuh kejutan, 74pi kamu adalah j4ckpo7 terbesar dari ✅ 𝗕𝗔𝗥𝗗𝗜𝟰𝗗 ✅ hatiku",True,SUCCESS,,4,0.0488,2
DS2_000007_O2_CHAR_INSERT_DELETE_MILD,DS2_000007,DS2_kyyyy8_all,1,O2_CHAR_INSERT_DELETE,MILD,42,"Dunia ini penuh kejutan, tapi kamu adalah jackpot terbesar dari ✅ 𝗕𝗔𝗥𝗗𝗜𝟰𝗗 ✅ hatiku","Dunia ini penuh kejutan, tapi kamu adalah jackpot terbbesar dari ✅ 𝗕𝗔𝗥𝗗𝗜𝟰𝗗 ✅ hatiku",True,SUCCESS,,1,0.0122,1
DS2_000007_O2_CHAR_INSERT_DELETE_STRONG,DS2_000007,DS2_kyyyy8_all,1,O2_CHAR_INSERT_DELETE,STRONG,42,"Dunia ini penuh kejutan, tapi kamu adalah jackpot terbesar dari ✅ 𝗕𝗔𝗥𝗗𝗜𝟰𝗗 ✅ hatiku","Dunia ini penuh kejutan, tapi kamu adalah jackpot terbesar daari ✅ 𝗕𝗔𝗥𝗗𝗜𝟰𝗗 ✅ hatiu",True,SUCCESS,,2,0.0244,2
DS2_000007_O3_WHITESPACE_MILD,DS2_000007,DS2_kyyyy8_all,1,O3_WHITESPACE,MILD,42,"Dunia ini penuh kejutan, tapi kamu adalah jackpot terbesar dari ✅ 𝗕𝗔𝗥𝗗𝗜𝟰𝗗 ✅ hatiku","Dunia ini penuh kejutan, tapi kamu adalah jackpot terbesar dar i ✅ 𝗕𝗔𝗥𝗗𝗜𝟰𝗗 ✅ hatiku",True,SUCCESS,,1,0.0122,1
DS2_000007_O3_WHITESPACE_STRONG,DS2_000007,DS2_kyyyy8_all,1,O3_WHITESPACE,STRONG,42,"Dunia ini penuh kejutan, tapi kamu adalah jackpot terbesar dari ✅ 𝗕𝗔𝗥𝗗𝗜𝟰𝗗 ✅ hatiku","Dunia ini penuh kejutan, tapi kam u adalah jackpo t terbesar dari ✅ 𝗕𝗔𝗥𝗗𝗜𝟰𝗗 ✅ hatiku",True,SUCCESS,,2,0.0244,2
DS2_000007_O4_UNICODE_ORTHOGRAPHIC_MILD,DS2_000007,DS2_kyyyy8_all,1,O4_UNICODE_ORTHOGRAPHIC,MILD,42,"Dunia ini penuh kejutan, tapi kamu adalah jackpot terbesar dari ✅ 𝗕𝗔𝗥𝗗𝗜𝟰𝗗 ✅ hatiku","Dunia ini penuh kejutan, tаpi kamu adalah jackpot terbesar dari ✅ 𝗕𝗔𝗥𝗗𝗜𝟰𝗗 ✅ hatiku",True,SUCCESS,,1,0.0122,1
DS2_000007_O4_UNICODE_ORTHOGRAPHIC_STRONG,DS2_000007,DS2_kyyyy8_all,1,O4_UNICODE_ORTHOGRAPHIC,STRONG,42,"Dunia ini penuh kejutan, tapi kamu adalah jackpot terbesar dari ✅ 𝗕𝗔𝗥𝗗𝗜𝟰𝗗 ✅ hatiku","Dunia ini penuh kejutan, tapi kаmu adalah jackpot terbеsar dari ✅ 𝗕𝗔𝗥𝗗𝗜𝟰𝗗 ✅ hatiku",True,SUCCESS,,2,0.0244,2
DS2_000056_NORMAL_NORMAL,DS2_000056,DS2_kyyyy8_all,1,NORMAL,NORMAL,42,"Kami turut berbahagia atas kemenangan ini, terima kasih 📌 𝐋𝐄𝐕𝐈𝐒𝟒𝐃 📌 atas segala dukungannya","Kami turut berbahagia atas kemenangan ini, terima kasih 📌 𝐋𝐄𝐕𝐈𝐒𝟒𝐃 📌 atas segala dukungannya",False,SUCCESS,,0,0.0,0
DS2_000056_O1_CHAR_SUBSTITUTION_MILD,DS2_000056,DS2_kyyyy8_all,1,O1_CHAR_SUBSTITUTION,MILD,42,"Kami turut berbahagia atas kemenangan ini, terima kasih 📌 𝐋𝐄𝐕𝐈𝐒𝟒𝐃 📌 atas segala dukungannya","Kami turut berb4hagia atas kemenangan ini, terima kasih 📌 𝐋𝐄𝐕𝐈𝐒𝟒𝐃 📌 atas segala dukungannya",True,SUCCESS,,1,0.011,1
DS2_000056_O1_CHAR_SUBSTITUTION_STRONG,DS2_000056,DS2_kyyyy8_all,1,O1_CHAR_SUBSTITUTION,STRONG,42,"Kami turut berbahagia atas kemenangan ini, terima kasih 📌 𝐋𝐄𝐕𝐈𝐒𝟒𝐃 📌 atas segala dukungannya","Kami turut berb4ha9ia atas kemenangan ini, terima kasih 📌 𝐋𝐄𝐕𝐈𝐒𝟒𝐃 📌 4t4s segala dukungannya",True,SUCCESS,,4,0.044,2
DS2_000056_O2_CHAR_INSERT_DELETE_MILD,DS2_000056,DS2_kyyyy8_all,1,O2_CHAR_INSERT_DELETE,MILD,42,"Kami turut berbahagia atas kemenangan ini, terima kasih 📌 𝐋𝐄𝐕𝐈𝐒𝟒𝐃 📌 atas segala dukungannya","Kami turut berbahagia atas kemenangan ini, terima kasih 📌 𝐋𝐄𝐕𝐈𝐒𝟒𝐃 📌 attas segala dukungannya",True,SUCCESS,,1,0.011,1
DS2_000056_O2_CHAR_INSERT_DELETE_STRONG,DS2_000056,DS2_kyyyy8_all,1,O2_CHAR_INSERT_DELETE,STRONG,42,"Kami turut berbahagia atas kemenangan ini, terima kasih 📌 𝐋𝐄𝐕𝐈𝐒𝟒𝐃 📌 atas segala dukungannya","Kami turut berbahagia ataas kemenangan ini, terima kasih 📌 𝐋𝐄𝐕𝐈𝐒𝟒𝐃 📌 atas segala duungannya",True,SUCCESS,,2,0.022,2
DS2_000056_O3_WHITESPACE_MILD,DS2_000056,DS2_kyyyy8_all,1,O3_WHITESPACE,MILD,42,"Kami turut berbahagia atas kemenangan ini, terima kasih 📌 𝐋𝐄𝐕𝐈𝐒𝟒𝐃 📌 atas segala dukungannya","Kami t urut berbahagia atas kemenangan ini, terima kasih 📌 𝐋𝐄𝐕𝐈𝐒𝟒𝐃 📌 atas segala dukungannya",True,SUCCESS,,1,0.011,1
DS2_000056_O3_WHITESPACE_STRONG,DS2_000056,DS2_kyyyy8_all,1,O3_WHITESPACE,STRONG,42,"Kami turut berbahagia atas kemenangan ini, terima kasih 📌 𝐋𝐄𝐕𝐈𝐒𝟒𝐃 📌 atas segala dukungannya","Kami turut berbahagia a tas kemenanga n ini, terima kasih 📌 𝐋𝐄𝐕𝐈𝐒𝟒𝐃 📌 atas segala dukungannya",True,SUCCESS,,2,0.022,2
DS2_000056_O4_UNICODE_ORTHOGRAPHIC_MILD,DS2_000056,DS2_kyyyy8_all,1,O4_UNICODE_ORTHOGRAPHIC,MILD,42,"Kami turut berbahagia atas kemenangan ini, terima kasih 📌 𝐋𝐄𝐕𝐈𝐒𝟒𝐃 📌 atas segala dukungannya","Kami turut berbahagia atas kemenangаn ini, terima kasih 📌 𝐋𝐄𝐕𝐈𝐒𝟒𝐃 📌 atas segala dukungannya",True,SUCCESS,,1,0.011,1
DS2_000056_O4_UNICODE_ORTHOGRAPHIC_STRONG,DS2_000056,DS2_kyyyy8_all,1,O4_UNICODE_ORTHOGRAPHIC,STRONG,42,"Kami turut berbahagia atas kemenangan ini, terima kasih 📌 𝐋𝐄𝐕𝐈𝐒𝟒𝐃 📌 atas segala dukungannya","Kami turut berbahagia atas kemenangаn ini, terima kasih 📌 𝐋𝐄𝐕𝐈𝐒𝟒𝐃 📌 atas segаla dukungannya",True,SUCCESS,,2,0.022,2
DS2_000090_NORMAL_NORMAL,DS2_000090,DS2_kyyyy8_all,1,NORMAL,NORMAL,42,"Santai tapi lucu juga, kaya humor P͟͟U͟͟L͟͟A͟͟U͟͟W͟͟I͟͟N͟͟.","Santai tapi lucu juga, kaya humor P͟͟U͟͟L͟͟A͟͟U͟͟W͟͟I͟͟N͟͟.",False,SUCCESS,,0,0.0,0
DS2_000090_O1_CHAR_SUBSTITUTION_MILD,DS2_000090,DS2_kyyyy8_all,1,O1_CHAR_SUBSTITUTION,MILD,42,"Santai tapi lucu juga, kaya humor P͟͟U͟͟L͟͟A͟͟U͟͟W͟͟I͟͟N͟͟.","Santai tapi lucu juga, kaya humor P͟͟U͟͟L͟͟4͟͟U͟͟W͟͟I͟͟N͟͟.",True,SUCCESS,,1,0.0169,1
DS2_000090_O1_CHAR_SUBSTITUTION_STRONG,DS2_000090,DS2_kyyyy8_all,1,O1_CHAR_SUBSTITUTION,STRONG,42,"Santai tapi lucu juga, kaya humor P͟͟U͟͟L͟͟A͟͟U͟͟W͟͟I͟͟N͟͟.","S4nta1 tapi lucu juga, kaya humor P͟͟U͟͟L͟͟4͟͟U͟͟W͟͟1͟͟N͟͟.",True,SUCCESS,,4,0.0678,2
DS2_000090_O2_CHAR_INSERT_DELETE_MILD,DS2_000090,DS2_kyyyy8_all,1,O2_CHAR_INSERT_DELETE,MILD,42,"Santai tapi lucu juga, kaya humor P͟͟U͟͟L͟͟A͟͟U͟͟W͟͟I͟͟N͟͟.","Santai tapi lucu juga, kayya humor P͟͟U͟͟L͟͟A͟͟U͟͟W͟͟I͟͟N͟͟.",True,SUCCESS,,1,0.0169,1
DS2_000090_O2_CHAR_INSERT_DELETE_STRONG,DS2_000090,DS2_kyyyy8_all,1,O2_CHAR_INSERT_DELETE,STRONG,42,"Santai tapi lucu juga, kaya humor P͟͟U͟͟L͟͟A͟͟U͟͟W͟͟I͟͟N͟͟.","Santai taapi lucu juga, kaya hmor P͟͟U͟͟L͟͟A͟͟U͟͟W͟͟I͟͟N͟͟.",True,SUCCESS,,2,0.0339,2
DS2_000090_O3_WHITESPACE_MILD,DS2_000090,DS2_kyyyy8_all,1,O3_WHITESPACE,MILD,42,"Santai tapi lucu juga, kaya humor P͟͟U͟͟L͟͟A͟͟U͟͟W͟͟I͟͟N͟͟.","Sant ai tapi lucu juga, kaya humor P͟͟U͟͟L͟͟A͟͟U͟͟W͟͟I͟͟N͟͟.",True,SUCCESS,,1,0.0169,1
DS2_000090_O3_WHITESPACE_STRONG,DS2_000090,DS2_kyyyy8_all,1,O3_WHITESPACE,STRONG,42,"Santai tapi lucu juga, kaya humor P͟͟U͟͟L͟͟A͟͟U͟͟W͟͟I͟͟N͟͟.","Santai tapi lucu juga, ka ya hum or P͟͟U͟͟L͟͟A͟͟U͟͟W͟͟I͟͟N͟͟.",True,SUCCESS,,2,0.0339,2
DS2_000090_O4_UNICODE_ORTHOGRAPHIC_MILD,DS2_000090,DS2_kyyyy8_all,1,O4_UNICODE_ORTHOGRAPHIC,MILD,42,"Santai tapi lucu juga, kaya humor P͟͟U͟͟L͟͟A͟͟U͟͟W͟͟I͟͟N͟͟.","Santai tapi lucu jugа, kaya humor P͟͟U͟͟L͟͟A͟͟U͟͟W͟͟I͟͟N͟͟.",True,SUCCESS,,1,0.0169,1
DS2_000090_O4_UNICODE_ORTHOGRAPHIC_STRONG,DS2_000090,DS2_kyyyy8_all,1,O4_UNICODE_ORTHOGRAPHIC,STRONG,42,"Santai tapi lucu juga, kaya humor P͟͟U͟͟L͟͟A͟͟U͟͟W͟͟I͟͟N͟͟.","Santai tаpi lucu juga, kaya humor Р͟͟U͟͟L͟͟A͟͟U͟͟W͟͟I͟͟N͟͟.",True,SUCCESS,,2,0.0339,2
DS2_000097_NORMAL_NORMAL,DS2_000097,DS2_kyyyy8_all,1,NORMAL,NORMAL,42,Gak ngerti kenapa tiap liat konten kayak gini keinget P͟͟U͟͟L͟͟A͟͟U͟͟W͟͟I͟͟N͟͟ 😭,Gak ngerti kenapa tiap liat konten kayak gini keinget P͟͟U͟͟L͟͟A͟͟U͟͟W͟͟I͟͟N͟͟ 😭,False,SUCCESS,,0,0.0,0
DS2_000097_O1_CHAR_SUBSTITUTION_MILD,DS2_000097,DS2_kyyyy8_all,1,O1_CHAR_SUBSTITUTION,MILD,42,Gak ngerti kenapa tiap liat konten kayak gini keinget P͟͟U͟͟L͟͟A͟͟U͟͟W͟͟I͟͟N͟͟ 😭,Gak ngerti kenapa 7iap liat konten kayak gini keinget P͟͟U͟͟L͟͟A͟͟U͟͟W͟͟I͟͟N͟͟ 😭,True,SUCCESS,,1,0.0125,1
DS2_000097_O1_CHAR_SUBSTITUTION_STRONG,DS2_000097,DS2_kyyyy8_all,1,O1_CHAR_SUBSTITUTION,STRONG,42,Gak ngerti kenapa tiap liat konten kayak gini keinget P͟͟U͟͟L͟͟A͟͟U͟͟W͟͟I͟͟N͟͟ 😭,Gak nger71 kenapa tiap liat konten kayak g1n1 keinget P͟͟U͟͟L͟͟A͟͟U͟͟W͟͟I͟͟N͟͟ 😭,True,SUCCESS,,4,0.05,2
DS2_000097_O2_CHAR_INSERT_DELETE_MILD,DS2_000097,DS2_kyyyy8_all,1,O2_CHAR_INSERT_DELETE,MILD,42,Gak ngerti kenapa tiap liat konten kayak gini keinget P͟͟U͟͟L͟͟A͟͟U͟͟W͟͟I͟͟N͟͟ 😭,Gak ngerti kenapa tiap liat konten kayak gini keingeet P͟͟U͟͟L͟͟A͟͟U͟͟W͟͟I͟͟N͟͟ 😭,True,SUCCESS,,1,0.0125,1
DS2_000097_O2_CHAR_INSERT_DELETE_STRONG,DS2_000097,DS2_kyyyy8_all,1,O2_CHAR_INSERT_DELETE,STRONG,42,Gak ngerti kenapa tiap liat konten kayak gini keinget P͟͟U͟͟L͟͟A͟͟U͟͟W͟͟I͟͟N͟͟ 😭,Gak ngerti kenapa tiiap liat knten kayak gini keinget P͟͟U͟͟L͟͟A͟͟U͟͟W͟͟I͟͟N͟͟ 😭,True,SUCCESS,,2,0.025,2
DS2_000097_O3_WHITESPACE_MILD,DS2_000097,DS2_kyyyy8_all,1,O3_WHITESPACE,MILD,42,Gak ngerti kenapa tiap liat konten kayak gini keinget P͟͟U͟͟L͟͟A͟͟U͟͟W͟͟I͟͟N͟͟ 😭,Gak ngerti kenap a tiap liat konten kayak gini keinget P͟͟U͟͟L͟͟A͟͟U͟͟W͟͟I͟͟N͟͟ 😭,True,SUCCESS,,1,0.0125,1
DS2_000097_O3_WHITESPACE_STRONG,DS2_000097,DS2_kyyyy8_all,1,O3_WHITESPACE,STRONG,42,Gak ngerti kenapa tiap liat konten kayak gini keinget P͟͟U͟͟L͟͟A͟͟U͟͟W͟͟I͟͟N͟͟ 😭,Gak ngerti kenap a tiap liat kont en kayak gini keinget P͟͟U͟͟L͟͟A͟͟U͟͟W͟͟I͟͟N͟͟ 😭,True,SUCCESS,,2,0.025,2
DS2_000097_O4_UNICODE_ORTHOGRAPHIC_MILD,DS2_000097,DS2_kyyyy8_all,1,O4_UNICODE_ORTHOGRAPHIC,MILD,42,Gak ngerti kenapa tiap liat konten kayak gini keinget P͟͟U͟͟L͟͟A͟͟U͟͟W͟͟I͟͟N͟͟ 😭,Gak ngerti kenapa tiap liаt konten kayak gini keinget P͟͟U͟͟L͟͟A͟͟U͟͟W͟͟I͟͟N͟͟ 😭,True,SUCCESS,,1,0.0125,1
DS2_000097_O4_UNICODE_ORTHOGRAPHIC_STRONG,DS2_000097,DS2_kyyyy8_all,1,O4_UNICODE_ORTHOGRAPHIC,STRONG,42,Gak ngerti kenapa tiap liat konten kayak gini keinget P͟͟U͟͟L͟͟A͟͟U͟͟W͟͟I͟͟N͟͟ 😭,Gak ngerti kenapa tiap liаt kоnten kayak gini keinget P͟͟U͟͟L͟͟A͟͟U͟͟W͟͟I͟͟N͟͟ 😭,True,SUCCESS,,2,0.025,2
DS2_000478_NORMAL_NORMAL,DS2_000478,DS2_kyyyy8_all,0,NORMAL,NORMAL,42,Review Infinix Note Edge bg david,Review Infinix Note Edge bg david,False,SUCCESS,,0,0.0,0
DS2_000478_O1_CHAR_SUBSTITUTION_MILD,DS2_000478,DS2_kyyyy8_all,0,O1_CHAR_SUBSTITUTION,MILD,42,Review Infinix Note Edge bg david,Review 1nfinix Note Edge bg david,True,SUCCESS,,1,0.0303,1
DS2_000478_O1_CHAR_SUBSTITUTION_STRONG,DS2_000478,DS2_kyyyy8_all,0,O1_CHAR_SUBSTITUTION,STRONG,42,Review Infinix Note Edge bg david,Review Infinix N07e Edge bg d4v1d,True,SUCCESS,,4,0.1212,2
DS2_000478_O2_CHAR_INSERT_DELETE_MILD,DS2_000478,DS2_kyyyy8_all,0,O2_CHAR_INSERT_DELETE,MILD,42,Review Infinix Note Edge bg david,Reeview Infinix Note Edge bg david,True,SUCCESS,,1,0.0303,1
DS2_000478_O2_CHAR_INSERT_DELETE_STRONG,DS2_000478,DS2_kyyyy8_all,0,O2_CHAR_INSERT_DELETE,STRONG,42,Review Infinix Note Edge bg david,Review Infinix Note Edgge bg daid,True,SUCCESS,,2,0.0606,2
DS2_000478_O3_WHITESPACE_MILD,DS2_000478,DS2_kyyyy8_all,0,O3_WHITESPACE,MILD,42,Review Infinix Note Edge bg david,Review Infinix Note Edge bg da vid,True,SUCCESS,,1,0.0303,1
DS2_000478_O3_WHITESPACE_STRONG,DS2_000478,DS2_kyyyy8_all,0,O3_WHITESPACE,STRONG,42,Review Infinix Note Edge bg david,Review Infin ix Not e Edge bg david,True,SUCCESS,,2,0.0606,2
DS2_000478_O4_UNICODE_ORTHOGRAPHIC_MILD,DS2_000478,DS2_kyyyy8_all,0,O4_UNICODE_ORTHOGRAPHIC,MILD,42,Review Infinix Note Edge bg david,Review Infinix Note Edge bg dаvid,True,SUCCESS,,1,0.0303,1
DS2_000478_O4_UNICODE_ORTHOGRAPHIC_STRONG,DS2_000478,DS2_kyyyy8_all,0,O4_UNICODE_ORTHOGRAPHIC,STRONG,42,Review Infinix Note Edge bg david,Reviеw Infinix Note Edge bg dаvid,True,SUCCESS,,2,0.0606,2
DS2_000533_NORMAL_NORMAL,DS2_000533,DS2_kyyyy8_all,0,NORMAL,NORMAL,42,"11 pro 5g chargernya 67 watt, makanya males kl red mi note, mending poco, x7 pro, harga nyaris sama kelas 4 jutaan, speknya bikin senyum² sampai 4 tahun ke depan","11 pro 5g chargernya 67 watt, makanya males kl red mi note, mending poco, x7 pro, harga nyaris sama kelas 4 jutaan, speknya bikin senyum² sampai 4 tahun ke depan",False,SUCCESS,,0,0.0,0
DS2_000533_O1_CHAR_SUBSTITUTION_MILD,DS2_000533,DS2_kyyyy8_all,0,O1_CHAR_SUBSTITUTION,MILD,42,"11 pro 5g chargernya 67 watt, makanya males kl red mi note, mending poco, x7 pro, harga nyaris sama kelas 4 jutaan, speknya bikin senyum² sampai 4 tahun ke depan","11 pro 5g chargernya 67 watt, makanya males kl red mi no7e, mending poco, x7 pro, harga nyaris sama kelas 4 jutaan, speknya bikin senyum² sampai 4 tahun ke depan",True,SUCCESS,,1,0.0062,1
DS2_000533_O1_CHAR_SUBSTITUTION_STRONG,DS2_000533,DS2_kyyyy8_all,0,O1_CHAR_SUBSTITUTION,STRONG,42,"11 pro 5g chargernya 67 watt, makanya males kl red mi note, mending poco, x7 pro, harga nyaris sama kelas 4 jutaan, speknya bikin senyum² sampai 4 tahun ke depan","11 pro 5g chargernya 67 watt, makanya males kl red mi note, mending poco, x7 pro, harga ny4r1s sama kelas 4 jutaan, speknya bikin senyum² sampai 4 tahun ke d3p4n",True,SUCCESS,,4,0.0248,2
DS2_000533_O2_CHAR_INSERT_DELETE_MILD,DS2_000533,DS2_kyyyy8_all,0,O2_CHAR_INSERT_DELETE,MILD,42,"11 pro 5g chargernya 67 watt, makanya males kl red mi note, mending poco, x7 pro, harga nyaris sama kelas 4 jutaan, speknya bikin senyum² sampai 4 tahun ke depan","11 pro 5g chargernya 67 watt, makanya males kl red mi note, mending poco, x7 pro, harga nyaris sama kels 4 jutaan, speknya bikin senyum² sampai 4 tahun ke depan",True,SUCCESS,,1,0.0062,1
DS2_000533_O2_CHAR_INSERT_DELETE_STRONG,DS2_000533,DS2_kyyyy8_all,0,O2_CHAR_INSERT_DELETE,STRONG,42,"11 pro 5g chargernya 67 watt, makanya males kl red mi note, mending poco, x7 pro, harga nyaris sama kelas 4 jutaan, speknya bikin senyum² sampai 4 tahun ke depan","11 pro 5g chargernya 67 wattt, makanya males kl red mi note, mending poco, x7 pro, harga nyaris samma kelas 4 jutaan, speknya bikin senyum² sampai 4 tahun ke depan",True,SUCCESS,,2,0.0124,2
DS2_000533_O3_WHITESPACE_MILD,DS2_000533,DS2_kyyyy8_all,0,O3_WHITESPACE,MILD,42,"11 pro 5g chargernya 67 watt, makanya males kl red mi note, mending poco, x7 pro, harga nyaris sama kelas 4 jutaan, speknya bikin senyum² sampai 4 tahun ke depan","11 pro 5g chargernya 67 watt, makanya males kl red mi note, mending poco, x7 pro, harga nyaris sa ma kelas 4 jutaan, speknya bikin senyum² sampai 4 tahun ke depan",True,SUCCESS,,1,0.0062,1
DS2_000533_O3_WHITESPACE_STRONG,DS2_000533,DS2_kyyyy8_all,0,O3_WHITESPACE,STRONG,42,"11 pro 5g chargernya 67 watt, makanya males kl red mi note, mending poco, x7 pro, harga nyaris sama kelas 4 jutaan, speknya bikin senyum² sampai 4 tahun ke depan","11 pro 5g chargernya 67 watt, ma kanya males kl red mi note, mending poco, x7 pro, harga nyaris sama kelas 4 jutaan, speknya bikin senyum² sampai 4 tahun ke d epan",True,SUCCESS,,2,0.0124,2
DS2_000533_O4_UNICODE_ORTHOGRAPHIC_MILD,DS2_000533,DS2_kyyyy8_all,0,O4_UNICODE_ORTHOGRAPHIC,MILD,42,"11 pro 5g chargernya 67 watt, makanya males kl red mi note, mending poco, x7 pro, harga nyaris sama kelas 4 jutaan, speknya bikin senyum² sampai 4 tahun ke depan","11 pro 5g chargernya 67 watt, makanya males kl red mi note, mending poco, x7 pro, harga nyaris sama kеlas 4 jutaan, speknya bikin senyum² sampai 4 tahun ke depan",True,SUCCESS,,1,0.0062,1
DS2_000533_O4_UNICODE_ORTHOGRAPHIC_STRONG,DS2_000533,DS2_kyyyy8_all,0,O4_UNICODE_ORTHOGRAPHIC,STRONG,42,"11 pro 5g chargernya 67 watt, makanya males kl red mi note, mending poco, x7 pro, harga nyaris sama kelas 4 jutaan, speknya bikin senyum² sampai 4 tahun ke depan","11 pro 5g chargеrnya 67 watt, makanya males kl red mi note, mending poco, x7 pro, harga nyаris sama kelas 4 jutaan, speknya bikin senyum² sampai 4 tahun ke depan",True,SUCCESS,,2,0.0124,2
DS2_000557_NORMAL_NORMAL,DS2_000557,DS2_kyyyy8_all,0,NORMAL,NORMAL,42,Yuhu.... Pengguna dari note 4-10 pro,Yuhu.... Pengguna dari note 4-10 pro,False,SUCCESS,,0,0.0,0
DS2_000557_O1_CHAR_SUBSTITUTION_MILD,DS2_000557,DS2_kyyyy8_all,0,O1_CHAR_SUBSTITUTION,MILD,42,Yuhu.... Pengguna dari note 4-10 pro,Yuhu.... Pengguna dari no7e 4-10 pro,True,SUCCESS,,1,0.0278,1
DS2_000557_O1_CHAR_SUBSTITUTION_STRONG,DS2_000557,DS2_kyyyy8_all,0,O1_CHAR_SUBSTITUTION,STRONG,42,Yuhu.... Pengguna dari note 4-10 pro,Yuhu.... Pengguna d4r1 no73 4-10 pro,True,SUCCESS,,4,0.1111,2
DS2_000557_O2_CHAR_INSERT_DELETE_MILD,DS2_000557,DS2_kyyyy8_all,0,O2_CHAR_INSERT_DELETE,MILD,42,Yuhu.... Pengguna dari note 4-10 pro,Yuhu.... Penguna dari note 4-10 pro,True,SUCCESS,,1,0.0278,1
DS2_000557_O2_CHAR_INSERT_DELETE_STRONG,DS2_000557,DS2_kyyyy8_all,0,O2_CHAR_INSERT_DELETE,STRONG,42,Yuhu.... Pengguna dari note 4-10 pro,Yuhu.... Penggua dari notte 4-10 pro,True,SUCCESS,,2,0.0556,2
DS2_000557_O3_WHITESPACE_MILD,DS2_000557,DS2_kyyyy8_all,0,O3_WHITESPACE,MILD,42,Yuhu.... Pengguna dari note 4-10 pro,Yuhu.... Pengguna d ari note 4-10 pro,True,SUCCESS,,1,0.0278,1
DS2_000557_O3_WHITESPACE_STRONG,DS2_000557,DS2_kyyyy8_all,0,O3_WHITESPACE,STRONG,42,Yuhu.... Pengguna dari note 4-10 pro,Yuh u.... Penggun a dari note 4-10 pro,True,SUCCESS,,2,0.0556,2
DS2_000557_O4_UNICODE_ORTHOGRAPHIC_MILD,DS2_000557,DS2_kyyyy8_all,0,O4_UNICODE_ORTHOGRAPHIC,MILD,42,Yuhu.... Pengguna dari note 4-10 pro,Yuhu.... Pеngguna dari note 4-10 pro,True,SUCCESS,,1,0.0278,1
DS2_000557_O4_UNICODE_ORTHOGRAPHIC_STRONG,DS2_000557,DS2_kyyyy8_all,0,O4_UNICODE_ORTHOGRAPHIC,STRONG,42,Yuhu.... Pengguna dari note 4-10 pro,Yuhuu.... Pengguna dаri note 4-10 pro,True,SUCCESS,,2,0.0556,2
DS2_002324_NORMAL_NORMAL,DS2_002324,DS2_kyyyy8_all,0,NORMAL,NORMAL,42,"Ooppss Jatoh,,, kelar tu hape, masih ringkih keliatannya 🤭","Ooppss Jatoh,,, kelar tu hape, masih ringkih keliatannya 🤭",False,SUCCESS,,0,0.0,0
DS2_002324_O1_CHAR_SUBSTITUTION_MILD,DS2_002324,DS2_kyyyy8_all,0,O1_CHAR_SUBSTITUTION,MILD,42,"Ooppss Jatoh,,, kelar tu hape, masih ringkih keliatannya 🤭","Ooppss Jatoh,,, kelar tu hap3, masih ringkih keliatannya 🤭",True,SUCCESS,,1,0.0172,1
DS2_002324_O1_CHAR_SUBSTITUTION_STRONG,DS2_002324,DS2_kyyyy8_all,0,O1_CHAR_SUBSTITUTION,STRONG,42,"Ooppss Jatoh,,, kelar tu hape, masih ringkih keliatannya 🤭","Ooppss Jatoh,,, kelar tu hape, masih rin9k1h k3l1atannya 🤭",True,SUCCESS,,4,0.069,2
DS2_002324_O2_CHAR_INSERT_DELETE_MILD,DS2_002324,DS2_kyyyy8_all,0,O2_CHAR_INSERT_DELETE,MILD,42,"Ooppss Jatoh,,, kelar tu hape, masih ringkih keliatannya 🤭","Ooppss Jatohh,,, kelar tu hape, masih ringkih keliatannya 🤭",True,SUCCESS,,1,0.0172,1
DS2_002324_O2_CHAR_INSERT_DELETE_STRONG,DS2_002324,DS2_kyyyy8_all,0,O2_CHAR_INSERT_DELETE,STRONG,42,"Ooppss Jatoh,,, kelar tu hape, masih ringkih keliatannya 🤭","Ooppss Jtoh,,, kelar tu haape, masih ringkih keliatannya 🤭",True,SUCCESS,,2,0.0345,2
DS2_002324_O3_WHITESPACE_MILD,DS2_002324,DS2_kyyyy8_all,0,O3_WHITESPACE,MILD,42,"Ooppss Jatoh,,, kelar tu hape, masih ringkih keliatannya 🤭","Ooppss Jatoh,,, ke lar tu hape, masih ringkih keliatannya 🤭",True,SUCCESS,,1,0.0172,1
DS2_002324_O3_WHITESPACE_STRONG,DS2_002324,DS2_kyyyy8_all,0,O3_WHITESPACE,STRONG,42,"Ooppss Jatoh,,, kelar tu hape, masih ringkih keliatannya 🤭","Ooppss Jato h,,, ke lar tu hape, masih ringkih keliatannya 🤭",True,SUCCESS,,2,0.0345,2
DS2_002324_O4_UNICODE_ORTHOGRAPHIC_MILD,DS2_002324,DS2_kyyyy8_all,0,O4_UNICODE_ORTHOGRAPHIC,MILD,42,"Ooppss Jatoh,,, kelar tu hape, masih ringkih keliatannya 🤭","Ooppss Jatoh,,, kelаr tu hape, masih ringkih keliatannya 🤭",True,SUCCESS,,1,0.0172,1
DS2_002324_O4_UNICODE_ORTHOGRAPHIC_STRONG,DS2_002324,DS2_kyyyy8_all,0,O4_UNICODE_ORTHOGRAPHIC,STRONG,42,"Ooppss Jatoh,,, kelar tu hape, masih ringkih keliatannya 🤭","Ooppss Jatoh,,, kelar tu haрe, masih ringkiih keliatannya 🤭",True,SUCCESS,,2,0.0345,2
DS2_002855_NORMAL_NORMAL,DS2_002855,DS2_kyyyy8_all,0,NORMAL,NORMAL,42,Hp gw samsung note10 plus Aja masi dapet,Hp gw samsung note10 plus Aja masi dapet,False,SUCCESS,,0,0.0,0
DS2_002855_O1_CHAR_SUBSTITUTION_MILD,DS2_002855,DS2_kyyyy8_all,0,O1_CHAR_SUBSTITUTION,MILD,42,Hp gw samsung note10 plus Aja masi dapet,Hp gw samsung note10 plu5 Aja masi dapet,True,SUCCESS,,1,0.025,1
DS2_002855_O1_CHAR_SUBSTITUTION_STRONG,DS2_002855,DS2_kyyyy8_all,0,O1_CHAR_SUBSTITUTION,STRONG,42,Hp gw samsung note10 plus Aja masi dapet,Hp gw 5amsun9 note10 plus Aja masi d4pe7,True,SUCCESS,,4,0.1,2
DS2_002855_O2_CHAR_INSERT_DELETE_MILD,DS2_002855,DS2_kyyyy8_all,0,O2_CHAR_INSERT_DELETE,MILD,42,Hp gw samsung note10 plus Aja masi dapet,Hp gw samsung note10 pluus Aja masi dapet,True,SUCCESS,,1,0.025,1
DS2_002855_O2_CHAR_INSERT_DELETE_STRONG,DS2_002855,DS2_kyyyy8_all,0,O2_CHAR_INSERT_DELETE,STRONG,42,Hp gw samsung note10 plus Aja masi dapet,Hp gw saamsung note10 pluus Aja masi dapet,True,SUCCESS,,2,0.05,2
DS2_002855_O3_WHITESPACE_MILD,DS2_002855,DS2_kyyyy8_all,0,O3_WHITESPACE,MILD,42,Hp gw samsung note10 plus Aja masi dapet,Hp gw samsung n ote10 plus Aja masi dapet,True,SUCCESS,,1,0.025,1
DS2_002855_O3_WHITESPACE_STRONG,DS2_002855,DS2_kyyyy8_all,0,O3_WHITESPACE,STRONG,42,Hp gw samsung note10 plus Aja masi dapet,Hp gw sams ung note10 pl us Aja masi dapet,True,SUCCESS,,2,0.05,2
DS2_002855_O4_UNICODE_ORTHOGRAPHIC_MILD,DS2_002855,DS2_kyyyy8_all,0,O4_UNICODE_ORTHOGRAPHIC,MILD,42,Hp gw samsung note10 plus Aja masi dapet,Hp gw samsung note10 plus Aja mаsi dapet,True,SUCCESS,,1,0.025,1
DS2_002855_O4_UNICODE_ORTHOGRAPHIC_STRONG,DS2_002855,DS2_kyyyy8_all,0,O4_UNICODE_ORTHOGRAPHIC,STRONG,42,Hp gw samsung note10 plus Aja masi dapet,Hp gw sаmsung note10 plus Aja mаsi dapet,True,SUCCESS,,2,0.05,2
DS2_003554_NORMAL_NORMAL,DS2_003554,DS2_kyyyy8_all,0,NORMAL,NORMAL,42,presdir HDC : noted bosskuh,presdir HDC : noted bosskuh,False,SUCCESS,,0,0.0,0
DS2_003554_O1_CHAR_SUBSTITUTION_MILD,DS2_003554,DS2_kyyyy8_all,0,O1_CHAR_SUBSTITUTION,MILD,42,presdir HDC : noted bosskuh,presdir HDC : not3d bosskuh,True,SUCCESS,,1,0.037,1
DS2_003554_O1_CHAR_SUBSTITUTION_STRONG,DS2_003554,DS2_kyyyy8_all,0,O1_CHAR_SUBSTITUTION,STRONG,42,presdir HDC : noted bosskuh,presdir HDC : no73d 8o5skuh,True,SUCCESS,,4,0.1481,2
DS2_003554_O2_CHAR_INSERT_DELETE_MILD,DS2_003554,DS2_kyyyy8_all,0,O2_CHAR_INSERT_DELETE,MILD,42,presdir HDC : noted bosskuh,presdir HDC : noed bosskuh,True,SUCCESS,,1,0.037,1
DS2_003554_O2_CHAR_INSERT_DELETE_STRONG,DS2_003554,DS2_kyyyy8_all,0,O2_CHAR_INSERT_DELETE,STRONG,42,presdir HDC : noted bosskuh,pesdir HDC : noteed bosskuh,True,SUCCESS,,2,0.0741,2
DS2_003554_O3_WHITESPACE_MILD,DS2_003554,DS2_kyyyy8_all,0,O3_WHITESPACE,MILD,42,presdir HDC : noted bosskuh,presdir HDC : noted boss kuh,True,SUCCESS,,1,0.037,1
DS2_003554_O3_WHITESPACE_STRONG,DS2_003554,DS2_kyyyy8_all,0,O3_WHITESPACE,STRONG,42,presdir HDC : noted bosskuh,pr esdir HDC : noted bo sskuh,True,SUCCESS,,2,0.0741,2
DS2_003554_O4_UNICODE_ORTHOGRAPHIC_MILD,DS2_003554,DS2_kyyyy8_all,0,O4_UNICODE_ORTHOGRAPHIC,MILD,42,presdir HDC : noted bosskuh,presdir HDC : notеd bosskuh,True,SUCCESS,,1,0.037,1
DS2_003554_O4_UNICODE_ORTHOGRAPHIC_STRONG,DS2_003554,DS2_kyyyy8_all,0,O4_UNICODE_ORTHOGRAPHIC,STRONG,42,presdir HDC : noted bosskuh,prеsdir HDC : nоted bosskuh,True,SUCCESS,,2,0.0741,2
DS2_004215_NORMAL_NORMAL,DS2_004215,DS2_kyyyy8_all,0,NORMAL,NORMAL,42,"penasaran sama batre nya setipis apa ya, gokil yg buat desain hp nya","penasaran sama batre nya setipis apa ya, gokil yg buat desain hp nya",False,SUCCESS,,0,0.0,0
DS2_004215_O1_CHAR_SUBSTITUTION_MILD,DS2_004215,DS2_kyyyy8_all,0,O1_CHAR_SUBSTITUTION,MILD,42,"penasaran sama batre nya setipis apa ya, gokil yg buat desain hp nya","penasaran sama batre nya setipis apa ya, gok1l yg buat desain hp nya",True,SUCCESS,,1,0.0147,1
DS2_004215_O1_CHAR_SUBSTITUTION_STRONG,DS2_004215,DS2_kyyyy8_all,0,O1_CHAR_SUBSTITUTION,STRONG,42,"penasaran sama batre nya setipis apa ya, gokil yg buat desain hp nya","pena5ar4n sama batre nya setipis apa ya, 90kil yg buat desain hp nya",True,SUCCESS,,4,0.0588,2
DS2_004215_O2_CHAR_INSERT_DELETE_MILD,DS2_004215,DS2_kyyyy8_all,0,O2_CHAR_INSERT_DELETE,MILD,42,"penasaran sama batre nya setipis apa ya, gokil yg buat desain hp nya","penasaran sama batre nya setiipis apa ya, gokil yg buat desain hp nya",True,SUCCESS,,1,0.0147,1
DS2_004215_O2_CHAR_INSERT_DELETE_STRONG,DS2_004215,DS2_kyyyy8_all,0,O2_CHAR_INSERT_DELETE,STRONG,42,"penasaran sama batre nya setipis apa ya, gokil yg buat desain hp nya","penasaran sama batre nya setipis apa ya, gokil yg buaat dsain hp nya",True,SUCCESS,,2,0.0294,2
DS2_004215_O3_WHITESPACE_MILD,DS2_004215,DS2_kyyyy8_all,0,O3_WHITESPACE,MILD,42,"penasaran sama batre nya setipis apa ya, gokil yg buat desain hp nya","pena saran sama batre nya setipis apa ya, gokil yg buat desain hp nya",True,SUCCESS,,1,0.0147,1
DS2_004215_O3_WHITESPACE_STRONG,DS2_004215,DS2_kyyyy8_all,0,O3_WHITESPACE,STRONG,42,"penasaran sama batre nya setipis apa ya, gokil yg buat desain hp nya","penasaran sama batre nya setipi s apa ya, go kil yg buat desain hp nya",True,SUCCESS,,2,0.0294,2
DS2_004215_O4_UNICODE_ORTHOGRAPHIC_MILD,DS2_004215,DS2_kyyyy8_all,0,O4_UNICODE_ORTHOGRAPHIC,MILD,42,"penasaran sama batre nya setipis apa ya, gokil yg buat desain hp nya","рenasaran sama batre nya setipis apa ya, gokil yg buat desain hp nya",True,SUCCESS,,1,0.0147,1
DS2_004215_O4_UNICODE_ORTHOGRAPHIC_STRONG,DS2_004215,DS2_kyyyy8_all,0,O4_UNICODE_ORTHOGRAPHIC,STRONG,42,"penasaran sama batre nya setipis apa ya, gokil yg buat desain hp nya","penasaran sama batre nya setipis apa ya, gokil yg buаt desаin hp nya",True,SUCCESS,,2,0.0294,2
DS2_004405_NORMAL_NORMAL,DS2_004405,DS2_kyyyy8_all,0,NORMAL,NORMAL,42,Bang rekomendasi bagusan Oppo a6x apa Samsung A07 bingung mau pilih yg mana,Bang rekomendasi bagusan Oppo a6x apa Samsung A07 bingung mau pilih yg mana,False,SUCCESS,,0,0.0,0
DS2_004405_O1_CHAR_SUBSTITUTION_MILD,DS2_004405,DS2_kyyyy8_all,0,O1_CHAR_SUBSTITUTION,MILD,42,Bang rekomendasi bagusan Oppo a6x apa Samsung A07 bingung mau pilih yg mana,Bang rekomendasi bagusan Opp0 a6x apa Samsung A07 bingung mau pilih yg mana,True,SUCCESS,,1,0.0133,1
DS2_004405_O1_CHAR_SUBSTITUTION_STRONG,DS2_004405,DS2_kyyyy8_all,0,O1_CHAR_SUBSTITUTION,STRONG,42,Bang rekomendasi bagusan Oppo a6x apa Samsung A07 bingung mau pilih yg mana,Bang rekomend45i b49usan Oppo a6x apa Samsung A07 bingung mau pilih yg mana,True,SUCCESS,,4,0.0533,2
DS2_004405_O2_CHAR_INSERT_DELETE_MILD,DS2_004405,DS2_kyyyy8_all,0,O2_CHAR_INSERT_DELETE,MILD,42,Bang rekomendasi bagusan Oppo a6x apa Samsung A07 bingung mau pilih yg mana,Banng rekomendasi bagusan Oppo a6x apa Samsung A07 bingung mau pilih yg mana,True,SUCCESS,,1,0.0133,1
DS2_004405_O2_CHAR_INSERT_DELETE_STRONG,DS2_004405,DS2_kyyyy8_all,0,O2_CHAR_INSERT_DELETE,STRONG,42,Bang rekomendasi bagusan Oppo a6x apa Samsung A07 bingung mau pilih yg mana,Bang rekomendasi bagusan Oppo a6x apa Samsung A07 binggung mau pilih yg maana,True,SUCCESS,,2,0.0267,2
DS2_004405_O3_WHITESPACE_MILD,DS2_004405,DS2_kyyyy8_all,0,O3_WHITESPACE,MILD,42,Bang rekomendasi bagusan Oppo a6x apa Samsung A07 bingung mau pilih yg mana,Bang rekomendasi bagusan Oppo a6x apa Samsung A07 bingung mau pilih yg ma na,True,SUCCESS,,1,0.0133,1
DS2_004405_O3_WHITESPACE_STRONG,DS2_004405,DS2_kyyyy8_all,0,O3_WHITESPACE,STRONG,42,Bang rekomendasi bagusan Oppo a6x apa Samsung A07 bingung mau pilih yg mana,Bang rekome ndasi bagusan Oppo a6x apa S amsung A07 bingung mau pilih yg mana,True,SUCCESS,,2,0.0267,2
DS2_004405_O4_UNICODE_ORTHOGRAPHIC_MILD,DS2_004405,DS2_kyyyy8_all,0,O4_UNICODE_ORTHOGRAPHIC,MILD,42,Bang rekomendasi bagusan Oppo a6x apa Samsung A07 bingung mau pilih yg mana,Bang rekоmendasi bagusan Oppo a6x apa Samsung A07 bingung mau pilih yg mana,True,SUCCESS,,1,0.0133,1
DS2_004405_O4_UNICODE_ORTHOGRAPHIC_STRONG,DS2_004405,DS2_kyyyy8_all,0,O4_UNICODE_ORTHOGRAPHIC,STRONG,42,Bang rekomendasi bagusan Oppo a6x apa Samsung A07 bingung mau pilih yg mana,Bang rekomendasi bagusan Oppo a6x apa Samsung A07 binguung mau рilih yg mana,True,SUCCESS,,2,0.0267,2
DS2_004664_NORMAL_NORMAL,DS2_004664,DS2_kyyyy8_all,0,NORMAL,NORMAL,42,Varian 6/256 maksimal 2.2jt masih manuk akal,Varian 6/256 maksimal 2.2jt masih manuk akal,False,SUCCESS,,0,0.0,0
DS2_004664_O1_CHAR_SUBSTITUTION_MILD,DS2_004664,DS2_kyyyy8_all,0,O1_CHAR_SUBSTITUTION,MILD,42,Varian 6/256 maksimal 2.2jt masih manuk akal,Varian 6/256 maksimal 2.2jt m4sih manuk akal,True,SUCCESS,,1,0.0227,1
DS2_004664_O1_CHAR_SUBSTITUTION_STRONG,DS2_004664,DS2_kyyyy8_all,0,O1_CHAR_SUBSTITUTION,STRONG,42,Varian 6/256 maksimal 2.2jt masih manuk akal,V4ri4n 6/256 maksimal 2.2jt masih manuk 4k4l,True,SUCCESS,,4,0.0909,2
DS2_004664_O2_CHAR_INSERT_DELETE_MILD,DS2_004664,DS2_kyyyy8_all,0,O2_CHAR_INSERT_DELETE,MILD,42,Varian 6/256 maksimal 2.2jt masih manuk akal,Varian 6/256 maksimal 2.2jt masiih manuk akal,True,SUCCESS,,1,0.0227,1
DS2_004664_O2_CHAR_INSERT_DELETE_STRONG,DS2_004664,DS2_kyyyy8_all,0,O2_CHAR_INSERT_DELETE,STRONG,42,Varian 6/256 maksimal 2.2jt masih manuk akal,Varian 6/256 maksimal 2.2jt masih mauk akaal,True,SUCCESS,,2,0.0455,2
DS2_004664_O3_WHITESPACE_MILD,DS2_004664,DS2_kyyyy8_all,0,O3_WHITESPACE,MILD,42,Varian 6/256 maksimal 2.2jt masih manuk akal,Varian 6/256 m aksimal 2.2jt masih manuk akal,True,SUCCESS,,1,0.0227,1
DS2_004664_O3_WHITESPACE_STRONG,DS2_004664,DS2_kyyyy8_all,0,O3_WHITESPACE,STRONG,42,Varian 6/256 maksimal 2.2jt masih manuk akal,Var ian 6/256 maksimal 2.2jt masi h manuk akal,True,SUCCESS,,2,0.0455,2
DS2_004664_O4_UNICODE_ORTHOGRAPHIC_MILD,DS2_004664,DS2_kyyyy8_all,0,O4_UNICODE_ORTHOGRAPHIC,MILD,42,Varian 6/256 maksimal 2.2jt masih manuk akal,Varian 6/256 maksimal 2.2jt masih manuk аkal,True,SUCCESS,,1,0.0227,1
DS2_004664_O4_UNICODE_ORTHOGRAPHIC_STRONG,DS2_004664,DS2_kyyyy8_all,0,O4_UNICODE_ORTHOGRAPHIC,STRONG,42,Varian 6/256 maksimal 2.2jt masih manuk akal,Varian 6/256 maksimal 2.2jjt masih mаnuk akal,True,SUCCESS,,2,0.0455,2
DS2_004700_NORMAL_NORMAL,DS2_004700,DS2_kyyyy8_all,0,NORMAL,NORMAL,42,Ditunggu riview hp oppo terbaru 2-3 jt an,Ditunggu riview hp oppo terbaru 2-3 jt an,False,SUCCESS,,0,0.0,0
DS2_004700_O1_CHAR_SUBSTITUTION_MILD,DS2_004700,DS2_kyyyy8_all,0,O1_CHAR_SUBSTITUTION,MILD,42,Ditunggu riview hp oppo terbaru 2-3 jt an,Ditunggu riview hp oppo terb4ru 2-3 jt an,True,SUCCESS,,1,0.0244,1
DS2_004700_O1_CHAR_SUBSTITUTION_STRONG,DS2_004700,DS2_kyyyy8_all,0,O1_CHAR_SUBSTITUTION,STRONG,42,Ditunggu riview hp oppo terbaru 2-3 jt an,Ditunggu r1v1ew hp 0pp0 terbaru 2-3 jt an,True,SUCCESS,,4,0.0976,2
DS2_004700_O2_CHAR_INSERT_DELETE_MILD,DS2_004700,DS2_kyyyy8_all,0,O2_CHAR_INSERT_DELETE,MILD,42,Ditunggu riview hp oppo terbaru 2-3 jt an,Ditunggu riview hp opppo terbaru 2-3 jt an,True,SUCCESS,,1,0.0244,1
DS2_004700_O2_CHAR_INSERT_DELETE_STRONG,DS2_004700,DS2_kyyyy8_all,0,O2_CHAR_INSERT_DELETE,STRONG,42,Ditunggu riview hp oppo terbaru 2-3 jt an,Dituggu riview hp oppo teraru 2-3 jt an,True,SUCCESS,,2,0.0488,2
DS2_004700_O3_WHITESPACE_MILD,DS2_004700,DS2_kyyyy8_all,0,O3_WHITESPACE,MILD,42,Ditunggu riview hp oppo terbaru 2-3 jt an,Ditunggu riv iew hp oppo terbaru 2-3 jt an,True,SUCCESS,,1,0.0244,1
DS2_004700_O3_WHITESPACE_STRONG,DS2_004700,DS2_kyyyy8_all,0,O3_WHITESPACE,STRONG,42,Ditunggu riview hp oppo terbaru 2-3 jt an,Ditung gu riview hp o ppo terbaru 2-3 jt an,True,SUCCESS,,2,0.0488,2
DS2_004700_O4_UNICODE_ORTHOGRAPHIC_MILD,DS2_004700,DS2_kyyyy8_all,0,O4_UNICODE_ORTHOGRAPHIC,MILD,42,Ditunggu riview hp oppo terbaru 2-3 jt an,Ditunggu riview hp oppo terbаru 2-3 jt an,True,SUCCESS,,1,0.0244,1
DS2_004700_O4_UNICODE_ORTHOGRAPHIC_STRONG,DS2_004700,DS2_kyyyy8_all,0,O4_UNICODE_ORTHOGRAPHIC,STRONG,42,Ditunggu riview hp oppo terbaru 2-3 jt an,Dituunggu riviеw hp oppo terbaru 2-3 jt an,True,SUCCESS,,2,0.0488,2
DS2_005637_NORMAL_NORMAL,DS2_005637,DS2_kyyyy8_all,0,NORMAL,NORMAL,42,gw pacaran mahbebas gak kayak agama lu bebas bebas​@ahmadfatikhulmahdiyyilm7866,gw pacaran mahbebas gak kayak agama lu bebas bebas​@ahmadfatikhulmahdiyyilm7866,False,SUCCESS,,0,0.0,0
DS2_005637_O1_CHAR_SUBSTITUTION_MILD,DS2_005637,DS2_kyyyy8_all,0,O1_CHAR_SUBSTITUTION,MILD,42,gw pacaran mahbebas gak kayak agama lu bebas bebas​@ahmadfatikhulmahdiyyilm7866,gw pac4ran mahbebas gak kayak agama lu bebas bebas​@ahmadfatikhulmahdiyyilm7866,True,SUCCESS,,1,0.0127,1
DS2_005637_O1_CHAR_SUBSTITUTION_STRONG,DS2_005637,DS2_kyyyy8_all,0,O1_CHAR_SUBSTITUTION,STRONG,42,gw pacaran mahbebas gak kayak agama lu bebas bebas​@ahmadfatikhulmahdiyyilm7866,gw pacaran mah83bas gak kayak agama lu 8eba5 bebas​@ahmadfatikhulmahdiyyilm7866,True,SUCCESS,,4,0.0506,2
DS2_005637_O2_CHAR_INSERT_DELETE_MILD,DS2_005637,DS2_kyyyy8_all,0,O2_CHAR_INSERT_DELETE,MILD,42,gw pacaran mahbebas gak kayak agama lu bebas bebas​@ahmadfatikhulmahdiyyilm7866,gw pacaran maahbebas gak kayak agama lu bebas bebas​@ahmadfatikhulmahdiyyilm7866,True,SUCCESS,,1,0.0127,1
DS2_005637_O2_CHAR_INSERT_DELETE_STRONG,DS2_005637,DS2_kyyyy8_all,0,O2_CHAR_INSERT_DELETE,STRONG,42,gw pacaran mahbebas gak kayak agama lu bebas bebas​@ahmadfatikhulmahdiyyilm7866,gw pacarran mahbebas gak kayak agama lu beas bebas​@ahmadfatikhulmahdiyyilm7866,True,SUCCESS,,2,0.0253,2
DS2_005637_O3_WHITESPACE_MILD,DS2_005637,DS2_kyyyy8_all,0,O3_WHITESPACE,MILD,42,gw pacaran mahbebas gak kayak agama lu bebas bebas​@ahmadfatikhulmahdiyyilm7866,gw pacaran mahbebas gak kayak agama lu beb as bebas​@ahmadfatikhulmahdiyyilm7866,True,SUCCESS,,1,0.0127,1
DS2_005637_O3_WHITESPACE_STRONG,DS2_005637,DS2_kyyyy8_all,0,O3_WHITESPACE,STRONG,42,gw pacaran mahbebas gak kayak agama lu bebas bebas​@ahmadfatikhulmahdiyyilm7866,gw pacaran mahbebas gak kayak aga ma lu b ebas bebas​@ahmadfatikhulmahdiyyilm7866,True,SUCCESS,,2,0.0253,2
DS2_005637_O4_UNICODE_ORTHOGRAPHIC_MILD,DS2_005637,DS2_kyyyy8_all,0,O4_UNICODE_ORTHOGRAPHIC,MILD,42,gw pacaran mahbebas gak kayak agama lu bebas bebas​@ahmadfatikhulmahdiyyilm7866,gw pacarаn mahbebas gak kayak agama lu bebas bebas​@ahmadfatikhulmahdiyyilm7866,True,SUCCESS,,1,0.0127,1
DS2_005637_O4_UNICODE_ORTHOGRAPHIC_STRONG,DS2_005637,DS2_kyyyy8_all,0,O4_UNICODE_ORTHOGRAPHIC,STRONG,42,gw pacaran mahbebas gak kayak agama lu bebas bebas​@ahmadfatikhulmahdiyyilm7866,gw pacaran mahbebаs gak kayak agamа lu bebas bebas​@ahmadfatikhulmahdiyyilm7866,True,SUCCESS,,2,0.0253,2
DS2_006829_NORMAL_NORMAL,DS2_006829,DS2_kyyyy8_all,0,NORMAL,NORMAL,42,Ayolah arteta lakukan sesuatu sm si saka. Kadang arsenal kehilangan poin dari sifat2 egois seperti ini,Ayolah arteta lakukan sesuatu sm si saka. Kadang arsenal kehilangan poin dari sifat2 egois seperti ini,False,SUCCESS,,0,0.0,0
DS2_006829_O1_CHAR_SUBSTITUTION_MILD,DS2_006829,DS2_kyyyy8_all,0,O1_CHAR_SUBSTITUTION,MILD,42,Ayolah arteta lakukan sesuatu sm si saka. Kadang arsenal kehilangan poin dari sifat2 egois seperti ini,Ayolah arteta lakukan sesuatu sm si saka. Kadang arsenal kehilangan po1n dari sifat2 egois seperti ini,True,SUCCESS,,1,0.0098,1
DS2_006829_O1_CHAR_SUBSTITUTION_STRONG,DS2_006829,DS2_kyyyy8_all,0,O1_CHAR_SUBSTITUTION,STRONG,42,Ayolah arteta lakukan sesuatu sm si saka. Kadang arsenal kehilangan poin dari sifat2 egois seperti ini,Ayolah arteta l4kuk4n sesuatu sm si saka. Kadang arsenal kehilangan poin dari sifat2 egois 5epert1 ini,True,SUCCESS,,4,0.0392,2
DS2_006829_O2_CHAR_INSERT_DELETE_MILD,DS2_006829,DS2_kyyyy8_all,0,O2_CHAR_INSERT_DELETE,MILD,42,Ayolah arteta lakukan sesuatu sm si saka. Kadang arsenal kehilangan poin dari sifat2 egois seperti ini,Ayolah arteta lakukan sesuatu sm si saka. Kadang arsenal kehilangan poin dari siffat2 egois seperti ini,True,SUCCESS,,1,0.0098,1
DS2_006829_O2_CHAR_INSERT_DELETE_STRONG,DS2_006829,DS2_kyyyy8_all,0,O2_CHAR_INSERT_DELETE,STRONG,42,Ayolah arteta lakukan sesuatu sm si saka. Kadang arsenal kehilangan poin dari sifat2 egois seperti ini,Ayolah arteta lakukan sessuatu sm si saka. Kadang arsenal kehilangan poin dari sifat2 egois seprti ini,True,SUCCESS,,2,0.0196,2
DS2_006829_O3_WHITESPACE_MILD,DS2_006829,DS2_kyyyy8_all,0,O3_WHITESPACE,MILD,42,Ayolah arteta lakukan sesuatu sm si saka. Kadang arsenal kehilangan poin dari sifat2 egois seperti ini,Ayolah arteta lakukan sesuatu sm si saka. Kadan g arsenal kehilangan poin dari sifat2 egois seperti ini,True,SUCCESS,,1,0.0098,1
DS2_006829_O3_WHITESPACE_STRONG,DS2_006829,DS2_kyyyy8_all,0,O3_WHITESPACE,STRONG,42,Ayolah arteta lakukan sesuatu sm si saka. Kadang arsenal kehilangan poin dari sifat2 egois seperti ini,Ayolah arteta lakukan ses uatu sm si saka. Kadang arsenal kehilangan poin dari sifat2 egois s eperti ini,True,SUCCESS,,2,0.0196,2
DS2_006829_O4_UNICODE_ORTHOGRAPHIC_MILD,DS2_006829,DS2_kyyyy8_all,0,O4_UNICODE_ORTHOGRAPHIC,MILD,42,Ayolah arteta lakukan sesuatu sm si saka. Kadang arsenal kehilangan poin dari sifat2 egois seperti ini,Ayolah arteta lakukan sesuatu sm si saka. Kadаng arsenal kehilangan poin dari sifat2 egois seperti ini,True,SUCCESS,,1,0.0098,1
DS2_006829_O4_UNICODE_ORTHOGRAPHIC_STRONG,DS2_006829,DS2_kyyyy8_all,0,O4_UNICODE_ORTHOGRAPHIC,STRONG,42,Ayolah arteta lakukan sesuatu sm si saka. Kadang arsenal kehilangan poin dari sifat2 egois seperti ini,Ayolah arteta lakukan sesuatu sm si saka. Kadang arsenal kehilangаn poin dari sifаt2 egois seperti ini,True,SUCCESS,,2,0.0196,2
DS2_007035_NORMAL_NORMAL,DS2_007035,DS2_kyyyy8_all,0,NORMAL,NORMAL,42,"​@4R4D34ga bisa sih, kalo dibuang harus ada penggantinya","​@4R4D34ga bisa sih, kalo dibuang harus ada penggantinya",False,SUCCESS,,0,0.0,0
DS2_007035_O1_CHAR_SUBSTITUTION_MILD,DS2_007035,DS2_kyyyy8_all,0,O1_CHAR_SUBSTITUTION,MILD,42,"​@4R4D34ga bisa sih, kalo dibuang harus ada penggantinya","​@4R4D349a bisa sih, kalo dibuang harus ada penggantinya",True,SUCCESS,,1,0.0179,1
DS2_007035_O1_CHAR_SUBSTITUTION_STRONG,DS2_007035,DS2_kyyyy8_all,0,O1_CHAR_SUBSTITUTION,STRONG,42,"​@4R4D34ga bisa sih, kalo dibuang harus ada penggantinya","​@4R4D34ga bisa sih, kalo d1buan9 h4ru5 ada penggantinya",True,SUCCESS,,4,0.0714,2
DS2_007035_O2_CHAR_INSERT_DELETE_MILD,DS2_007035,DS2_kyyyy8_all,0,O2_CHAR_INSERT_DELETE,MILD,42,"​@4R4D34ga bisa sih, kalo dibuang harus ada penggantinya","​@4R4D34ga bisa sih, kalo dibuaang harus ada penggantinya",True,SUCCESS,,1,0.0179,1
DS2_007035_O2_CHAR_INSERT_DELETE_STRONG,DS2_007035,DS2_kyyyy8_all,0,O2_CHAR_INSERT_DELETE,STRONG,42,"​@4R4D34ga bisa sih, kalo dibuang harus ada penggantinya","​@4R4DD34ga bisa sih, kalo dibuang haus ada penggantinya",True,SUCCESS,,2,0.0357,2
DS2_007035_O3_WHITESPACE_MILD,DS2_007035,DS2_kyyyy8_all,0,O3_WHITESPACE,MILD,42,"​@4R4D34ga bisa sih, kalo dibuang harus ada penggantinya","​@4R4D34ga bisa sih, kalo dibuang harus ada pengga ntinya",True,SUCCESS,,1,0.0179,1
DS2_007035_O3_WHITESPACE_STRONG,DS2_007035,DS2_kyyyy8_all,0,O3_WHITESPACE,STRONG,42,"​@4R4D34ga bisa sih, kalo dibuang harus ada penggantinya","​@4 R4D34ga bisa sih, kalo dibuang harus ada peng gantinya",True,SUCCESS,,2,0.0357,2
DS2_007035_O4_UNICODE_ORTHOGRAPHIC_MILD,DS2_007035,DS2_kyyyy8_all,0,O4_UNICODE_ORTHOGRAPHIC,MILD,42,"​@4R4D34ga bisa sih, kalo dibuang harus ada penggantinya","​@4R4D34ga bisa sih, kalо dibuang harus ada penggantinya",True,SUCCESS,,1,0.0179,1
DS2_007035_O4_UNICODE_ORTHOGRAPHIC_STRONG,DS2_007035,DS2_kyyyy8_all,0,O4_UNICODE_ORTHOGRAPHIC,STRONG,42,"​@4R4D34ga bisa sih, kalo dibuang harus ada penggantinya","​@4R4D34gа bisа sih, kalo dibuang harus ada penggantinya",True,SUCCESS,,2,0.0357,2
DS2_007101_NORMAL_NORMAL,DS2_007101,DS2_kyyyy8_all,0,NORMAL,NORMAL,42,Cuma kalo di Liga Inggris masih angan anganan ketemu klub papan bawah & papan tengah kebanyakan seri,Cuma kalo di Liga Inggris masih angan anganan ketemu klub papan bawah & papan tengah kebanyakan seri,False,SUCCESS,,0,0.0,0
DS2_007101_O1_CHAR_SUBSTITUTION_MILD,DS2_007101,DS2_kyyyy8_all,0,O1_CHAR_SUBSTITUTION,MILD,42,Cuma kalo di Liga Inggris masih angan anganan ketemu klub papan bawah & papan tengah kebanyakan seri,Cum4 kalo di Liga Inggris masih angan anganan ketemu klub papan bawah & papan tengah kebanyakan seri,True,SUCCESS,,1,0.01,1
DS2_007101_O1_CHAR_SUBSTITUTION_STRONG,DS2_007101,DS2_kyyyy8_all,0,O1_CHAR_SUBSTITUTION,STRONG,42,Cuma kalo di Liga Inggris masih angan anganan ketemu klub papan bawah & papan tengah kebanyakan seri,Cuma kalo di Liga Inggris m4s1h 4n9an anganan ketemu klub papan bawah & papan tengah kebanyakan seri,True,SUCCESS,,4,0.04,2
DS2_007101_O2_CHAR_INSERT_DELETE_MILD,DS2_007101,DS2_kyyyy8_all,0,O2_CHAR_INSERT_DELETE,MILD,42,Cuma kalo di Liga Inggris masih angan anganan ketemu klub papan bawah & papan tengah kebanyakan seri,Cuma kalo di Liga Inggris masih angan angannan ketemu klub papan bawah & papan tengah kebanyakan seri,True,SUCCESS,,1,0.01,1
DS2_007101_O2_CHAR_INSERT_DELETE_STRONG,DS2_007101,DS2_kyyyy8_all,0,O2_CHAR_INSERT_DELETE,STRONG,42,Cuma kalo di Liga Inggris masih angan anganan ketemu klub papan bawah & papan tengah kebanyakan seri,Cuma kalo di Liga Inggris masih angan anganan ketemu klub papan baah & papan tengah keanyakan seri,True,SUCCESS,,2,0.02,2
DS2_007101_O3_WHITESPACE_MILD,DS2_007101,DS2_kyyyy8_all,0,O3_WHITESPACE,MILD,42,Cuma kalo di Liga Inggris masih angan anganan ketemu klub papan bawah & papan tengah kebanyakan seri,Cuma kalo di Liga Inggris masih angan a nganan ketemu klub papan bawah & papan tengah kebanyakan seri,True,SUCCESS,,1,0.01,1
DS2_007101_O3_WHITESPACE_STRONG,DS2_007101,DS2_kyyyy8_all,0,O3_WHITESPACE,STRONG,42,Cuma kalo di Liga Inggris masih angan anganan ketemu klub papan bawah & papan tengah kebanyakan seri,Cuma kalo di Liga Inggris masih angan anganan ketemu klub papan bawa h & papan teng ah kebanyakan seri,True,SUCCESS,,2,0.02,2
DS2_007101_O4_UNICODE_ORTHOGRAPHIC_MILD,DS2_007101,DS2_kyyyy8_all,0,O4_UNICODE_ORTHOGRAPHIC,MILD,42,Cuma kalo di Liga Inggris masih angan anganan ketemu klub papan bawah & papan tengah kebanyakan seri,Cuma kalo di Liga Inggris masih angan anganan ketemu klub papan bawah & papan tengah kebanyаkan seri,True,SUCCESS,,1,0.01,1
DS2_007101_O4_UNICODE_ORTHOGRAPHIC_STRONG,DS2_007101,DS2_kyyyy8_all,0,O4_UNICODE_ORTHOGRAPHIC,STRONG,42,Cuma kalo di Liga Inggris masih angan anganan ketemu klub papan bawah & papan tengah kebanyakan seri,Cuma kalo di Liga Inggris mаsih angan anganan ketemu klub papan bawah & рapan tengah kebanyakan seri,True,SUCCESS,,2,0.02,2
DS2_007528_NORMAL_NORMAL,DS2_007528,DS2_kyyyy8_all,0,NORMAL,NORMAL,42,Lawan praha bisa kebobolan 2 gol? 😂😂😂,Lawan praha bisa kebobolan 2 gol? 😂😂😂,False,SUCCESS,,0,0.0,0
DS2_007528_O1_CHAR_SUBSTITUTION_MILD,DS2_007528,DS2_kyyyy8_all,0,O1_CHAR_SUBSTITUTION,MILD,42,Lawan praha bisa kebobolan 2 gol? 😂😂😂,Lawan prah4 bisa kebobolan 2 gol? 😂😂😂,True,SUCCESS,,1,0.027,1
DS2_007528_O1_CHAR_SUBSTITUTION_STRONG,DS2_007528,DS2_kyyyy8_all,0,O1_CHAR_SUBSTITUTION,STRONG,42,Lawan praha bisa kebobolan 2 gol? 😂😂😂,L4w4n praha bisa kebo8ol4n 2 gol? 😂😂😂,True,SUCCESS,,4,0.1081,2
DS2_007528_O2_CHAR_INSERT_DELETE_MILD,DS2_007528,DS2_kyyyy8_all,0,O2_CHAR_INSERT_DELETE,MILD,42,Lawan praha bisa kebobolan 2 gol? 😂😂😂,Lawan praaha bisa kebobolan 2 gol? 😂😂😂,True,SUCCESS,,1,0.027,1
DS2_007528_O2_CHAR_INSERT_DELETE_STRONG,DS2_007528,DS2_kyyyy8_all,0,O2_CHAR_INSERT_DELETE,STRONG,42,Lawan praha bisa kebobolan 2 gol? 😂😂😂,Laan prraha bisa kebobolan 2 gol? 😂😂😂,True,SUCCESS,,2,0.0541,2
DS2_007528_O3_WHITESPACE_MILD,DS2_007528,DS2_kyyyy8_all,0,O3_WHITESPACE,MILD,42,Lawan praha bisa kebobolan 2 gol? 😂😂😂,La wan praha bisa kebobolan 2 gol? 😂😂😂,True,SUCCESS,,1,0.027,1
DS2_007528_O3_WHITESPACE_STRONG,DS2_007528,DS2_kyyyy8_all,0,O3_WHITESPACE,STRONG,42,Lawan praha bisa kebobolan 2 gol? 😂😂😂,Lawa n praha bisa kebobo lan 2 gol? 😂😂😂,True,SUCCESS,,2,0.0541,2
DS2_007528_O4_UNICODE_ORTHOGRAPHIC_MILD,DS2_007528,DS2_kyyyy8_all,0,O4_UNICODE_ORTHOGRAPHIC,MILD,42,Lawan praha bisa kebobolan 2 gol? 😂😂😂,Lawаn praha bisa kebobolan 2 gol? 😂😂😂,True,SUCCESS,,1,0.027,1
DS2_007528_O4_UNICODE_ORTHOGRAPHIC_STRONG,DS2_007528,DS2_kyyyy8_all,0,O4_UNICODE_ORTHOGRAPHIC,STRONG,42,Lawan praha bisa kebobolan 2 gol? 😂😂😂,Lawаn praha bisa kebobоlan 2 gol? 😂😂😂,True,SUCCESS,,2,0.0541,2
DS2_007981_NORMAL_NORMAL,DS2_007981,DS2_kyyyy8_all,0,NORMAL,NORMAL,42,Pasti Habis isap spitenk nih bocil...bicara ngawur n nge-play 😂😂😂,Pasti Habis isap spitenk nih bocil...bicara ngawur n nge-play 😂😂😂,False,SUCCESS,,0,0.0,0
DS2_007981_O1_CHAR_SUBSTITUTION_MILD,DS2_007981,DS2_kyyyy8_all,0,O1_CHAR_SUBSTITUTION,MILD,42,Pasti Habis isap spitenk nih bocil...bicara ngawur n nge-play 😂😂😂,Pasti H4bis isap spitenk nih bocil...bicara ngawur n nge-play 😂😂😂,True,SUCCESS,,1,0.0154,1
DS2_007981_O1_CHAR_SUBSTITUTION_STRONG,DS2_007981,DS2_kyyyy8_all,0,O1_CHAR_SUBSTITUTION,STRONG,42,Pasti Habis isap spitenk nih bocil...bicara ngawur n nge-play 😂😂😂,Pasti Habis isap spitenk nih b0cil...8icara n94wur n nge-play 😂😂😂,True,SUCCESS,,4,0.0615,2
DS2_007981_O2_CHAR_INSERT_DELETE_MILD,DS2_007981,DS2_kyyyy8_all,0,O2_CHAR_INSERT_DELETE,MILD,42,Pasti Habis isap spitenk nih bocil...bicara ngawur n nge-play 😂😂😂,Psti Habis isap spitenk nih bocil...bicara ngawur n nge-play 😂😂😂,True,SUCCESS,,1,0.0154,1
DS2_007981_O2_CHAR_INSERT_DELETE_STRONG,DS2_007981,DS2_kyyyy8_all,0,O2_CHAR_INSERT_DELETE,STRONG,42,Pasti Habis isap spitenk nih bocil...bicara ngawur n nge-play 😂😂😂,Psti Habis isap spitenk nih bocil...bicara ngawur n nge-plaay 😂😂😂,True,SUCCESS,,2,0.0308,2
DS2_007981_O3_WHITESPACE_MILD,DS2_007981,DS2_kyyyy8_all,0,O3_WHITESPACE,MILD,42,Pasti Habis isap spitenk nih bocil...bicara ngawur n nge-play 😂😂😂,Pasti Habis isap spitenk nih boc il...bicara ngawur n nge-play 😂😂😂,True,SUCCESS,,1,0.0154,1
DS2_007981_O3_WHITESPACE_STRONG,DS2_007981,DS2_kyyyy8_all,0,O3_WHITESPACE,STRONG,42,Pasti Habis isap spitenk nih bocil...bicara ngawur n nge-play 😂😂😂,Pasti H abis isap spitenk nih bocil...bicara ngawur n n ge-play 😂😂😂,True,SUCCESS,,2,0.0308,2
DS2_007981_O4_UNICODE_ORTHOGRAPHIC_MILD,DS2_007981,DS2_kyyyy8_all,0,O4_UNICODE_ORTHOGRAPHIC,MILD,42,Pasti Habis isap spitenk nih bocil...bicara ngawur n nge-play 😂😂😂,Pasti Habis isap sрitenk nih bocil...bicara ngawur n nge-play 😂😂😂,True,SUCCESS,,1,0.0154,1
DS2_007981_O4_UNICODE_ORTHOGRAPHIC_STRONG,DS2_007981,DS2_kyyyy8_all,0,O4_UNICODE_ORTHOGRAPHIC,STRONG,42,Pasti Habis isap spitenk nih bocil...bicara ngawur n nge-play 😂😂😂,Pasti Habis isаp spitenk nih boсil...bicara ngawur n nge-play 😂😂😂,True,SUCCESS,,2,0.0308,2
DS2_008010_NORMAL_NORMAL,DS2_008010,DS2_kyyyy8_all,0,NORMAL,NORMAL,42,​@muhammadrifani8356lgi on fire ujung2 nya di kasih paham sama inter😂,​@muhammadrifani8356lgi on fire ujung2 nya di kasih paham sama inter😂,False,SUCCESS,,0,0.0,0
DS2_008010_O1_CHAR_SUBSTITUTION_MILD,DS2_008010,DS2_kyyyy8_all,0,O1_CHAR_SUBSTITUTION,MILD,42,​@muhammadrifani8356lgi on fire ujung2 nya di kasih paham sama inter😂,​@muhammadrifani8356lgi on fire ujung2 nya di k4sih paham sama inter😂,True,SUCCESS,,1,0.0145,1
DS2_008010_O1_CHAR_SUBSTITUTION_STRONG,DS2_008010,DS2_kyyyy8_all,0,O1_CHAR_SUBSTITUTION,STRONG,42,​@muhammadrifani8356lgi on fire ujung2 nya di kasih paham sama inter😂,​@muhammadr1f4ni8356lgi on fire ujun92 nya di kasih paham sama inter😂,True,SUCCESS,,3,0.0435,2
DS2_008010_O2_CHAR_INSERT_DELETE_MILD,DS2_008010,DS2_kyyyy8_all,0,O2_CHAR_INSERT_DELETE,MILD,42,​@muhammadrifani8356lgi on fire ujung2 nya di kasih paham sama inter😂,​@muhammadrifani8356lgi on fire ujung2 nya di kasiih paham sama inter😂,True,SUCCESS,,1,0.0145,1
DS2_008010_O2_CHAR_INSERT_DELETE_STRONG,DS2_008010,DS2_kyyyy8_all,0,O2_CHAR_INSERT_DELETE,STRONG,42,​@muhammadrifani8356lgi on fire ujung2 nya di kasih paham sama inter😂,​@muhmmadrifani8356lgi on fire ujuung2 nya di kasih paham sama inter😂,True,SUCCESS,,2,0.029,2
DS2_008010_O3_WHITESPACE_MILD,DS2_008010,DS2_kyyyy8_all,0,O3_WHITESPACE,MILD,42,​@muhammadrifani8356lgi on fire ujung2 nya di kasih paham sama inter😂,​@muhammadrifani8356lgi on fire ujung2 nya di kasih pah am sama inter😂,True,SUCCESS,,1,0.0145,1
DS2_008010_O3_WHITESPACE_STRONG,DS2_008010,DS2_kyyyy8_all,0,O3_WHITESPACE,STRONG,42,​@muhammadrifani8356lgi on fire ujung2 nya di kasih paham sama inter😂,​@muhammadrifani8356l gi on fire ujung2 nya di k asih paham sama inter😂,True,SUCCESS,,2,0.029,2
DS2_008010_O4_UNICODE_ORTHOGRAPHIC_MILD,DS2_008010,DS2_kyyyy8_all,0,O4_UNICODE_ORTHOGRAPHIC,MILD,42,​@muhammadrifani8356lgi on fire ujung2 nya di kasih paham sama inter😂,​@muhammadrifani8356lgi on fire ujung2 nya di kasih pаham sama inter😂,True,SUCCESS,,1,0.0145,1
DS2_008010_O4_UNICODE_ORTHOGRAPHIC_STRONG,DS2_008010,DS2_kyyyy8_all,0,O4_UNICODE_ORTHOGRAPHIC,STRONG,42,​@muhammadrifani8356lgi on fire ujung2 nya di kasih paham sama inter😂,​@muhammadrifani8356lgi on fire ujung2 nya di kаsih pahаm sama inter😂,True,SUCCESS,,2,0.029,2
DS2_009684_NORMAL_NORMAL,DS2_009684,DS2_kyyyy8_all,0,NORMAL,NORMAL,42,bjir w kira Kamboja,bjir w kira Kamboja,False,SUCCESS,,0,0.0,0
DS2_009684_O1_CHAR_SUBSTITUTION_MILD,DS2_009684,DS2_kyyyy8_all,0,O1_CHAR_SUBSTITUTION,MILD,42,bjir w kira Kamboja,8jir w kira Kamboja,True,SUCCESS,,1,0.0526,1
DS2_009684_O1_CHAR_SUBSTITUTION_STRONG,DS2_009684,DS2_kyyyy8_all,0,O1_CHAR_SUBSTITUTION,STRONG,42,bjir w kira Kamboja,bjir w k1r4 K4mboj4,True,SUCCESS,,4,0.2105,2
DS2_009684_O2_CHAR_INSERT_DELETE_MILD,DS2_009684,DS2_kyyyy8_all,0,O2_CHAR_INSERT_DELETE,MILD,42,bjir w kira Kamboja,bjiir w kira Kamboja,True,SUCCESS,,1,0.0526,1
DS2_009684_O2_CHAR_INSERT_DELETE_STRONG,DS2_009684,DS2_kyyyy8_all,0,O2_CHAR_INSERT_DELETE,STRONG,42,bjir w kira Kamboja,bjiir w kirra Kamboja,True,SUCCESS,,2,0.1053,2
DS2_009684_O3_WHITESPACE_MILD,DS2_009684,DS2_kyyyy8_all,0,O3_WHITESPACE,MILD,42,bjir w kira Kamboja,bjir w k ira Kamboja,True,SUCCESS,,1,0.0526,1
DS2_009684_O3_WHITESPACE_STRONG,DS2_009684,DS2_kyyyy8_all,0,O3_WHITESPACE,STRONG,42,bjir w kira Kamboja,bjir w kir a K amboja,True,SUCCESS,,2,0.1053,2
DS2_009684_O4_UNICODE_ORTHOGRAPHIC_MILD,DS2_009684,DS2_kyyyy8_all,0,O4_UNICODE_ORTHOGRAPHIC,MILD,42,bjir w kira Kamboja,bjir w kira Kambоja,True,SUCCESS,,1,0.0526,1
DS2_009684_O4_UNICODE_ORTHOGRAPHIC_STRONG,DS2_009684,DS2_kyyyy8_all,0,O4_UNICODE_ORTHOGRAPHIC,STRONG,42,bjir w kira Kamboja,bjiir w kirа Kamboja,True,SUCCESS,,2,0.1053,2
DS2_010378_NORMAL_NORMAL,DS2_010378,DS2_kyyyy8_all,1,NORMAL,NORMAL,42,"Ramai itu bonus, serunya wajib 🎁✌ 🅽🅰🆂🅰🅶🅰🅼🅸🅽🅶 💣💣","Ramai itu bonus, serunya wajib 🎁✌ 🅽🅰🆂🅰🅶🅰🅼🅸🅽🅶 💣💣",False,SUCCESS,,0,0.0,0
DS2_010378_O1_CHAR_SUBSTITUTION_MILD,DS2_010378,DS2_kyyyy8_all,1,O1_CHAR_SUBSTITUTION,MILD,42,"Ramai itu bonus, serunya wajib 🎁✌ 🅽🅰🆂🅰🅶🅰🅼🅸🅽🅶 💣💣","Ramai itu bonus, serunya waj1b 🎁✌ 🅽🅰🆂🅰🅶🅰🅼🅸🅽🅶 💣💣",True,SUCCESS,,1,0.0213,1
DS2_010378_O1_CHAR_SUBSTITUTION_STRONG,DS2_010378,DS2_kyyyy8_all,1,O1_CHAR_SUBSTITUTION,STRONG,42,"Ramai itu bonus, serunya wajib 🎁✌ 🅽🅰🆂🅰🅶🅰🅼🅸🅽🅶 💣💣","Ramai itu bonus, 53runya w4j1b 🎁✌ 🅽🅰🆂🅰🅶🅰🅼🅸🅽🅶 💣💣",True,SUCCESS,,4,0.0851,2
DS2_010378_O2_CHAR_INSERT_DELETE_MILD,DS2_010378,DS2_kyyyy8_all,1,O2_CHAR_INSERT_DELETE,MILD,42,"Ramai itu bonus, serunya wajib 🎁✌ 🅽🅰🆂🅰🅶🅰🅼🅸🅽🅶 💣💣","Ramai itu bonus, seunya wajib 🎁✌ 🅽🅰🆂🅰🅶🅰🅼🅸🅽🅶 💣💣",True,SUCCESS,,1,0.0213,1
DS2_010378_O2_CHAR_INSERT_DELETE_STRONG,DS2_010378,DS2_kyyyy8_all,1,O2_CHAR_INSERT_DELETE,STRONG,42,"Ramai itu bonus, serunya wajib 🎁✌ 🅽🅰🆂🅰🅶🅰🅼🅸🅽🅶 💣💣","Ramaai itu bonus, serunya wajb 🎁✌ 🅽🅰🆂🅰🅶🅰🅼🅸🅽🅶 💣💣",True,SUCCESS,,2,0.0426,2
DS2_010378_O3_WHITESPACE_MILD,DS2_010378,DS2_kyyyy8_all,1,O3_WHITESPACE,MILD,42,"Ramai itu bonus, serunya wajib 🎁✌ 🅽🅰🆂🅰🅶🅰🅼🅸🅽🅶 💣💣","Ramai itu bonus, serunya w ajib 🎁✌ 🅽🅰🆂🅰🅶🅰🅼🅸🅽🅶 💣💣",True,SUCCESS,,1,0.0213,1
DS2_010378_O3_WHITESPACE_STRONG,DS2_010378,DS2_kyyyy8_all,1,O3_WHITESPACE,STRONG,42,"Ramai itu bonus, serunya wajib 🎁✌ 🅽🅰🆂🅰🅶🅰🅼🅸🅽🅶 💣💣","Ramai itu b onus, s erunya wajib 🎁✌ 🅽🅰🆂🅰🅶🅰🅼🅸🅽🅶 💣💣",True,SUCCESS,,2,0.0426,2
DS2_010378_O4_UNICODE_ORTHOGRAPHIC_MILD,DS2_010378,DS2_kyyyy8_all,1,O4_UNICODE_ORTHOGRAPHIC,MILD,42,"Ramai itu bonus, serunya wajib 🎁✌ 🅽🅰🆂🅰🅶🅰🅼🅸🅽🅶 💣💣","Ramai itu bоnus, serunya wajib 🎁✌ 🅽🅰🆂🅰🅶🅰🅼🅸🅽🅶 💣💣",True,SUCCESS,,1,0.0213,1
DS2_010378_O4_UNICODE_ORTHOGRAPHIC_STRONG,DS2_010378,DS2_kyyyy8_all,1,O4_UNICODE_ORTHOGRAPHIC,STRONG,42,"Ramai itu bonus, serunya wajib 🎁✌ 🅽🅰🆂🅰🅶🅰🅼🅸🅽🅶 💣💣","Ramai itu bоnus, serunya wаjib 🎁✌ 🅽🅰🆂🅰🅶🅰🅼🅸🅽🅶 💣💣",True,SUCCESS,,2,0.0426,2
DS2_010591_NORMAL_NORMAL,DS2_010591,DS2_kyyyy8_all,0,NORMAL,NORMAL,42,"Parahnya lagi, tatto itu bosenan, tiap ada bentuk baru yg menarik suka mau tambah tatto lagi","Parahnya lagi, tatto itu bosenan, tiap ada bentuk baru yg menarik suka mau tambah tatto lagi",False,SUCCESS,,0,0.0,0
DS2_010591_O1_CHAR_SUBSTITUTION_MILD,DS2_010591,DS2_kyyyy8_all,0,O1_CHAR_SUBSTITUTION,MILD,42,"Parahnya lagi, tatto itu bosenan, tiap ada bentuk baru yg menarik suka mau tambah tatto lagi","Parahnya lag1, tatto itu bosenan, tiap ada bentuk baru yg menarik suka mau tambah tatto lagi",True,SUCCESS,,1,0.0109,1
DS2_010591_O1_CHAR_SUBSTITUTION_STRONG,DS2_010591,DS2_kyyyy8_all,0,O1_CHAR_SUBSTITUTION,STRONG,42,"Parahnya lagi, tatto itu bosenan, tiap ada bentuk baru yg menarik suka mau tambah tatto lagi","Parahnya lagi, tatto itu bosenan, tiap ada bentuk baru yg menarik suka mau tambah 7a7to l4g1",True,SUCCESS,,4,0.0435,2
DS2_010591_O2_CHAR_INSERT_DELETE_MILD,DS2_010591,DS2_kyyyy8_all,0,O2_CHAR_INSERT_DELETE,MILD,42,"Parahnya lagi, tatto itu bosenan, tiap ada bentuk baru yg menarik suka mau tambah tatto lagi","Parahnya lagi, tato itu bosenan, tiap ada bentuk baru yg menarik suka mau tambah tatto lagi",True,SUCCESS,,1,0.0109,1
DS2_010591_O2_CHAR_INSERT_DELETE_STRONG,DS2_010591,DS2_kyyyy8_all,0,O2_CHAR_INSERT_DELETE,STRONG,42,"Parahnya lagi, tatto itu bosenan, tiap ada bentuk baru yg menarik suka mau tambah tatto lagi","Parahnya lagi, tatto itu boseenan, tiaap ada bentuk baru yg menarik suka mau tambah tatto lagi",True,SUCCESS,,2,0.0217,2
DS2_010591_O3_WHITESPACE_MILD,DS2_010591,DS2_kyyyy8_all,0,O3_WHITESPACE,MILD,42,"Parahnya lagi, tatto itu bosenan, tiap ada bentuk baru yg menarik suka mau tambah tatto lagi","Parahnya lagi, tatt o itu bosenan, tiap ada bentuk baru yg menarik suka mau tambah tatto lagi",True,SUCCESS,,1,0.0109,1
DS2_010591_O3_WHITESPACE_STRONG,DS2_010591,DS2_kyyyy8_all,0,O3_WHITESPACE,STRONG,42,"Parahnya lagi, tatto itu bosenan, tiap ada bentuk baru yg menarik suka mau tambah tatto lagi","Parahnya la gi, tatto itu bosenan, tiap ada bentuk b aru yg menarik suka mau tambah tatto lagi",True,SUCCESS,,2,0.0217,2
DS2_010591_O4_UNICODE_ORTHOGRAPHIC_MILD,DS2_010591,DS2_kyyyy8_all,0,O4_UNICODE_ORTHOGRAPHIC,MILD,42,"Parahnya lagi, tatto itu bosenan, tiap ada bentuk baru yg menarik suka mau tambah tatto lagi","Parahnya lagi, tatto itu bosenan, tiap ada bentuk bаru yg menarik suka mau tambah tatto lagi",True,SUCCESS,,1,0.0109,1
DS2_010591_O4_UNICODE_ORTHOGRAPHIC_STRONG,DS2_010591,DS2_kyyyy8_all,0,O4_UNICODE_ORTHOGRAPHIC,STRONG,42,"Parahnya lagi, tatto itu bosenan, tiap ada bentuk baru yg menarik suka mau tambah tatto lagi","Parahnya lagi, tatto itu bosenan, tiap ada bentuk baru yg menаrik sukа mau tambah tatto lagi",True,SUCCESS,,2,0.0217,2
DS2_010918_NORMAL_NORMAL,DS2_010918,DS2_kyyyy8_all,1,NORMAL,NORMAL,42,"Kirain depo 20k bakal zonk di ✨ ʙᴀɴ TEɴɢ HO ᴋɪ⚡️, eh malah di kasih 37jt 🔥","Kirain depo 20k bakal zonk di ✨ ʙᴀɴ TEɴɢ HO ᴋɪ⚡️, eh malah di kasih 37jt 🔥",False,SUCCESS,,0,0.0,0
DS2_010918_O1_CHAR_SUBSTITUTION_MILD,DS2_010918,DS2_kyyyy8_all,1,O1_CHAR_SUBSTITUTION,MILD,42,"Kirain depo 20k bakal zonk di ✨ ʙᴀɴ TEɴɢ HO ᴋɪ⚡️, eh malah di kasih 37jt 🔥","Kirain depo 20k bakal zonk di ✨ ʙᴀɴ TEɴɢ HO ᴋɪ⚡️, eh malah di kasih 37j7 🔥",True,SUCCESS,,1,0.0135,1
DS2_010918_O1_CHAR_SUBSTITUTION_STRONG,DS2_010918,DS2_kyyyy8_all,1,O1_CHAR_SUBSTITUTION,STRONG,42,"Kirain depo 20k bakal zonk di ✨ ʙᴀɴ TEɴɢ HO ᴋɪ⚡️, eh malah di kasih 37jt 🔥","Kir41n d3p0 20k bakal zonk di ✨ ʙᴀɴ TEɴɢ HO ᴋɪ⚡️, eh malah di kasih 37jt 🔥",True,SUCCESS,,4,0.0541,2
DS2_010918_O2_CHAR_INSERT_DELETE_MILD,DS2_010918,DS2_kyyyy8_all,1,O2_CHAR_INSERT_DELETE,MILD,42,"Kirain depo 20k bakal zonk di ✨ ʙᴀɴ TEɴɢ HO ᴋɪ⚡️, eh malah di kasih 37jt 🔥","Kirrain depo 20k bakal zonk di ✨ ʙᴀɴ TEɴɢ HO ᴋɪ⚡️, eh malah di kasih 37jt 🔥",True,SUCCESS,,1,0.0135,1
DS2_010918_O2_CHAR_INSERT_DELETE_STRONG,DS2_010918,DS2_kyyyy8_all,1,O2_CHAR_INSERT_DELETE,STRONG,42,"Kirain depo 20k bakal zonk di ✨ ʙᴀɴ TEɴɢ HO ᴋɪ⚡️, eh malah di kasih 37jt 🔥","Kirain depo 20k bakal zonk di ✨ ʙᴀɴ TEɴɢ HO ᴋɪ⚡️, eh malh di kasih 37jjt 🔥",True,SUCCESS,,2,0.027,2
DS2_010918_O3_WHITESPACE_MILD,DS2_010918,DS2_kyyyy8_all,1,O3_WHITESPACE,MILD,42,"Kirain depo 20k bakal zonk di ✨ ʙᴀɴ TEɴɢ HO ᴋɪ⚡️, eh malah di kasih 37jt 🔥","Kirain de po 20k bakal zonk di ✨ ʙᴀɴ TEɴɢ HO ᴋɪ⚡️, eh malah di kasih 37jt 🔥",True,SUCCESS,,1,0.0135,1
DS2_010918_O3_WHITESPACE_STRONG,DS2_010918,DS2_kyyyy8_all,1,O3_WHITESPACE,STRONG,42,"Kirain depo 20k bakal zonk di ✨ ʙᴀɴ TEɴɢ HO ᴋɪ⚡️, eh malah di kasih 37jt 🔥","Ki rain depo 20k bakal zonk di ✨ ʙᴀɴ TEɴɢ HO ᴋɪ⚡️, eh ma lah di kasih 37jt 🔥",True,SUCCESS,,2,0.027,2
DS2_010918_O4_UNICODE_ORTHOGRAPHIC_MILD,DS2_010918,DS2_kyyyy8_all,1,O4_UNICODE_ORTHOGRAPHIC,MILD,42,"Kirain depo 20k bakal zonk di ✨ ʙᴀɴ TEɴɢ HO ᴋɪ⚡️, eh malah di kasih 37jt 🔥","Kirain depo 20k bakal zоnk di ✨ ʙᴀɴ TEɴɢ HO ᴋɪ⚡️, eh malah di kasih 37jt 🔥",True,SUCCESS,,1,0.0135,1
DS2_010918_O4_UNICODE_ORTHOGRAPHIC_STRONG,DS2_010918,DS2_kyyyy8_all,1,O4_UNICODE_ORTHOGRAPHIC,STRONG,42,"Kirain depo 20k bakal zonk di ✨ ʙᴀɴ TEɴɢ HO ᴋɪ⚡️, eh malah di kasih 37jt 🔥","Kirain deрo 20k bakal zonk di ✨ ʙᴀɴ TEɴɢ HO ᴋɪ⚡️, eh malаh di kasih 37jt 🔥",True,SUCCESS,,2,0.027,2
DS2_010935_NORMAL_NORMAL,DS2_010935,DS2_kyyyy8_all,1,NORMAL,NORMAL,42,"Alhamdulillah upload,kebetulan lagi gabut bangett sembari spin santai di, GA 𝐑𝐔𝐃a 𝐇𝐎 KI ⚡️","Alhamdulillah upload,kebetulan lagi gabut bangett sembari spin santai di, GA 𝐑𝐔𝐃a 𝐇𝐎 KI ⚡️",False,SUCCESS,,0,0.0,0
DS2_010935_O1_CHAR_SUBSTITUTION_MILD,DS2_010935,DS2_kyyyy8_all,1,O1_CHAR_SUBSTITUTION,MILD,42,"Alhamdulillah upload,kebetulan lagi gabut bangett sembari spin santai di, GA 𝐑𝐔𝐃a 𝐇𝐎 KI ⚡️","Alhamdulillah upload,kebetul4n lagi gabut bangett sembari spin santai di, GA 𝐑𝐔𝐃a 𝐇𝐎 KI ⚡️",True,SUCCESS,,1,0.0111,1
DS2_010935_O1_CHAR_SUBSTITUTION_STRONG,DS2_010935,DS2_kyyyy8_all,1,O1_CHAR_SUBSTITUTION,STRONG,42,"Alhamdulillah upload,kebetulan lagi gabut bangett sembari spin santai di, GA 𝐑𝐔𝐃a 𝐇𝐎 KI ⚡️","Alhamdulillah upload,kebetulan lagi gabut bangett sembari 5p1n sant41 di, GA 𝐑𝐔𝐃a 𝐇𝐎 KI ⚡️",True,SUCCESS,,4,0.0444,2
DS2_010935_O2_CHAR_INSERT_DELETE_MILD,DS2_010935,DS2_kyyyy8_all,1,O2_CHAR_INSERT_DELETE,MILD,42,"Alhamdulillah upload,kebetulan lagi gabut bangett sembari spin santai di, GA 𝐑𝐔𝐃a 𝐇𝐎 KI ⚡️","Alhamdulilllah upload,kebetulan lagi gabut bangett sembari spin santai di, GA 𝐑𝐔𝐃a 𝐇𝐎 KI ⚡️",True,SUCCESS,,1,0.0111,1
DS2_010935_O2_CHAR_INSERT_DELETE_STRONG,DS2_010935,DS2_kyyyy8_all,1,O2_CHAR_INSERT_DELETE,STRONG,42,"Alhamdulillah upload,kebetulan lagi gabut bangett sembari spin santai di, GA 𝐑𝐔𝐃a 𝐇𝐎 KI ⚡️","Alhamdulillah upload,kebetulan laagi gabut bangett sembari spin santai di, GA 𝐑𝐔𝐃𝐃a 𝐇𝐎 KI ⚡️",True,SUCCESS,,2,0.0222,2
DS2_010935_O3_WHITESPACE_MILD,DS2_010935,DS2_kyyyy8_all,1,O3_WHITESPACE,MILD,42,"Alhamdulillah upload,kebetulan lagi gabut bangett sembari spin santai di, GA 𝐑𝐔𝐃a 𝐇𝐎 KI ⚡️","Alhamdulillah upload,kebetulan lagi gab ut bangett sembari spin santai di, GA 𝐑𝐔𝐃a 𝐇𝐎 KI ⚡️",True,SUCCESS,,1,0.0111,1
DS2_010935_O3_WHITESPACE_STRONG,DS2_010935,DS2_kyyyy8_all,1,O3_WHITESPACE,STRONG,42,"Alhamdulillah upload,kebetulan lagi gabut bangett sembari spin santai di, GA 𝐑𝐔𝐃a 𝐇𝐎 KI ⚡️","Alhamdulilla h upload,kebetulan lagi gabut bangett s embari spin santai di, GA 𝐑𝐔𝐃a 𝐇𝐎 KI ⚡️",True,SUCCESS,,2,0.0222,2
DS2_010935_O4_UNICODE_ORTHOGRAPHIC_MILD,DS2_010935,DS2_kyyyy8_all,1,O4_UNICODE_ORTHOGRAPHIC,MILD,42,"Alhamdulillah upload,kebetulan lagi gabut bangett sembari spin santai di, GA 𝐑𝐔𝐃a 𝐇𝐎 KI ⚡️","Alhаmdulillah upload,kebetulan lagi gabut bangett sembari spin santai di, GA 𝐑𝐔𝐃a 𝐇𝐎 KI ⚡️",True,SUCCESS,,1,0.0111,1
DS2_010935_O4_UNICODE_ORTHOGRAPHIC_STRONG,DS2_010935,DS2_kyyyy8_all,1,O4_UNICODE_ORTHOGRAPHIC,STRONG,42,"Alhamdulillah upload,kebetulan lagi gabut bangett sembari spin santai di, GA 𝐑𝐔𝐃a 𝐇𝐎 KI ⚡️","Alhamdulillah upload,kebetulan lagi gabut bangett sembаri spin santai di, GA 𝐑𝐔𝐃а 𝐇𝐎 KI ⚡️",True,SUCCESS,,2,0.0222,2
DS2_010995_NORMAL_NORMAL,DS2_010995,DS2_kyyyy8_all,0,NORMAL,NORMAL,42,Gak sabar nunggu liat yono junior 😂,Gak sabar nunggu liat yono junior 😂,False,SUCCESS,,0,0.0,0
DS2_010995_O1_CHAR_SUBSTITUTION_MILD,DS2_010995,DS2_kyyyy8_all,0,O1_CHAR_SUBSTITUTION,MILD,42,Gak sabar nunggu liat yono junior 😂,Gak sabar nunggu liat yono juni0r 😂,True,SUCCESS,,1,0.0286,1
DS2_010995_O1_CHAR_SUBSTITUTION_STRONG,DS2_010995,DS2_kyyyy8_all,0,O1_CHAR_SUBSTITUTION,STRONG,42,Gak sabar nunggu liat yono junior 😂,Gak s4b4r nun99u liat yono junior 😂,True,SUCCESS,,4,0.1143,2
DS2_010995_O2_CHAR_INSERT_DELETE_MILD,DS2_010995,DS2_kyyyy8_all,0,O2_CHAR_INSERT_DELETE,MILD,42,Gak sabar nunggu liat yono junior 😂,Gak sabar nungggu liat yono junior 😂,True,SUCCESS,,1,0.0286,1
DS2_010995_O2_CHAR_INSERT_DELETE_STRONG,DS2_010995,DS2_kyyyy8_all,0,O2_CHAR_INSERT_DELETE,STRONG,42,Gak sabar nunggu liat yono junior 😂,Gak sabar nungu liat yoono junior 😂,True,SUCCESS,,2,0.0571,2
DS2_010995_O3_WHITESPACE_MILD,DS2_010995,DS2_kyyyy8_all,0,O3_WHITESPACE,MILD,42,Gak sabar nunggu liat yono junior 😂,Gak sa bar nunggu liat yono junior 😂,True,SUCCESS,,1,0.0286,1
DS2_010995_O3_WHITESPACE_STRONG,DS2_010995,DS2_kyyyy8_all,0,O3_WHITESPACE,STRONG,42,Gak sabar nunggu liat yono junior 😂,Gak sabar nunggu lia t yono ju nior 😂,True,SUCCESS,,2,0.0571,2
DS2_010995_O4_UNICODE_ORTHOGRAPHIC_MILD,DS2_010995,DS2_kyyyy8_all,0,O4_UNICODE_ORTHOGRAPHIC,MILD,42,Gak sabar nunggu liat yono junior 😂,Gak sabar nuunggu liat yono junior 😂,True,SUCCESS,,1,0.0286,1
DS2_010995_O4_UNICODE_ORTHOGRAPHIC_STRONG,DS2_010995,DS2_kyyyy8_all,0,O4_UNICODE_ORTHOGRAPHIC,STRONG,42,Gak sabar nunggu liat yono junior 😂,Gak sabar nunggu liаt yоno junior 😂,True,SUCCESS,,2,0.0571,2
DS2_011238_NORMAL_NORMAL,DS2_011238,DS2_kyyyy8_all,0,NORMAL,NORMAL,42,"Makanya dia bilang susahnya itu harus maintain semua , bahkan tiap bulan dia check medis","Makanya dia bilang susahnya itu harus maintain semua , bahkan tiap bulan dia check medis",False,SUCCESS,,0,0.0,0
DS2_011238_O1_CHAR_SUBSTITUTION_MILD,DS2_011238,DS2_kyyyy8_all,0,O1_CHAR_SUBSTITUTION,MILD,42,"Makanya dia bilang susahnya itu harus maintain semua , bahkan tiap bulan dia check medis","Makanya dia bilang susahnya itu harus maintain semua , 8ahkan tiap bulan dia check medis",True,SUCCESS,,1,0.0114,1
DS2_011238_O1_CHAR_SUBSTITUTION_STRONG,DS2_011238,DS2_kyyyy8_all,0,O1_CHAR_SUBSTITUTION,STRONG,42,"Makanya dia bilang susahnya itu harus maintain semua , bahkan tiap bulan dia check medis","Makanya dia bilang susahnya itu harus maintain 53mua , bahkan 7i4p bulan dia check medis",True,SUCCESS,,4,0.0455,2
DS2_011238_O2_CHAR_INSERT_DELETE_MILD,DS2_011238,DS2_kyyyy8_all,0,O2_CHAR_INSERT_DELETE,MILD,42,"Makanya dia bilang susahnya itu harus maintain semua , bahkan tiap bulan dia check medis","Makanya dia bilang susahnnya itu harus maintain semua , bahkan tiap bulan dia check medis",True,SUCCESS,,1,0.0114,1
DS2_011238_O2_CHAR_INSERT_DELETE_STRONG,DS2_011238,DS2_kyyyy8_all,0,O2_CHAR_INSERT_DELETE,STRONG,42,"Makanya dia bilang susahnya itu harus maintain semua , bahkan tiap bulan dia check medis","Makanya dia bilang susahnya itu harus maintain semua , bahkan tiap bulan dia chek meds",True,SUCCESS,,2,0.0227,2
DS2_011238_O3_WHITESPACE_MILD,DS2_011238,DS2_kyyyy8_all,0,O3_WHITESPACE,MILD,42,"Makanya dia bilang susahnya itu harus maintain semua , bahkan tiap bulan dia check medis","Makanya dia bilang susahn ya itu harus maintain semua , bahkan tiap bulan dia check medis",True,SUCCESS,,1,0.0114,1
DS2_011238_O3_WHITESPACE_STRONG,DS2_011238,DS2_kyyyy8_all,0,O3_WHITESPACE,STRONG,42,"Makanya dia bilang susahnya itu harus maintain semua , bahkan tiap bulan dia check medis","Makany a dia bilang susahnya itu harus maintain semua , bahkan tiap bul an dia check medis",True,SUCCESS,,2,0.0227,2
DS2_011238_O4_UNICODE_ORTHOGRAPHIC_MILD,DS2_011238,DS2_kyyyy8_all,0,O4_UNICODE_ORTHOGRAPHIC,MILD,42,"Makanya dia bilang susahnya itu harus maintain semua , bahkan tiap bulan dia check medis","Makanya dia bilang susahnya itu harus maintain semua , bahkan tiap bulan dia chеck medis",True,SUCCESS,,1,0.0114,1
DS2_011238_O4_UNICODE_ORTHOGRAPHIC_STRONG,DS2_011238,DS2_kyyyy8_all,0,O4_UNICODE_ORTHOGRAPHIC,STRONG,42,"Makanya dia bilang susahnya itu harus maintain semua , bahkan tiap bulan dia check medis","Makanya dia bilang susahnyа itu harus maintain semua , bahkan tiap bulan dia check mеdis",True,SUCCESS,,2,0.0227,2
DS2_012021_NORMAL_NORMAL,DS2_012021,DS2_kyyyy8_all,0,NORMAL,NORMAL,42,Omay knapa ko gw sedih yah. Temen makanku 😢,Omay knapa ko gw sedih yah. Temen makanku 😢,False,SUCCESS,,0,0.0,0
DS2_012021_O1_CHAR_SUBSTITUTION_MILD,DS2_012021,DS2_kyyyy8_all,0,O1_CHAR_SUBSTITUTION,MILD,42,Omay knapa ko gw sedih yah. Temen makanku 😢,Omay knapa ko gw s3dih yah. Temen makanku 😢,True,SUCCESS,,1,0.0233,1
DS2_012021_O1_CHAR_SUBSTITUTION_STRONG,DS2_012021,DS2_kyyyy8_all,0,O1_CHAR_SUBSTITUTION,STRONG,42,Omay knapa ko gw sedih yah. Temen makanku 😢,0m4y knapa ko gw sedih yah. Temen m4k4nku 😢,True,SUCCESS,,4,0.093,2
DS2_012021_O2_CHAR_INSERT_DELETE_MILD,DS2_012021,DS2_kyyyy8_all,0,O2_CHAR_INSERT_DELETE,MILD,42,Omay knapa ko gw sedih yah. Temen makanku 😢,Ommay knapa ko gw sedih yah. Temen makanku 😢,True,SUCCESS,,1,0.0233,1
DS2_012021_O2_CHAR_INSERT_DELETE_STRONG,DS2_012021,DS2_kyyyy8_all,0,O2_CHAR_INSERT_DELETE,STRONG,42,Omay knapa ko gw sedih yah. Temen makanku 😢,Omay kapa ko gw seddih yah. Temen makanku 😢,True,SUCCESS,,2,0.0465,2
DS2_012021_O3_WHITESPACE_MILD,DS2_012021,DS2_kyyyy8_all,0,O3_WHITESPACE,MILD,42,Omay knapa ko gw sedih yah. Temen makanku 😢,Omay knapa ko gw sedih yah. Temen mak anku 😢,True,SUCCESS,,1,0.0233,1
DS2_012021_O3_WHITESPACE_STRONG,DS2_012021,DS2_kyyyy8_all,0,O3_WHITESPACE,STRONG,42,Omay knapa ko gw sedih yah. Temen makanku 😢,Oma y knapa ko gw sedih yah. Temen mak anku 😢,True,SUCCESS,,2,0.0465,2
DS2_012021_O4_UNICODE_ORTHOGRAPHIC_MILD,DS2_012021,DS2_kyyyy8_all,0,O4_UNICODE_ORTHOGRAPHIC,MILD,42,Omay knapa ko gw sedih yah. Temen makanku 😢,Оmay knapa ko gw sedih yah. Temen makanku 😢,True,SUCCESS,,1,0.0233,1
DS2_012021_O4_UNICODE_ORTHOGRAPHIC_STRONG,DS2_012021,DS2_kyyyy8_all,0,O4_UNICODE_ORTHOGRAPHIC,STRONG,42,Omay knapa ko gw sedih yah. Temen makanku 😢,Оmay knapa ko gw sedih yah. Temen makаnku 😢,True,SUCCESS,,2,0.0465,2
DS2_012197_NORMAL_NORMAL,DS2_012197,DS2_kyyyy8_all,1,NORMAL,NORMAL,42,𝕾𝖚𝖕𝖊𝖗 𝕭𝖆𝖌𝖚𝖘 📍𝐊𝑬𝐌𝐀𝐍𝐆88📍,𝕾𝖚𝖕𝖊𝖗 𝕭𝖆𝖌𝖚𝖘 📍𝐊𝑬𝐌𝐀𝐍𝐆88📍,False,SUCCESS,,0,0.0,0
DS2_012197_O1_CHAR_SUBSTITUTION_MILD,DS2_012197,DS2_kyyyy8_all,1,O1_CHAR_SUBSTITUTION,MILD,42,𝕾𝖚𝖕𝖊𝖗 𝕭𝖆𝖌𝖚𝖘 📍𝐊𝑬𝐌𝐀𝐍𝐆88📍,𝕾𝖚𝖕𝖊𝖗 𝕭𝖆𝖌𝖚𝖘 📍𝐊𝑬𝐌𝐀𝐍𝐆88📍,False,NO_CHANGE,No eligible target or token found for transformation.,0,0.0,0
DS2_012197_O1_CHAR_SUBSTITUTION_STRONG,DS2_012197,DS2_kyyyy8_all,1,O1_CHAR_SUBSTITUTION,STRONG,42,𝕾𝖚𝖕𝖊𝖗 𝕭𝖆𝖌𝖚𝖘 📍𝐊𝑬𝐌𝐀𝐍𝐆88📍,𝕾𝖚𝖕𝖊𝖗 𝕭𝖆𝖌𝖚𝖘 📍𝐊𝑬𝐌𝐀𝐍𝐆88📍,False,NO_CHANGE,No eligible target or token found for transformation.,0,0.0,0
DS2_012197_O2_CHAR_INSERT_DELETE_MILD,DS2_012197,DS2_kyyyy8_all,1,O2_CHAR_INSERT_DELETE,MILD,42,𝕾𝖚𝖕𝖊𝖗 𝕭𝖆𝖌𝖚𝖘 📍𝐊𝑬𝐌𝐀𝐍𝐆88📍,𝕾𝖕𝖊𝖗 𝕭𝖆𝖌𝖚𝖘 📍𝐊𝑬𝐌𝐀𝐍𝐆88📍,True,SUCCESS,,1,0.0455,1
DS2_012197_O2_CHAR_INSERT_DELETE_STRONG,DS2_012197,DS2_kyyyy8_all,1,O2_CHAR_INSERT_DELETE,STRONG,42,𝕾𝖚𝖕𝖊𝖗 𝕭𝖆𝖌𝖚𝖘 📍𝐊𝑬𝐌𝐀𝐍𝐆88📍,𝕾𝖚𝖕𝖊𝖊𝖗 𝕭𝖆𝖚𝖘 📍𝐊𝑬𝐌𝐀𝐍𝐆88📍,True,SUCCESS,,2,0.0909,2
DS2_012197_O3_WHITESPACE_MILD,DS2_012197,DS2_kyyyy8_all,1,O3_WHITESPACE,MILD,42,𝕾𝖚𝖕𝖊𝖗 𝕭𝖆𝖌𝖚𝖘 📍𝐊𝑬𝐌𝐀𝐍𝐆88📍,𝕾𝖚𝖕𝖊 𝖗 𝕭𝖆𝖌𝖚𝖘 📍𝐊𝑬𝐌𝐀𝐍𝐆88📍,True,SUCCESS,,1,0.0455,1
DS2_012197_O3_WHITESPACE_STRONG,DS2_012197,DS2_kyyyy8_all,1,O3_WHITESPACE,STRONG,42,𝕾𝖚𝖕𝖊𝖗 𝕭𝖆𝖌𝖚𝖘 📍𝐊𝑬𝐌𝐀𝐍𝐆88📍,𝕾𝖚𝖕𝖊𝖗 𝕭𝖆 𝖌𝖚𝖘 📍𝐊𝑬𝐌𝐀𝐍𝐆8 8📍,True,SUCCESS,,2,0.0909,2
DS2_012197_O4_UNICODE_ORTHOGRAPHIC_MILD,DS2_012197,DS2_kyyyy8_all,1,O4_UNICODE_ORTHOGRAPHIC,MILD,42,𝕾𝖚𝖕𝖊𝖗 𝕭𝖆𝖌𝖚𝖘 📍𝐊𝑬𝐌𝐀𝐍𝐆88📍,𝕾𝖚𝖕𝖊𝖗 𝕭𝖆𝖌𝖚𝖘 📍𝐊𝑬𝑬𝐌𝐀𝐍𝐆88📍,True,SUCCESS,,1,0.0455,1
DS2_012197_O4_UNICODE_ORTHOGRAPHIC_STRONG,DS2_012197,DS2_kyyyy8_all,1,O4_UNICODE_ORTHOGRAPHIC,STRONG,42,𝕾𝖚𝖕𝖊𝖗 𝕭𝖆𝖌𝖚𝖘 📍𝐊𝑬𝐌𝐀𝐍𝐆88📍,𝕾𝖚𝖚𝖕𝖊𝖗 𝕭𝖆𝖌𝖚𝖘 📍𝐊𝑬𝐌𝐀𝐍𝐆888📍,True,SUCCESS,,2,0.0909,2
DS2_012537_NORMAL_NORMAL,DS2_012537,DS2_kyyyy8_all,1,NORMAL,NORMAL,42,KYT4️⃣D ⬅️ membawa kebahagiaan lewat pesan sederhana.,KYT4️⃣D ⬅️ membawa kebahagiaan lewat pesan sederhana.,False,SUCCESS,,0,0.0,0
DS2_012537_O1_CHAR_SUBSTITUTION_MILD,DS2_012537,DS2_kyyyy8_all,1,O1_CHAR_SUBSTITUTION,MILD,42,KYT4️⃣D ⬅️ membawa kebahagiaan lewat pesan sederhana.,KYT4️⃣D ⬅️ membawa kebahagiaan lewa7 pesan sederhana.,True,SUCCESS,,1,0.0189,1
DS2_012537_O1_CHAR_SUBSTITUTION_STRONG,DS2_012537,DS2_kyyyy8_all,1,O1_CHAR_SUBSTITUTION,STRONG,42,KYT4️⃣D ⬅️ membawa kebahagiaan lewat pesan sederhana.,KYT4️⃣D ⬅️ memb4w4 kebahagiaan lewat pesan s3derhan4.,True,SUCCESS,,4,0.0755,2
DS2_012537_O2_CHAR_INSERT_DELETE_MILD,DS2_012537,DS2_kyyyy8_all,1,O2_CHAR_INSERT_DELETE,MILD,42,KYT4️⃣D ⬅️ membawa kebahagiaan lewat pesan sederhana.,KYT4️⃣D ⬅️ membawa kebahagiaan lewat pesan sederana.,True,SUCCESS,,1,0.0189,1
DS2_012537_O2_CHAR_INSERT_DELETE_STRONG,DS2_012537,DS2_kyyyy8_all,1,O2_CHAR_INSERT_DELETE,STRONG,42,KYT4️⃣D ⬅️ membawa kebahagiaan lewat pesan sederhana.,KYTT4️⃣D ⬅️ membawa kebahagiaan lewt pesan sederhana.,True,SUCCESS,,2,0.0377,2
DS2_012537_O3_WHITESPACE_MILD,DS2_012537,DS2_kyyyy8_all,1,O3_WHITESPACE,MILD,42,KYT4️⃣D ⬅️ membawa kebahagiaan lewat pesan sederhana.,KYT4️⃣D ⬅️ membawa kebaha giaan lewat pesan sederhana.,True,SUCCESS,,1,0.0189,1
DS2_012537_O3_WHITESPACE_STRONG,DS2_012537,DS2_kyyyy8_all,1,O3_WHITESPACE,STRONG,42,KYT4️⃣D ⬅️ membawa kebahagiaan lewat pesan sederhana.,KYT4️⃣D ⬅️ m embawa keba hagiaan lewat pesan sederhana.,True,SUCCESS,,2,0.0377,2
DS2_012537_O4_UNICODE_ORTHOGRAPHIC_MILD,DS2_012537,DS2_kyyyy8_all,1,O4_UNICODE_ORTHOGRAPHIC,MILD,42,KYT4️⃣D ⬅️ membawa kebahagiaan lewat pesan sederhana.,KYT4️⃣D ⬅️ membawa kebahagiаan lewat pesan sederhana.,True,SUCCESS,,1,0.0189,1
DS2_012537_O4_UNICODE_ORTHOGRAPHIC_STRONG,DS2_012537,DS2_kyyyy8_all,1,O4_UNICODE_ORTHOGRAPHIC,STRONG,42,KYT4️⃣D ⬅️ membawa kebahagiaan lewat pesan sederhana.,KYT4️⃣D ⬅️ membawа kebahagiaan lewat pesan sederhаna.,True,SUCCESS,,2,0.0377,2
DS2_012619_NORMAL_NORMAL,DS2_012619,DS2_kyyyy8_all,0,NORMAL,NORMAL,42,"Simpel nya dari sluruh diskusi dua bapak2 ini.. Laki² itu Harus Bisa Jadi Predator/Monster"" Dan itu memang udah seharusnya sang pencipta sudah menDesain Laki² seperti itu,Dan Menjadi Laki2 itu memang Cukup Sulit dan Very Hard. Tetapi secara alami Laki2 bisa melewati rintangan yg Sangat sulit. Ya intinya Jadi Lah se orang Laki² yang Laki² ya Paham2 aja lah ya😂 hehe","Simpel nya dari sluruh diskusi dua bapak2 ini.. Laki² itu Harus Bisa Jadi Predator/Monster"" Dan itu memang udah seharusnya sang pencipta sudah menDesain Laki² seperti itu,Dan Menjadi Laki2 itu memang Cukup Sulit dan Very Hard. Tetapi secara alami Laki2 bisa melewati rintangan yg Sangat sulit. Ya intinya Jadi Lah se orang Laki² yang Laki² ya Paham2 aja lah ya😂 hehe",False,SUCCESS,,0,0.0,0
DS2_012619_O1_CHAR_SUBSTITUTION_MILD,DS2_012619,DS2_kyyyy8_all,0,O1_CHAR_SUBSTITUTION,MILD,42,"Simpel nya dari sluruh diskusi dua bapak2 ini.. Laki² itu Harus Bisa Jadi Predator/Monster"" Dan itu memang udah seharusnya sang pencipta sudah menDesain Laki² seperti itu,Dan Menjadi Laki2 itu memang Cukup Sulit dan Very Hard. Tetapi secara alami Laki2 bisa melewati rintangan yg Sangat sulit. Ya intinya Jadi Lah se orang Laki² yang Laki² ya Paham2 aja lah ya😂 hehe","Simpel nya dari sluruh diskusi dua bapak2 ini.. Laki² itu Harus Bisa Jadi Predator/Monster"" Dan itu memang ud4h seharusnya sang pencipta sudah menDesain Laki² seperti itu,Dan Menjadi Laki2 itu memang Cukup Sulit dan Very Hard. Tetapi secara alami Laki2 bisa melewati rintangan yg Sangat sulit. Ya intinya Jadi Lah se orang Laki² yang Laki² ya Paham2 aja lah ya😂 hehe",True,SUCCESS,,1,0.0027,1
DS2_012619_O1_CHAR_SUBSTITUTION_STRONG,DS2_012619,DS2_kyyyy8_all,0,O1_CHAR_SUBSTITUTION,STRONG,42,"Simpel nya dari sluruh diskusi dua bapak2 ini.. Laki² itu Harus Bisa Jadi Predator/Monster"" Dan itu memang udah seharusnya sang pencipta sudah menDesain Laki² seperti itu,Dan Menjadi Laki2 itu memang Cukup Sulit dan Very Hard. Tetapi secara alami Laki2 bisa melewati rintangan yg Sangat sulit. Ya intinya Jadi Lah se orang Laki² yang Laki² ya Paham2 aja lah ya😂 hehe","Simpel nya dari sluruh diskusi dua bapak2 ini.. Laki² itu Harus Bisa Jadi Predator/Monster"" Dan itu memang udah seharusnya sang pencipta sudah menDesain Laki² seperti itu,Dan Menjadi Laki2 itu memang Cukup Sulit dan Very Hard. Tetapi secara alami Laki2 bisa melewati rintangan yg Sangat sulit. Ya intinya Jadi Lah se orang L4k1² yang Laki² ya Paham2 aja lah ya😂 h3h3",True,SUCCESS,,4,0.0109,2
DS2_012619_O2_CHAR_INSERT_DELETE_MILD,DS2_012619,DS2_kyyyy8_all,0,O2_CHAR_INSERT_DELETE,MILD,42,"Simpel nya dari sluruh diskusi dua bapak2 ini.. Laki² itu Harus Bisa Jadi Predator/Monster"" Dan itu memang udah seharusnya sang pencipta sudah menDesain Laki² seperti itu,Dan Menjadi Laki2 itu memang Cukup Sulit dan Very Hard. Tetapi secara alami Laki2 bisa melewati rintangan yg Sangat sulit. Ya intinya Jadi Lah se orang Laki² yang Laki² ya Paham2 aja lah ya😂 hehe","Simpel nya dari sluruh diskusi dua bapak2 ini.. Laki² itu Harus Bisa Jadi Predator/Monster"" Dan itu memang udah seharusnya sang pencipta sudah menDesain Laki² seperti itu,Dan Menjadi Laki2 itu memang Cukup Sulit dan Very Hard. Tetapi secara alami Laki2 bisa melewati rintangan yg Sangat sulit. Ya intinya Jadi Lah se orrang Laki² yang Laki² ya Paham2 aja lah ya😂 hehe",True,SUCCESS,,1,0.0027,1
DS2_012619_O2_CHAR_INSERT_DELETE_STRONG,DS2_012619,DS2_kyyyy8_all,0,O2_CHAR_INSERT_DELETE,STRONG,42,"Simpel nya dari sluruh diskusi dua bapak2 ini.. Laki² itu Harus Bisa Jadi Predator/Monster"" Dan itu memang udah seharusnya sang pencipta sudah menDesain Laki² seperti itu,Dan Menjadi Laki2 itu memang Cukup Sulit dan Very Hard. Tetapi secara alami Laki2 bisa melewati rintangan yg Sangat sulit. Ya intinya Jadi Lah se orang Laki² yang Laki² ya Paham2 aja lah ya😂 hehe","Simpel nya dari slruh diskusi dua bapak2 ini.. Laki² itu Harus Bisa Jadi Predator/Monster"" Dan itu memang udah seharusnya sang pencipta sudah menDesain Laki² seperti itu,Dan Menjadi Laki2 itu memang Cukup Sulit dan Very Hard. Tetapi secara alami Laki2 bisa melewati rintangan yg Sangat sulit. Ya intinya Jaadi Lah se orang Laki² yang Laki² ya Paham2 aja lah ya😂 hehe",True,SUCCESS,,2,0.0055,2
DS2_012619_O3_WHITESPACE_MILD,DS2_012619,DS2_kyyyy8_all,0,O3_WHITESPACE,MILD,42,"Simpel nya dari sluruh diskusi dua bapak2 ini.. Laki² itu Harus Bisa Jadi Predator/Monster"" Dan itu memang udah seharusnya sang pencipta sudah menDesain Laki² seperti itu,Dan Menjadi Laki2 itu memang Cukup Sulit dan Very Hard. Tetapi secara alami Laki2 bisa melewati rintangan yg Sangat sulit. Ya intinya Jadi Lah se orang Laki² yang Laki² ya Paham2 aja lah ya😂 hehe","Simpel nya dari sluruh diskusi dua bapak2 ini.. Laki² itu Harus Bisa Jadi Predator/Monster"" Dan itu memang udah seharusnya sang pencipta sudah menDesain Laki² seperti itu,Dan Menjadi Laki2 itu memang C ukup Sulit dan Very Hard. Tetapi secara alami Laki2 bisa melewati rintangan yg Sangat sulit. Ya intinya Jadi Lah se orang Laki² yang Laki² ya Paham2 aja lah ya😂 hehe",True,SUCCESS,,1,0.0027,1
DS2_012619_O3_WHITESPACE_STRONG,DS2_012619,DS2_kyyyy8_all,0,O3_WHITESPACE,STRONG,42,"Simpel nya dari sluruh diskusi dua bapak2 ini.. Laki² itu Harus Bisa Jadi Predator/Monster"" Dan itu memang udah seharusnya sang pencipta sudah menDesain Laki² seperti itu,Dan Menjadi Laki2 itu memang Cukup Sulit dan Very Hard. Tetapi secara alami Laki2 bisa melewati rintangan yg Sangat sulit. Ya intinya Jadi Lah se orang Laki² yang Laki² ya Paham2 aja lah ya😂 hehe","Simpel nya dari sluruh diskusi dua bapak2 ini.. Laki² itu Harus Bisa Jadi Predator/Monster"" Dan itu memang udah seharusnya sang pencipta sudah menDesain Laki² seperti itu,D an Menjadi Laki2 itu memang Cukup Sulit dan Very Hard. Tetapi secara alami Laki2 bisa melewati rintangan yg Sangat sulit. Ya intin ya Jadi Lah se orang Laki² yang Laki² ya Paham2 aja lah ya😂 hehe",True,SUCCESS,,2,0.0055,2
DS2_012619_O4_UNICODE_ORTHOGRAPHIC_MILD,DS2_012619,DS2_kyyyy8_all,0,O4_UNICODE_ORTHOGRAPHIC,MILD,42,"Simpel nya dari sluruh diskusi dua bapak2 ini.. Laki² itu Harus Bisa Jadi Predator/Monster"" Dan itu memang udah seharusnya sang pencipta sudah menDesain Laki² seperti itu,Dan Menjadi Laki2 itu memang Cukup Sulit dan Very Hard. Tetapi secara alami Laki2 bisa melewati rintangan yg Sangat sulit. Ya intinya Jadi Lah se orang Laki² yang Laki² ya Paham2 aja lah ya😂 hehe","Simpel nya dari sluruh diskusi dua bapak2 ini.. Laki² itu Harus Bisa Jadi Predator/Monster"" Dan itu memang udah seharusnya sang pencipta sudah menDesain Laki² sepеrti itu,Dan Menjadi Laki2 itu memang Cukup Sulit dan Very Hard. Tetapi secara alami Laki2 bisa melewati rintangan yg Sangat sulit. Ya intinya Jadi Lah se orang Laki² yang Laki² ya Paham2 aja lah ya😂 hehe",True,SUCCESS,,1,0.0027,1
DS2_012619_O4_UNICODE_ORTHOGRAPHIC_STRONG,DS2_012619,DS2_kyyyy8_all,0,O4_UNICODE_ORTHOGRAPHIC,STRONG,42,"Simpel nya dari sluruh diskusi dua bapak2 ini.. Laki² itu Harus Bisa Jadi Predator/Monster"" Dan itu memang udah seharusnya sang pencipta sudah menDesain Laki² seperti itu,Dan Menjadi Laki2 itu memang Cukup Sulit dan Very Hard. Tetapi secara alami Laki2 bisa melewati rintangan yg Sangat sulit. Ya intinya Jadi Lah se orang Laki² yang Laki² ya Paham2 aja lah ya😂 hehe","Simpel nya dari sluruh diskusi dua bapak2 ini.. Laki² itu Harus Bisa Jadi Predator/Monster"" Dan itu memang udah seharusnya sang pencipta sudah menDesain Laki² seperti itu,Dan Menjadi Laki2 itu memаng Cukup Sulit dan Very Hard. Tetapi secara alami Lаki2 bisa melewati rintangan yg Sangat sulit. Ya intinya Jadi Lah se orang Laki² yang Laki² ya Paham2 aja lah ya😂 hehe",True,SUCCESS,,2,0.0055,2
DS2_013411_NORMAL_NORMAL,DS2_013411,DS2_kyyyy8_all,1,NORMAL,NORMAL,42,Jalan simpel raih sukses Ketik Di Google 🐉𝗝 𝗨 𝗡 𝗜 𝗢 𝗥 𝟴 𝟴🐉,Jalan simpel raih sukses Ketik Di Google 🐉𝗝 𝗨 𝗡 𝗜 𝗢 𝗥 𝟴 𝟴🐉,False,SUCCESS,,0,0.0,0
DS2_013411_O1_CHAR_SUBSTITUTION_MILD,DS2_013411,DS2_kyyyy8_all,1,O1_CHAR_SUBSTITUTION,MILD,42,Jalan simpel raih sukses Ketik Di Google 🐉𝗝 𝗨 𝗡 𝗜 𝗢 𝗥 𝟴 𝟴🐉,Jalan simp3l raih sukses Ketik Di Google 🐉𝗝 𝗨 𝗡 𝗜 𝗢 𝗥 𝟴 𝟴🐉,True,SUCCESS,,1,0.0172,1
DS2_013411_O1_CHAR_SUBSTITUTION_STRONG,DS2_013411,DS2_kyyyy8_all,1,O1_CHAR_SUBSTITUTION,STRONG,42,Jalan simpel raih sukses Ketik Di Google 🐉𝗝 𝗨 𝗡 𝗜 𝗢 𝗥 𝟴 𝟴🐉,Jalan s1mp3l raih suk5e5 Ketik Di Google 🐉𝗝 𝗨 𝗡 𝗜 𝗢 𝗥 𝟴 𝟴🐉,True,SUCCESS,,4,0.069,2
DS2_013411_O2_CHAR_INSERT_DELETE_MILD,DS2_013411,DS2_kyyyy8_all,1,O2_CHAR_INSERT_DELETE,MILD,42,Jalan simpel raih sukses Ketik Di Google 🐉𝗝 𝗨 𝗡 𝗜 𝗢 𝗥 𝟴 𝟴🐉,Jalan simpel raih sukses Ketik Di Googgle 🐉𝗝 𝗨 𝗡 𝗜 𝗢 𝗥 𝟴 𝟴🐉,True,SUCCESS,,1,0.0172,1
DS2_013411_O2_CHAR_INSERT_DELETE_STRONG,DS2_013411,DS2_kyyyy8_all,1,O2_CHAR_INSERT_DELETE,STRONG,42,Jalan simpel raih sukses Ketik Di Google 🐉𝗝 𝗨 𝗡 𝗜 𝗢 𝗥 𝟴 𝟴🐉,Jalan simpel raiih suukses Ketik Di Google 🐉𝗝 𝗨 𝗡 𝗜 𝗢 𝗥 𝟴 𝟴🐉,True,SUCCESS,,2,0.0345,2
DS2_013411_O3_WHITESPACE_MILD,DS2_013411,DS2_kyyyy8_all,1,O3_WHITESPACE,MILD,42,Jalan simpel raih sukses Ketik Di Google 🐉𝗝 𝗨 𝗡 𝗜 𝗢 𝗥 𝟴 𝟴🐉,Jalan simpel r aih sukses Ketik Di Google 🐉𝗝 𝗨 𝗡 𝗜 𝗢 𝗥 𝟴 𝟴🐉,True,SUCCESS,,1,0.0172,1
DS2_013411_O3_WHITESPACE_STRONG,DS2_013411,DS2_kyyyy8_all,1,O3_WHITESPACE,STRONG,42,Jalan simpel raih sukses Ketik Di Google 🐉𝗝 𝗨 𝗡 𝗜 𝗢 𝗥 𝟴 𝟴🐉,Jal an simpel raih sukses Ket ik Di Google 🐉𝗝 𝗨 𝗡 𝗜 𝗢 𝗥 𝟴 𝟴🐉,True,SUCCESS,,2,0.0345,2
DS2_013411_O4_UNICODE_ORTHOGRAPHIC_MILD,DS2_013411,DS2_kyyyy8_all,1,O4_UNICODE_ORTHOGRAPHIC,MILD,42,Jalan simpel raih sukses Ketik Di Google 🐉𝗝 𝗨 𝗡 𝗜 𝗢 𝗥 𝟴 𝟴🐉,Jalan simpel raih sukses Ketik Di Gоogle 🐉𝗝 𝗨 𝗡 𝗜 𝗢 𝗥 𝟴 𝟴🐉,True,SUCCESS,,1,0.0172,1
DS2_013411_O4_UNICODE_ORTHOGRAPHIC_STRONG,DS2_013411,DS2_kyyyy8_all,1,O4_UNICODE_ORTHOGRAPHIC,STRONG,42,Jalan simpel raih sukses Ketik Di Google 🐉𝗝 𝗨 𝗡 𝗜 𝗢 𝗥 𝟴 𝟴🐉,Jalаn simpel raih sukses Kеtik Di Google 🐉𝗝 𝗨 𝗡 𝗜 𝗢 𝗥 𝟴 𝟴🐉,True,SUCCESS,,2,0.0345,2
DS2_013502_NORMAL_NORMAL,DS2_013502,DS2_kyyyy8_all,1,NORMAL,NORMAL,42,"Sambil nonton, coba ➡️𝐏𝐒𝐓𝐎𝐓𝐎9️⃣9️⃣ deh, lumayan hoki 😁","Sambil nonton, coba ➡️𝐏𝐒𝐓𝐎𝐓𝐎9️⃣9️⃣ deh, lumayan hoki 😁",False,SUCCESS,,0,0.0,0
DS2_013502_O1_CHAR_SUBSTITUTION_MILD,DS2_013502,DS2_kyyyy8_all,1,O1_CHAR_SUBSTITUTION,MILD,42,"Sambil nonton, coba ➡️𝐏𝐒𝐓𝐎𝐓𝐎9️⃣9️⃣ deh, lumayan hoki 😁","Sambil nonton, coba ➡️𝐏𝐒𝐓𝐎𝐓𝐎9️⃣9️⃣ deh, lumayan hok1 😁",True,SUCCESS,,1,0.0185,1
DS2_013502_O1_CHAR_SUBSTITUTION_STRONG,DS2_013502,DS2_kyyyy8_all,1,O1_CHAR_SUBSTITUTION,STRONG,42,"Sambil nonton, coba ➡️𝐏𝐒𝐓𝐎𝐓𝐎9️⃣9️⃣ deh, lumayan hoki 😁","Sambil n0nt0n, coba ➡️𝐏𝐒𝐓𝐎𝐓𝐎9️⃣9️⃣ deh, lumayan h0k1 😁",True,SUCCESS,,4,0.0741,2
DS2_013502_O2_CHAR_INSERT_DELETE_MILD,DS2_013502,DS2_kyyyy8_all,1,O2_CHAR_INSERT_DELETE,MILD,42,"Sambil nonton, coba ➡️𝐏𝐒𝐓𝐎𝐓𝐎9️⃣9️⃣ deh, lumayan hoki 😁","Sambil nontoon, coba ➡️𝐏𝐒𝐓𝐎𝐓𝐎9️⃣9️⃣ deh, lumayan hoki 😁",True,SUCCESS,,1,0.0185,1
DS2_013502_O2_CHAR_INSERT_DELETE_STRONG,DS2_013502,DS2_kyyyy8_all,1,O2_CHAR_INSERT_DELETE,STRONG,42,"Sambil nonton, coba ➡️𝐏𝐒𝐓𝐎𝐓𝐎9️⃣9️⃣ deh, lumayan hoki 😁","Smbil nonon, coba ➡️𝐏𝐒𝐓𝐎𝐓𝐎9️⃣9️⃣ deh, lumayan hoki 😁",True,SUCCESS,,2,0.037,2
DS2_013502_O3_WHITESPACE_MILD,DS2_013502,DS2_kyyyy8_all,1,O3_WHITESPACE,MILD,42,"Sambil nonton, coba ➡️𝐏𝐒𝐓𝐎𝐓𝐎9️⃣9️⃣ deh, lumayan hoki 😁","Sam bil nonton, coba ➡️𝐏𝐒𝐓𝐎𝐓𝐎9️⃣9️⃣ deh, lumayan hoki 😁",True,SUCCESS,,1,0.0185,1
DS2_013502_O3_WHITESPACE_STRONG,DS2_013502,DS2_kyyyy8_all,1,O3_WHITESPACE,STRONG,42,"Sambil nonton, coba ➡️𝐏𝐒𝐓𝐎𝐓𝐎9️⃣9️⃣ deh, lumayan hoki 😁","Sambil nonto n, c oba ➡️𝐏𝐒𝐓𝐎𝐓𝐎9️⃣9️⃣ deh, lumayan hoki 😁",True,SUCCESS,,2,0.037,2
DS2_013502_O4_UNICODE_ORTHOGRAPHIC_MILD,DS2_013502,DS2_kyyyy8_all,1,O4_UNICODE_ORTHOGRAPHIC,MILD,42,"Sambil nonton, coba ➡️𝐏𝐒𝐓𝐎𝐓𝐎9️⃣9️⃣ deh, lumayan hoki 😁","Sambil nonton, coba ➡️𝐏𝐒𝐓𝐎𝐓𝐎9️⃣9️⃣ deh, lumayan hоki 😁",True,SUCCESS,,1,0.0185,1
DS2_013502_O4_UNICODE_ORTHOGRAPHIC_STRONG,DS2_013502,DS2_kyyyy8_all,1,O4_UNICODE_ORTHOGRAPHIC,STRONG,42,"Sambil nonton, coba ➡️𝐏𝐒𝐓𝐎𝐓𝐎9️⃣9️⃣ deh, lumayan hoki 😁","Sambil nonton, coba ➡️𝐏𝐏𝐒𝐓𝐎𝐓𝐎9️⃣9️⃣ deh, lumayan hоki 😁",True,SUCCESS,,2,0.037,2
DS2_013719_NORMAL_NORMAL,DS2_013719,DS2_kyyyy8_all,0,NORMAL,NORMAL,42,Mau dong di beli beliin...ga usah yg dr luar negri..kn darmawan..,Mau dong di beli beliin...ga usah yg dr luar negri..kn darmawan..,False,SUCCESS,,0,0.0,0
DS2_013719_O1_CHAR_SUBSTITUTION_MILD,DS2_013719,DS2_kyyyy8_all,0,O1_CHAR_SUBSTITUTION,MILD,42,Mau dong di beli beliin...ga usah yg dr luar negri..kn darmawan..,Mau dong di beli beliin...ga usah yg dr lu4r negri..kn darmawan..,True,SUCCESS,,1,0.0154,1
DS2_013719_O1_CHAR_SUBSTITUTION_STRONG,DS2_013719,DS2_kyyyy8_all,0,O1_CHAR_SUBSTITUTION,STRONG,42,Mau dong di beli beliin...ga usah yg dr luar negri..kn darmawan..,Mau d0n9 di beli beliin...ga usah yg dr luar ne9r1..kn darmawan..,True,SUCCESS,,4,0.0615,2
DS2_013719_O2_CHAR_INSERT_DELETE_MILD,DS2_013719,DS2_kyyyy8_all,0,O2_CHAR_INSERT_DELETE,MILD,42,Mau dong di beli beliin...ga usah yg dr luar negri..kn darmawan..,Mau doong di beli beliin...ga usah yg dr luar negri..kn darmawan..,True,SUCCESS,,1,0.0154,1
DS2_013719_O2_CHAR_INSERT_DELETE_STRONG,DS2_013719,DS2_kyyyy8_all,0,O2_CHAR_INSERT_DELETE,STRONG,42,Mau dong di beli beliin...ga usah yg dr luar negri..kn darmawan..,Mau donng di beli beliin...ga ussah yg dr luar negri..kn darmawan..,True,SUCCESS,,2,0.0308,2
DS2_013719_O3_WHITESPACE_MILD,DS2_013719,DS2_kyyyy8_all,0,O3_WHITESPACE,MILD,42,Mau dong di beli beliin...ga usah yg dr luar negri..kn darmawan..,Mau don g di beli beliin...ga usah yg dr luar negri..kn darmawan..,True,SUCCESS,,1,0.0154,1
DS2_013719_O3_WHITESPACE_STRONG,DS2_013719,DS2_kyyyy8_all,0,O3_WHITESPACE,STRONG,42,Mau dong di beli beliin...ga usah yg dr luar negri..kn darmawan..,Mau dong di beli beliin...g a usah yg dr luar neg ri..kn darmawan..,True,SUCCESS,,2,0.0308,2
DS2_013719_O4_UNICODE_ORTHOGRAPHIC_MILD,DS2_013719,DS2_kyyyy8_all,0,O4_UNICODE_ORTHOGRAPHIC,MILD,42,Mau dong di beli beliin...ga usah yg dr luar negri..kn darmawan..,Mau dоng di beli beliin...ga usah yg dr luar negri..kn darmawan..,True,SUCCESS,,1,0.0154,1
DS2_013719_O4_UNICODE_ORTHOGRAPHIC_STRONG,DS2_013719,DS2_kyyyy8_all,0,O4_UNICODE_ORTHOGRAPHIC,STRONG,42,Mau dong di beli beliin...ga usah yg dr luar negri..kn darmawan..,Mau dоng di beli beliin...ga usah yg dr luar negri..kn darmawаn..,True,SUCCESS,,2,0.0308,2
DS2_013740_NORMAL_NORMAL,DS2_013740,DS2_kyyyy8_all,1,NORMAL,NORMAL,42,"Wuih, ❤TON 4D❤! Kemenangan beneran pecah, feel-nya perfect. Gaskeun! 🔥","Wuih, ❤TON 4D❤! Kemenangan beneran pecah, feel-nya perfect. Gaskeun! 🔥",False,SUCCESS,,0,0.0,0
DS2_013740_O1_CHAR_SUBSTITUTION_MILD,DS2_013740,DS2_kyyyy8_all,1,O1_CHAR_SUBSTITUTION,MILD,42,"Wuih, ❤TON 4D❤! Kemenangan beneran pecah, feel-nya perfect. Gaskeun! 🔥","Wu1h, ❤TON 4D❤! Kemenangan beneran pecah, feel-nya perfect. Gaskeun! 🔥",True,SUCCESS,,1,0.0143,1
DS2_013740_O1_CHAR_SUBSTITUTION_STRONG,DS2_013740,DS2_kyyyy8_all,1,O1_CHAR_SUBSTITUTION,STRONG,42,"Wuih, ❤TON 4D❤! Kemenangan beneran pecah, feel-nya perfect. Gaskeun! 🔥","Wuih, ❤TON 4D❤! K3men4ngan b3n3ran pecah, feel-nya perfect. Gaskeun! 🔥",True,SUCCESS,,4,0.0571,2
DS2_013740_O2_CHAR_INSERT_DELETE_MILD,DS2_013740,DS2_kyyyy8_all,1,O2_CHAR_INSERT_DELETE,MILD,42,"Wuih, ❤TON 4D❤! Kemenangan beneran pecah, feel-nya perfect. Gaskeun! 🔥","Wuih, ❤TON 4D❤! Kemenanngan beneran pecah, feel-nya perfect. Gaskeun! 🔥",True,SUCCESS,,1,0.0143,1
DS2_013740_O2_CHAR_INSERT_DELETE_STRONG,DS2_013740,DS2_kyyyy8_all,1,O2_CHAR_INSERT_DELETE,STRONG,42,"Wuih, ❤TON 4D❤! Kemenangan beneran pecah, feel-nya perfect. Gaskeun! 🔥","Wuih, ❤TON 4D❤! Kemenangan beneran peah, feel-nya perfect. Gaseun! 🔥",True,SUCCESS,,2,0.0286,2
DS2_013740_O3_WHITESPACE_MILD,DS2_013740,DS2_kyyyy8_all,1,O3_WHITESPACE,MILD,42,"Wuih, ❤TON 4D❤! Kemenangan beneran pecah, feel-nya perfect. Gaskeun! 🔥","Wuih, ❤TON 4D❤! Kemenangan beneran pecah, feel-nya per fect. Gaskeun! 🔥",True,SUCCESS,,1,0.0143,1
DS2_013740_O3_WHITESPACE_STRONG,DS2_013740,DS2_kyyyy8_all,1,O3_WHITESPACE,STRONG,42,"Wuih, ❤TON 4D❤! Kemenangan beneran pecah, feel-nya perfect. Gaskeun! 🔥","W uih, ❤TON 4D❤! K emenangan beneran pecah, feel-nya perfect. Gaskeun! 🔥",True,SUCCESS,,2,0.0286,2
DS2_013740_O4_UNICODE_ORTHOGRAPHIC_MILD,DS2_013740,DS2_kyyyy8_all,1,O4_UNICODE_ORTHOGRAPHIC,MILD,42,"Wuih, ❤TON 4D❤! Kemenangan beneran pecah, feel-nya perfect. Gaskeun! 🔥","Wuih, ❤TON 4D❤! Kemenangan beneran pecah, feel-nyа perfect. Gaskeun! 🔥",True,SUCCESS,,1,0.0143,1
DS2_013740_O4_UNICODE_ORTHOGRAPHIC_STRONG,DS2_013740,DS2_kyyyy8_all,1,O4_UNICODE_ORTHOGRAPHIC,STRONG,42,"Wuih, ❤TON 4D❤! Kemenangan beneran pecah, feel-nya perfect. Gaskeun! 🔥","Wuih, ❤TON 4D❤! Kemenangan beneran pecаh, feel-nyа perfect. Gaskeun! 🔥",True,SUCCESS,,2,0.0286,2
DS2_013745_NORMAL_NORMAL,DS2_013745,DS2_kyyyy8_all,1,NORMAL,NORMAL,42,"Wah gila sih, ❤TON 4D❤! Menang dadakan, pengalaman mulus, lengkap banget. Coba now! 🚀","Wah gila sih, ❤TON 4D❤! Menang dadakan, pengalaman mulus, lengkap banget. Coba now! 🚀",False,SUCCESS,,0,0.0,0
DS2_013745_O1_CHAR_SUBSTITUTION_MILD,DS2_013745,DS2_kyyyy8_all,1,O1_CHAR_SUBSTITUTION,MILD,42,"Wah gila sih, ❤TON 4D❤! Menang dadakan, pengalaman mulus, lengkap banget. Coba now! 🚀","Wah gila sih, ❤TON 4D❤! Menan9 dadakan, pengalaman mulus, lengkap banget. Coba now! 🚀",True,SUCCESS,,1,0.0118,1
DS2_013745_O1_CHAR_SUBSTITUTION_STRONG,DS2_013745,DS2_kyyyy8_all,1,O1_CHAR_SUBSTITUTION,STRONG,42,"Wah gila sih, ❤TON 4D❤! Menang dadakan, pengalaman mulus, lengkap banget. Coba now! 🚀","Wah gila sih, ❤TON 4D❤! Menang dadakan, pengalaman mulus, lengkap b4nge7. C0b4 now! 🚀",True,SUCCESS,,4,0.0471,2
DS2_013745_O2_CHAR_INSERT_DELETE_MILD,DS2_013745,DS2_kyyyy8_all,1,O2_CHAR_INSERT_DELETE,MILD,42,"Wah gila sih, ❤TON 4D❤! Menang dadakan, pengalaman mulus, lengkap banget. Coba now! 🚀","Wah gila sih, ❤TON 4D❤! Menang dadakan, pengalaman mulus, lengkap baget. Coba now! 🚀",True,SUCCESS,,1,0.0118,1
DS2_013745_O2_CHAR_INSERT_DELETE_STRONG,DS2_013745,DS2_kyyyy8_all,1,O2_CHAR_INSERT_DELETE,STRONG,42,"Wah gila sih, ❤TON 4D❤! Menang dadakan, pengalaman mulus, lengkap banget. Coba now! 🚀","Wah gila sih, ❤TON 4D❤! Menang daakan, pengalaman mulus, lengkap baanget. Coba now! 🚀",True,SUCCESS,,2,0.0235,2
DS2_013745_O3_WHITESPACE_MILD,DS2_013745,DS2_kyyyy8_all,1,O3_WHITESPACE,MILD,42,"Wah gila sih, ❤TON 4D❤! Menang dadakan, pengalaman mulus, lengkap banget. Coba now! 🚀","Wah gila sih, ❤TON 4D❤! Menang dadakan, pengalaman mulus, lengkap ba nget. Coba now! 🚀",True,SUCCESS,,1,0.0118,1
DS2_013745_O3_WHITESPACE_STRONG,DS2_013745,DS2_kyyyy8_all,1,O3_WHITESPACE,STRONG,42,"Wah gila sih, ❤TON 4D❤! Menang dadakan, pengalaman mulus, lengkap banget. Coba now! 🚀","Wah gil a sih, ❤TON 4D❤! Me nang dadakan, pengalaman mulus, lengkap banget. Coba now! 🚀",True,SUCCESS,,2,0.0235,2
DS2_013745_O4_UNICODE_ORTHOGRAPHIC_MILD,DS2_013745,DS2_kyyyy8_all,1,O4_UNICODE_ORTHOGRAPHIC,MILD,42,"Wah gila sih, ❤TON 4D❤! Menang dadakan, pengalaman mulus, lengkap banget. Coba now! 🚀","Wah gila sih, ❤TON 4D❤! Menang dadakan, pengalaman muluus, lengkap banget. Coba now! 🚀",True,SUCCESS,,1,0.0118,1
DS2_013745_O4_UNICODE_ORTHOGRAPHIC_STRONG,DS2_013745,DS2_kyyyy8_all,1,O4_UNICODE_ORTHOGRAPHIC,STRONG,42,"Wah gila sih, ❤TON 4D❤! Menang dadakan, pengalaman mulus, lengkap banget. Coba now! 🚀","Wah gila sih, ❤TON 4D❤! Menang dadаkan, pengalaman mulus, lеngkap banget. Coba now! 🚀",True,SUCCESS,,2,0.0235,2
DS2_013756_NORMAL_NORMAL,DS2_013756,DS2_kyyyy8_all,1,NORMAL,NORMAL,42,"Auto suka, ❤TON 4D❤! Win-nya bikin speechless, paket lengkap! Coba sekarang! ✨","Auto suka, ❤TON 4D❤! Win-nya bikin speechless, paket lengkap! Coba sekarang! ✨",False,SUCCESS,,0,0.0,0
DS2_013756_O1_CHAR_SUBSTITUTION_MILD,DS2_013756,DS2_kyyyy8_all,1,O1_CHAR_SUBSTITUTION,MILD,42,"Auto suka, ❤TON 4D❤! Win-nya bikin speechless, paket lengkap! Coba sekarang! ✨","Auto suka, ❤TON 4D❤! Win-nya b1kin speechless, paket lengkap! Coba sekarang! ✨",True,SUCCESS,,1,0.0128,1
DS2_013756_O1_CHAR_SUBSTITUTION_STRONG,DS2_013756,DS2_kyyyy8_all,1,O1_CHAR_SUBSTITUTION,STRONG,42,"Auto suka, ❤TON 4D❤! Win-nya bikin speechless, paket lengkap! Coba sekarang! ✨","4ut0 suka, ❤TON 4D❤! Win-nya bikin spe3chle5s, paket lengkap! Coba sekarang! ✨",True,SUCCESS,,4,0.0513,2
DS2_013756_O2_CHAR_INSERT_DELETE_MILD,DS2_013756,DS2_kyyyy8_all,1,O2_CHAR_INSERT_DELETE,MILD,42,"Auto suka, ❤TON 4D❤! Win-nya bikin speechless, paket lengkap! Coba sekarang! ✨","Auto suka, ❤TON 4D❤! Win-nya bikin speechless, paket lengkap! Cooba sekarang! ✨",True,SUCCESS,,1,0.0128,1
DS2_013756_O2_CHAR_INSERT_DELETE_STRONG,DS2_013756,DS2_kyyyy8_all,1,O2_CHAR_INSERT_DELETE,STRONG,42,"Auto suka, ❤TON 4D❤! Win-nya bikin speechless, paket lengkap! Coba sekarang! ✨","Auto suka, ❤TON 4D❤! Win-nya bikin speechless, pakeet lenggkap! Coba sekarang! ✨",True,SUCCESS,,2,0.0256,2
DS2_013756_O3_WHITESPACE_MILD,DS2_013756,DS2_kyyyy8_all,1,O3_WHITESPACE,MILD,42,"Auto suka, ❤TON 4D❤! Win-nya bikin speechless, paket lengkap! Coba sekarang! ✨","Auto suka, ❤TON 4D❤! Win-nya bikin speechless, paket lengkap! Coba sekar ang! ✨",True,SUCCESS,,1,0.0128,1
DS2_013756_O3_WHITESPACE_STRONG,DS2_013756,DS2_kyyyy8_all,1,O3_WHITESPACE,STRONG,42,"Auto suka, ❤TON 4D❤! Win-nya bikin speechless, paket lengkap! Coba sekarang! ✨","Auto suka, ❤TON 4D❤! W in-nya bi kin speechless, paket lengkap! Coba sekarang! ✨",True,SUCCESS,,2,0.0256,2
DS2_013756_O4_UNICODE_ORTHOGRAPHIC_MILD,DS2_013756,DS2_kyyyy8_all,1,O4_UNICODE_ORTHOGRAPHIC,MILD,42,"Auto suka, ❤TON 4D❤! Win-nya bikin speechless, paket lengkap! Coba sekarang! ✨","Auto suka, ❤TON 4D❤! Win-nya bikin speechless, paket lengkap! Coba sekаrang! ✨",True,SUCCESS,,1,0.0128,1
DS2_013756_O4_UNICODE_ORTHOGRAPHIC_STRONG,DS2_013756,DS2_kyyyy8_all,1,O4_UNICODE_ORTHOGRAPHIC,STRONG,42,"Auto suka, ❤TON 4D❤! Win-nya bikin speechless, paket lengkap! Coba sekarang! ✨","Auto suka, ❤TON 4D❤! Win-nya bikiin speechless, paket lengkaр! Coba sekarang! ✨",True,SUCCESS,,2,0.0256,2
DS2_013817_NORMAL_NORMAL,DS2_013817,DS2_kyyyy8_all,1,NORMAL,NORMAL,42,"Sistem stabil bikin fokus main, Ketik Di Google❣️ 𝗝 𝗨 𝗡 𝗜 𝗢 𝗥 𝟴 𝟴❣️","Sistem stabil bikin fokus main, Ketik Di Google❣️ 𝗝 𝗨 𝗡 𝗜 𝗢 𝗥 𝟴 𝟴❣️",False,SUCCESS,,0,0.0,0
DS2_013817_O1_CHAR_SUBSTITUTION_MILD,DS2_013817,DS2_kyyyy8_all,1,O1_CHAR_SUBSTITUTION,MILD,42,"Sistem stabil bikin fokus main, Ketik Di Google❣️ 𝗝 𝗨 𝗡 𝗜 𝗢 𝗥 𝟴 𝟴❣️","Sistem stabil bikin fokus main, Ket1k Di Google❣️ 𝗝 𝗨 𝗡 𝗜 𝗢 𝗥 𝟴 𝟴❣️",True,SUCCESS,,1,0.0149,1
DS2_013817_O1_CHAR_SUBSTITUTION_STRONG,DS2_013817,DS2_kyyyy8_all,1,O1_CHAR_SUBSTITUTION,STRONG,42,"Sistem stabil bikin fokus main, Ketik Di Google❣️ 𝗝 𝗨 𝗡 𝗜 𝗢 𝗥 𝟴 𝟴❣️","Sistem stabil bikin fokus main, K37ik Di Goo9l3❣️ 𝗝 𝗨 𝗡 𝗜 𝗢 𝗥 𝟴 𝟴❣️",True,SUCCESS,,4,0.0597,2
DS2_013817_O2_CHAR_INSERT_DELETE_MILD,DS2_013817,DS2_kyyyy8_all,1,O2_CHAR_INSERT_DELETE,MILD,42,"Sistem stabil bikin fokus main, Ketik Di Google❣️ 𝗝 𝗨 𝗡 𝗜 𝗢 𝗥 𝟴 𝟴❣️","Sisteem stabil bikin fokus main, Ketik Di Google❣️ 𝗝 𝗨 𝗡 𝗜 𝗢 𝗥 𝟴 𝟴❣️",True,SUCCESS,,1,0.0149,1
DS2_013817_O2_CHAR_INSERT_DELETE_STRONG,DS2_013817,DS2_kyyyy8_all,1,O2_CHAR_INSERT_DELETE,STRONG,42,"Sistem stabil bikin fokus main, Ketik Di Google❣️ 𝗝 𝗨 𝗡 𝗜 𝗢 𝗥 𝟴 𝟴❣️","Sistem stail bikin fokus maiin, Ketik Di Google❣️ 𝗝 𝗨 𝗡 𝗜 𝗢 𝗥 𝟴 𝟴❣️",True,SUCCESS,,2,0.0299,2
DS2_013817_O3_WHITESPACE_MILD,DS2_013817,DS2_kyyyy8_all,1,O3_WHITESPACE,MILD,42,"Sistem stabil bikin fokus main, Ketik Di Google❣️ 𝗝 𝗨 𝗡 𝗜 𝗢 𝗥 𝟴 𝟴❣️","Sistem stabil biki n fokus main, Ketik Di Google❣️ 𝗝 𝗨 𝗡 𝗜 𝗢 𝗥 𝟴 𝟴❣️",True,SUCCESS,,1,0.0149,1
DS2_013817_O3_WHITESPACE_STRONG,DS2_013817,DS2_kyyyy8_all,1,O3_WHITESPACE,STRONG,42,"Sistem stabil bikin fokus main, Ketik Di Google❣️ 𝗝 𝗨 𝗡 𝗜 𝗢 𝗥 𝟴 𝟴❣️","Sistem stabi l bikin fokus main, Ketik Di Googl e❣️ 𝗝 𝗨 𝗡 𝗜 𝗢 𝗥 𝟴 𝟴❣️",True,SUCCESS,,2,0.0299,2
DS2_013817_O4_UNICODE_ORTHOGRAPHIC_MILD,DS2_013817,DS2_kyyyy8_all,1,O4_UNICODE_ORTHOGRAPHIC,MILD,42,"Sistem stabil bikin fokus main, Ketik Di Google❣️ 𝗝 𝗨 𝗡 𝗜 𝗢 𝗥 𝟴 𝟴❣️","Sistem stabil bikiin fokus main, Ketik Di Google❣️ 𝗝 𝗨 𝗡 𝗜 𝗢 𝗥 𝟴 𝟴❣️",True,SUCCESS,,1,0.0149,1
DS2_013817_O4_UNICODE_ORTHOGRAPHIC_STRONG,DS2_013817,DS2_kyyyy8_all,1,O4_UNICODE_ORTHOGRAPHIC,STRONG,42,"Sistem stabil bikin fokus main, Ketik Di Google❣️ 𝗝 𝗨 𝗡 𝗜 𝗢 𝗥 𝟴 𝟴❣️","Sistem stаbil bikin fokus main, Ketik Di Goоgle❣️ 𝗝 𝗨 𝗡 𝗜 𝗢 𝗥 𝟴 𝟴❣️",True,SUCCESS,,2,0.0299,2
DS2_013850_NORMAL_NORMAL,DS2_013850,DS2_kyyyy8_all,1,NORMAL,NORMAL,42,Bisa main kapan saja 🍮👽 ͯNͯͯaͯͯsͯͯaͯͯGͯͯaͯͯmͯͯiͯͯnͯͯgͯ ♥😝,Bisa main kapan saja 🍮👽 ͯNͯͯaͯͯsͯͯaͯͯGͯͯaͯͯmͯͯiͯͯnͯͯgͯ ♥😝,False,SUCCESS,,0,0.0,0
DS2_013850_O1_CHAR_SUBSTITUTION_MILD,DS2_013850,DS2_kyyyy8_all,1,O1_CHAR_SUBSTITUTION,MILD,42,Bisa main kapan saja 🍮👽 ͯNͯͯaͯͯsͯͯaͯͯGͯͯaͯͯmͯͯiͯͯnͯͯgͯ ♥😝,Bisa main kapan 5aja 🍮👽 ͯNͯͯaͯͯsͯͯaͯͯGͯͯaͯͯmͯͯiͯͯnͯͯgͯ ♥😝,True,SUCCESS,,1,0.0175,1
DS2_013850_O1_CHAR_SUBSTITUTION_STRONG,DS2_013850,DS2_kyyyy8_all,1,O1_CHAR_SUBSTITUTION,STRONG,42,Bisa main kapan saja 🍮👽 ͯNͯͯaͯͯsͯͯaͯͯGͯͯaͯͯmͯͯiͯͯnͯͯgͯ ♥😝,Bisa m41n kapan 54ja 🍮👽 ͯNͯͯaͯͯsͯͯaͯͯGͯͯaͯͯmͯͯiͯͯnͯͯgͯ ♥😝,True,SUCCESS,,4,0.0702,2
DS2_013850_O2_CHAR_INSERT_DELETE_MILD,DS2_013850,DS2_kyyyy8_all,1,O2_CHAR_INSERT_DELETE,MILD,42,Bisa main kapan saja 🍮👽 ͯNͯͯaͯͯsͯͯaͯͯGͯͯaͯͯmͯͯiͯͯnͯͯgͯ ♥😝,Bisa main kaapan saja 🍮👽 ͯNͯͯaͯͯsͯͯaͯͯGͯͯaͯͯmͯͯiͯͯnͯͯgͯ ♥😝,True,SUCCESS,,1,0.0175,1
DS2_013850_O2_CHAR_INSERT_DELETE_STRONG,DS2_013850,DS2_kyyyy8_all,1,O2_CHAR_INSERT_DELETE,STRONG,42,Bisa main kapan saja 🍮👽 ͯNͯͯaͯͯsͯͯaͯͯGͯͯaͯͯmͯͯiͯͯnͯͯgͯ ♥😝,Bisa maain kaapan saja 🍮👽 ͯNͯͯaͯͯsͯͯaͯͯGͯͯaͯͯmͯͯiͯͯnͯͯgͯ ♥😝,True,SUCCESS,,2,0.0351,2
DS2_013850_O3_WHITESPACE_MILD,DS2_013850,DS2_kyyyy8_all,1,O3_WHITESPACE,MILD,42,Bisa main kapan saja 🍮👽 ͯNͯͯaͯͯsͯͯaͯͯGͯͯaͯͯmͯͯiͯͯnͯͯgͯ ♥😝,Bisa main k apan saja 🍮👽 ͯNͯͯaͯͯsͯͯaͯͯGͯͯaͯͯmͯͯiͯͯnͯͯgͯ ♥😝,True,SUCCESS,,1,0.0175,1
DS2_013850_O3_WHITESPACE_STRONG,DS2_013850,DS2_kyyyy8_all,1,O3_WHITESPACE,STRONG,42,Bisa main kapan saja 🍮👽 ͯNͯͯaͯͯsͯͯaͯͯGͯͯaͯͯmͯͯiͯͯnͯͯgͯ ♥😝,Bisa main kap an saja 🍮👽 ͯNͯͯaͯͯsͯͯaͯͯGͯͯaͯͯmͯͯiͯͯnͯͯgͯ ♥😝,True,SUCCESS,,1,0.0175,1
DS2_013850_O4_UNICODE_ORTHOGRAPHIC_MILD,DS2_013850,DS2_kyyyy8_all,1,O4_UNICODE_ORTHOGRAPHIC,MILD,42,Bisa main kapan saja 🍮👽 ͯNͯͯaͯͯsͯͯaͯͯGͯͯaͯͯmͯͯiͯͯnͯͯgͯ ♥😝,Bisa main kapаn saja 🍮👽 ͯNͯͯaͯͯsͯͯaͯͯGͯͯaͯͯmͯͯiͯͯnͯͯgͯ ♥😝,True,SUCCESS,,1,0.0175,1
DS2_013850_O4_UNICODE_ORTHOGRAPHIC_STRONG,DS2_013850,DS2_kyyyy8_all,1,O4_UNICODE_ORTHOGRAPHIC,STRONG,42,Bisa main kapan saja 🍮👽 ͯNͯͯaͯͯsͯͯaͯͯGͯͯaͯͯmͯͯiͯͯnͯͯgͯ ♥😝,Bisa mаin kаpan saja 🍮👽 ͯNͯͯaͯͯsͯͯaͯͯGͯͯaͯͯmͯͯiͯͯnͯͯgͯ ♥😝,True,SUCCESS,,2,0.0351,2
DS2_014457_NORMAL_NORMAL,DS2_014457,DS2_kyyyy8_all,1,NORMAL,NORMAL,42,Aman terpercaya GA RU DA HO KI pasti jepee💙,Aman terpercaya GA RU DA HO KI pasti jepee💙,False,SUCCESS,,0,0.0,0
DS2_014457_O1_CHAR_SUBSTITUTION_MILD,DS2_014457,DS2_kyyyy8_all,1,O1_CHAR_SUBSTITUTION,MILD,42,Aman terpercaya GA RU DA HO KI pasti jepee💙,Aman terpercaya GA RU DA HO KI pasti jepe3💙,True,SUCCESS,,1,0.0233,1
DS2_014457_O1_CHAR_SUBSTITUTION_STRONG,DS2_014457,DS2_kyyyy8_all,1,O1_CHAR_SUBSTITUTION,STRONG,42,Aman terpercaya GA RU DA HO KI pasti jepee💙,4m4n terpercaya GA RU DA HO KI pasti j3p3e💙,True,SUCCESS,,4,0.093,2
DS2_014457_O2_CHAR_INSERT_DELETE_MILD,DS2_014457,DS2_kyyyy8_all,1,O2_CHAR_INSERT_DELETE,MILD,42,Aman terpercaya GA RU DA HO KI pasti jepee💙,Aman terpercaya GA RU DA HO KI pasti jeepee💙,True,SUCCESS,,1,0.0233,1
DS2_014457_O2_CHAR_INSERT_DELETE_STRONG,DS2_014457,DS2_kyyyy8_all,1,O2_CHAR_INSERT_DELETE,STRONG,42,Aman terpercaya GA RU DA HO KI pasti jepee💙,Amman terpercaya GA RU DA HO KI pasti jepe💙,True,SUCCESS,,2,0.0465,2
DS2_014457_O3_WHITESPACE_MILD,DS2_014457,DS2_kyyyy8_all,1,O3_WHITESPACE,MILD,42,Aman terpercaya GA RU DA HO KI pasti jepee💙,Am an terpercaya GA RU DA HO KI pasti jepee💙,True,SUCCESS,,1,0.0233,1
DS2_014457_O3_WHITESPACE_STRONG,DS2_014457,DS2_kyyyy8_all,1,O3_WHITESPACE,STRONG,42,Aman terpercaya GA RU DA HO KI pasti jepee💙,Aman terpercaya GA RU DA HO KI pas ti je pee💙,True,SUCCESS,,2,0.0465,2
DS2_014457_O4_UNICODE_ORTHOGRAPHIC_MILD,DS2_014457,DS2_kyyyy8_all,1,O4_UNICODE_ORTHOGRAPHIC,MILD,42,Aman terpercaya GA RU DA HO KI pasti jepee💙,Aman terpercaya GA RU DA HO KI pasti jеpee💙,True,SUCCESS,,1,0.0233,1
DS2_014457_O4_UNICODE_ORTHOGRAPHIC_STRONG,DS2_014457,DS2_kyyyy8_all,1,O4_UNICODE_ORTHOGRAPHIC,STRONG,42,Aman terpercaya GA RU DA HO KI pasti jepee💙,Aman terpеrcaya GA RU DA HO KI pаsti jepee💙,True,SUCCESS,,2,0.0465,2
DS2_014897_NORMAL_NORMAL,DS2_014897,DS2_kyyyy8_all,0,NORMAL,NORMAL,42,wanda ikut campur bgt dahhh wkwkwk,wanda ikut campur bgt dahhh wkwkwk,False,SUCCESS,,0,0.0,0
DS2_014897_O1_CHAR_SUBSTITUTION_MILD,DS2_014897,DS2_kyyyy8_all,0,O1_CHAR_SUBSTITUTION,MILD,42,wanda ikut campur bgt dahhh wkwkwk,w4nda ikut campur bgt dahhh wkwkwk,True,SUCCESS,,1,0.0294,1
DS2_014897_O1_CHAR_SUBSTITUTION_STRONG,DS2_014897,DS2_kyyyy8_all,0,O1_CHAR_SUBSTITUTION,STRONG,42,wanda ikut campur bgt dahhh wkwkwk,w4nd4 ikut campur bgt d4hhh wkwkwk,True,SUCCESS,,3,0.0882,2
DS2_014897_O2_CHAR_INSERT_DELETE_MILD,DS2_014897,DS2_kyyyy8_all,0,O2_CHAR_INSERT_DELETE,MILD,42,wanda ikut campur bgt dahhh wkwkwk,wanda ikut caampur bgt dahhh wkwkwk,True,SUCCESS,,1,0.0294,1
DS2_014897_O2_CHAR_INSERT_DELETE_STRONG,DS2_014897,DS2_kyyyy8_all,0,O2_CHAR_INSERT_DELETE,STRONG,42,wanda ikut campur bgt dahhh wkwkwk,wana ikut campur bgt dahh wkwkwk,True,SUCCESS,,2,0.0588,2
DS2_014897_O3_WHITESPACE_MILD,DS2_014897,DS2_kyyyy8_all,0,O3_WHITESPACE,MILD,42,wanda ikut campur bgt dahhh wkwkwk,wanda ikut cam pur bgt dahhh wkwkwk,True,SUCCESS,,1,0.0294,1
DS2_014897_O3_WHITESPACE_STRONG,DS2_014897,DS2_kyyyy8_all,0,O3_WHITESPACE,STRONG,42,wanda ikut campur bgt dahhh wkwkwk,wanda ik ut campur bgt dahh h wkwkwk,True,SUCCESS,,2,0.0588,2
DS2_014897_O4_UNICODE_ORTHOGRAPHIC_MILD,DS2_014897,DS2_kyyyy8_all,0,O4_UNICODE_ORTHOGRAPHIC,MILD,42,wanda ikut campur bgt dahhh wkwkwk,wanda ikut camрur bgt dahhh wkwkwk,True,SUCCESS,,1,0.0294,1
DS2_014897_O4_UNICODE_ORTHOGRAPHIC_STRONG,DS2_014897,DS2_kyyyy8_all,0,O4_UNICODE_ORTHOGRAPHIC,STRONG,42,wanda ikut campur bgt dahhh wkwkwk,wanda ikut campur bgt dаhhh wkwkkwk,True,SUCCESS,,2,0.0588,2
DS2_014995_NORMAL_NORMAL,DS2_014995,DS2_kyyyy8_all,0,NORMAL,NORMAL,42,Kaos oasis: gue dateng ke rumah yg tepat 😂,Kaos oasis: gue dateng ke rumah yg tepat 😂,False,SUCCESS,,0,0.0,0
DS2_014995_O1_CHAR_SUBSTITUTION_MILD,DS2_014995,DS2_kyyyy8_all,0,O1_CHAR_SUBSTITUTION,MILD,42,Kaos oasis: gue dateng ke rumah yg tepat 😂,Kaos oasis: gue dateng ke rum4h yg tepat 😂,True,SUCCESS,,1,0.0238,1
DS2_014995_O1_CHAR_SUBSTITUTION_STRONG,DS2_014995,DS2_kyyyy8_all,0,O1_CHAR_SUBSTITUTION,STRONG,42,Kaos oasis: gue dateng ke rumah yg tepat 😂,Kaos oa51s: gue da7en9 ke rumah yg tepat 😂,True,SUCCESS,,4,0.0952,2
DS2_014995_O2_CHAR_INSERT_DELETE_MILD,DS2_014995,DS2_kyyyy8_all,0,O2_CHAR_INSERT_DELETE,MILD,42,Kaos oasis: gue dateng ke rumah yg tepat 😂,Kaos oasis: gue dateng ke rumh yg tepat 😂,True,SUCCESS,,1,0.0238,1
DS2_014995_O2_CHAR_INSERT_DELETE_STRONG,DS2_014995,DS2_kyyyy8_all,0,O2_CHAR_INSERT_DELETE,STRONG,42,Kaos oasis: gue dateng ke rumah yg tepat 😂,Kaaos oasis: gue dteng ke rumah yg tepat 😂,True,SUCCESS,,2,0.0476,2
DS2_014995_O3_WHITESPACE_MILD,DS2_014995,DS2_kyyyy8_all,0,O3_WHITESPACE,MILD,42,Kaos oasis: gue dateng ke rumah yg tepat 😂,Kaos oasis: gue date ng ke rumah yg tepat 😂,True,SUCCESS,,1,0.0238,1
DS2_014995_O3_WHITESPACE_STRONG,DS2_014995,DS2_kyyyy8_all,0,O3_WHITESPACE,STRONG,42,Kaos oasis: gue dateng ke rumah yg tepat 😂,Ka os oasis: gue d ateng ke rumah yg tepat 😂,True,SUCCESS,,2,0.0476,2
DS2_014995_O4_UNICODE_ORTHOGRAPHIC_MILD,DS2_014995,DS2_kyyyy8_all,0,O4_UNICODE_ORTHOGRAPHIC,MILD,42,Kaos oasis: gue dateng ke rumah yg tepat 😂,Kaos oasis: gue dateng ke rumah yg tеpat 😂,True,SUCCESS,,1,0.0238,1
DS2_014995_O4_UNICODE_ORTHOGRAPHIC_STRONG,DS2_014995,DS2_kyyyy8_all,0,O4_UNICODE_ORTHOGRAPHIC,STRONG,42,Kaos oasis: gue dateng ke rumah yg tepat 😂,Kaоs oasis: gue dateng ke rumah yg teрat 😂,True,SUCCESS,,2,0.0476,2
DS2_014999_NORMAL_NORMAL,DS2_014999,DS2_kyyyy8_all,1,NORMAL,NORMAL,42,"❤MINI 1221❤ enak banget feel-nya—ringan, responsif, dan deg-degan seru. Wajib coba! 🚀","❤MINI 1221❤ enak banget feel-nya—ringan, responsif, dan deg-degan seru. Wajib coba! 🚀",False,SUCCESS,,0,0.0,0
DS2_014999_O1_CHAR_SUBSTITUTION_MILD,DS2_014999,DS2_kyyyy8_all,1,O1_CHAR_SUBSTITUTION,MILD,42,"❤MINI 1221❤ enak banget feel-nya—ringan, responsif, dan deg-degan seru. Wajib coba! 🚀","❤MINI 1221❤ enak banget feel-nya—ringan, responsif, dan deg-degan seru. W4jib coba! 🚀",True,SUCCESS,,1,0.0118,1
DS2_014999_O1_CHAR_SUBSTITUTION_STRONG,DS2_014999,DS2_kyyyy8_all,1,O1_CHAR_SUBSTITUTION,STRONG,42,"❤MINI 1221❤ enak banget feel-nya—ringan, responsif, dan deg-degan seru. Wajib coba! 🚀","❤MINI 1221❤ 3n4k 8ang3t feel-nya—ringan, responsif, dan deg-degan seru. Wajib coba! 🚀",True,SUCCESS,,4,0.0471,2
DS2_014999_O2_CHAR_INSERT_DELETE_MILD,DS2_014999,DS2_kyyyy8_all,1,O2_CHAR_INSERT_DELETE,MILD,42,"❤MINI 1221❤ enak banget feel-nya—ringan, responsif, dan deg-degan seru. Wajib coba! 🚀","❤MINI 1221❤ enak banet feel-nya—ringan, responsif, dan deg-degan seru. Wajib coba! 🚀",True,SUCCESS,,1,0.0118,1
DS2_014999_O2_CHAR_INSERT_DELETE_STRONG,DS2_014999,DS2_kyyyy8_all,1,O2_CHAR_INSERT_DELETE,STRONG,42,"❤MINI 1221❤ enak banget feel-nya—ringan, responsif, dan deg-degan seru. Wajib coba! 🚀","❤MINNI 1221❤ enak banget feel-nya—ringan, responsif, dan deg-degan seruu. Wajib coba! 🚀",True,SUCCESS,,2,0.0235,2
DS2_014999_O3_WHITESPACE_MILD,DS2_014999,DS2_kyyyy8_all,1,O3_WHITESPACE,MILD,42,"❤MINI 1221❤ enak banget feel-nya—ringan, responsif, dan deg-degan seru. Wajib coba! 🚀","❤MINI 1221❤ enak banget feel-nya—ringan, responsi f, dan deg-degan seru. Wajib coba! 🚀",True,SUCCESS,,1,0.0118,1
DS2_014999_O3_WHITESPACE_STRONG,DS2_014999,DS2_kyyyy8_all,1,O3_WHITESPACE,STRONG,42,"❤MINI 1221❤ enak banget feel-nya—ringan, responsif, dan deg-degan seru. Wajib coba! 🚀","❤MIN I 1221❤ enak banget feel-nya—ringan, responsif, dan deg-degan seru. Wa jib coba! 🚀",True,SUCCESS,,2,0.0235,2
DS2_014999_O4_UNICODE_ORTHOGRAPHIC_MILD,DS2_014999,DS2_kyyyy8_all,1,O4_UNICODE_ORTHOGRAPHIC,MILD,42,"❤MINI 1221❤ enak banget feel-nya—ringan, responsif, dan deg-degan seru. Wajib coba! 🚀","❤MINI 1221❤ enak banget feel-nya—ringan, responsif, dan deg-degаn seru. Wajib coba! 🚀",True,SUCCESS,,1,0.0118,1
DS2_014999_O4_UNICODE_ORTHOGRAPHIC_STRONG,DS2_014999,DS2_kyyyy8_all,1,O4_UNICODE_ORTHOGRAPHIC,STRONG,42,"❤MINI 1221❤ enak banget feel-nya—ringan, responsif, dan deg-degan seru. Wajib coba! 🚀","❤MINII 1221❤ enak banget feel-nya—ringan, responsif, dan deg-degan seru. Wajib cobа! 🚀",True,SUCCESS,,2,0.0235,2
DS2_015040_NORMAL_NORMAL,DS2_015040,DS2_kyyyy8_all,1,NORMAL,NORMAL,42,"Gak dicari,tapi dicari lagi 🍓💀 ṄäṡäĠäṁïṅġ 🌷🐯","Gak dicari,tapi dicari lagi 🍓💀 ṄäṡäĠäṁïṅġ 🌷🐯",False,SUCCESS,,0,0.0,0
DS2_015040_O1_CHAR_SUBSTITUTION_MILD,DS2_015040,DS2_kyyyy8_all,1,O1_CHAR_SUBSTITUTION,MILD,42,"Gak dicari,tapi dicari lagi 🍓💀 ṄäṡäĠäṁïṅġ 🌷🐯","Gak dicari,tapi dicari lag1 🍓💀 ṄäṡäĠäṁïṅġ 🌷🐯",True,SUCCESS,,1,0.0227,1
DS2_015040_O1_CHAR_SUBSTITUTION_STRONG,DS2_015040,DS2_kyyyy8_all,1,O1_CHAR_SUBSTITUTION,STRONG,42,"Gak dicari,tapi dicari lagi 🍓💀 ṄäṡäĠäṁïṅġ 🌷🐯","Gak dicari,7ap1 dicari la91 🍓💀 ṄäṡäĠäṁïṅġ 🌷🐯",True,SUCCESS,,4,0.0909,2
DS2_015040_O2_CHAR_INSERT_DELETE_MILD,DS2_015040,DS2_kyyyy8_all,1,O2_CHAR_INSERT_DELETE,MILD,42,"Gak dicari,tapi dicari lagi 🍓💀 ṄäṡäĠäṁïṅġ 🌷🐯","Gak dicari,tapi dicari laggi 🍓💀 ṄäṡäĠäṁïṅġ 🌷🐯",True,SUCCESS,,1,0.0227,1
DS2_015040_O2_CHAR_INSERT_DELETE_STRONG,DS2_015040,DS2_kyyyy8_all,1,O2_CHAR_INSERT_DELETE,STRONG,42,"Gak dicari,tapi dicari lagi 🍓💀 ṄäṡäĠäṁïṅġ 🌷🐯","Gak diicari,tapi dicari laggi 🍓💀 ṄäṡäĠäṁïṅġ 🌷🐯",True,SUCCESS,,2,0.0455,2
DS2_015040_O3_WHITESPACE_MILD,DS2_015040,DS2_kyyyy8_all,1,O3_WHITESPACE,MILD,42,"Gak dicari,tapi dicari lagi 🍓💀 ṄäṡäĠäṁïṅġ 🌷🐯","Gak d icari,tapi dicari lagi 🍓💀 ṄäṡäĠäṁïṅġ 🌷🐯",True,SUCCESS,,1,0.0227,1
DS2_015040_O3_WHITESPACE_STRONG,DS2_015040,DS2_kyyyy8_all,1,O3_WHITESPACE,STRONG,42,"Gak dicari,tapi dicari lagi 🍓💀 ṄäṡäĠäṁïṅġ 🌷🐯","Gak d icari,tapi dicari lagi 🍓💀 Ṅäṡ äĠäṁïṅġ 🌷🐯",True,SUCCESS,,2,0.0455,2
DS2_015040_O4_UNICODE_ORTHOGRAPHIC_MILD,DS2_015040,DS2_kyyyy8_all,1,O4_UNICODE_ORTHOGRAPHIC,MILD,42,"Gak dicari,tapi dicari lagi 🍓💀 ṄäṡäĠäṁïṅġ 🌷🐯","Gak dicari,tapi dicаri lagi 🍓💀 ṄäṡäĠäṁïṅġ 🌷🐯",True,SUCCESS,,1,0.0227,1
DS2_015040_O4_UNICODE_ORTHOGRAPHIC_STRONG,DS2_015040,DS2_kyyyy8_all,1,O4_UNICODE_ORTHOGRAPHIC,STRONG,42,"Gak dicari,tapi dicari lagi 🍓💀 ṄäṡäĠäṁïṅġ 🌷🐯","Gak dicаri,tapi dicari lаgi 🍓💀 ṄäṡäĠäṁïṅġ 🌷🐯",True,SUCCESS,,2,0.0455,2
DS2_015147_NORMAL_NORMAL,DS2_015147,DS2_kyyyy8_all,1,NORMAL,NORMAL,42,"Datang santai, pulang puas ♔★ ℕ𝕒𝕤𝕒𝔾𝕒𝕞𝕚𝕟𝕘 👻🎈","Datang santai, pulang puas ♔★ ℕ𝕒𝕤𝕒𝔾𝕒𝕞𝕚𝕟𝕘 👻🎈",False,SUCCESS,,0,0.0,0
DS2_015147_O1_CHAR_SUBSTITUTION_MILD,DS2_015147,DS2_kyyyy8_all,1,O1_CHAR_SUBSTITUTION,MILD,42,"Datang santai, pulang puas ♔★ ℕ𝕒𝕤𝕒𝔾𝕒𝕞𝕚𝕟𝕘 👻🎈","Datang santai, pulan9 puas ♔★ ℕ𝕒𝕤𝕒𝔾𝕒𝕞𝕚𝕟𝕘 👻🎈",True,SUCCESS,,1,0.0233,1
DS2_015147_O1_CHAR_SUBSTITUTION_STRONG,DS2_015147,DS2_kyyyy8_all,1,O1_CHAR_SUBSTITUTION,STRONG,42,"Datang santai, pulang puas ♔★ ℕ𝕒𝕤𝕒𝔾𝕒𝕞𝕚𝕟𝕘 👻🎈","Da7an9 santai, pul4n9 puas ♔★ ℕ𝕒𝕤𝕒𝔾𝕒𝕞𝕚𝕟𝕘 👻🎈",True,SUCCESS,,4,0.093,2
DS2_015147_O2_CHAR_INSERT_DELETE_MILD,DS2_015147,DS2_kyyyy8_all,1,O2_CHAR_INSERT_DELETE,MILD,42,"Datang santai, pulang puas ♔★ ℕ𝕒𝕤𝕒𝔾𝕒𝕞𝕚𝕟𝕘 👻🎈","Datang santai, pulang puas ♔★ ℕ𝕒𝕤𝕒𝔾𝕒𝕚𝕟𝕘 👻🎈",True,SUCCESS,,1,0.0233,1
DS2_015147_O2_CHAR_INSERT_DELETE_STRONG,DS2_015147,DS2_kyyyy8_all,1,O2_CHAR_INSERT_DELETE,STRONG,42,"Datang santai, pulang puas ♔★ ℕ𝕒𝕤𝕒𝔾𝕒𝕞𝕚𝕟𝕘 👻🎈","Datang satai, pulang puuas ♔★ ℕ𝕒𝕤𝕒𝔾𝕒𝕞𝕚𝕟𝕘 👻🎈",True,SUCCESS,,2,0.0465,2
DS2_015147_O3_WHITESPACE_MILD,DS2_015147,DS2_kyyyy8_all,1,O3_WHITESPACE,MILD,42,"Datang santai, pulang puas ♔★ ℕ𝕒𝕤𝕒𝔾𝕒𝕞𝕚𝕟𝕘 👻🎈","Datang santai, pulang puas ♔★ ℕ𝕒𝕤𝕒𝔾𝕒𝕞 𝕚𝕟𝕘 👻🎈",True,SUCCESS,,1,0.0233,1
DS2_015147_O3_WHITESPACE_STRONG,DS2_015147,DS2_kyyyy8_all,1,O3_WHITESPACE,STRONG,42,"Datang santai, pulang puas ♔★ ℕ𝕒𝕤𝕒𝔾𝕒𝕞𝕚𝕟𝕘 👻🎈","Dat ang santai, pulang p uas ♔★ ℕ𝕒𝕤𝕒𝔾𝕒𝕞𝕚𝕟𝕘 👻🎈",True,SUCCESS,,2,0.0465,2
DS2_015147_O4_UNICODE_ORTHOGRAPHIC_MILD,DS2_015147,DS2_kyyyy8_all,1,O4_UNICODE_ORTHOGRAPHIC,MILD,42,"Datang santai, pulang puas ♔★ ℕ𝕒𝕤𝕒𝔾𝕒𝕞𝕚𝕟𝕘 👻🎈","Datang santаi, pulang puas ♔★ ℕ𝕒𝕤𝕒𝔾𝕒𝕞𝕚𝕟𝕘 👻🎈",True,SUCCESS,,1,0.0233,1
DS2_015147_O4_UNICODE_ORTHOGRAPHIC_STRONG,DS2_015147,DS2_kyyyy8_all,1,O4_UNICODE_ORTHOGRAPHIC,STRONG,42,"Datang santai, pulang puas ♔★ ℕ𝕒𝕤𝕒𝔾𝕒𝕞𝕚𝕟𝕘 👻🎈","Datang sаntai, pulang puаs ♔★ ℕ𝕒𝕤𝕒𝔾𝕒𝕞𝕚𝕟𝕘 👻🎈",True,SUCCESS,,2,0.0465,2
DS2_015256_NORMAL_NORMAL,DS2_015256,DS2_kyyyy8_all,0,NORMAL,NORMAL,42,lee won jung. mantengin ig nya dari kemarin di indonesia. syuka bgt dia di perfect stranger 🥰,lee won jung. mantengin ig nya dari kemarin di indonesia. syuka bgt dia di perfect stranger 🥰,False,SUCCESS,,0,0.0,0
DS2_015256_O1_CHAR_SUBSTITUTION_MILD,DS2_015256,DS2_kyyyy8_all,0,O1_CHAR_SUBSTITUTION,MILD,42,lee won jung. mantengin ig nya dari kemarin di indonesia. syuka bgt dia di perfect stranger 🥰,lee won jung. mantengin ig nya dari kemarin di indonesia. syuka bgt dia di perfec7 stranger 🥰,True,SUCCESS,,1,0.0108,1
DS2_015256_O1_CHAR_SUBSTITUTION_STRONG,DS2_015256,DS2_kyyyy8_all,0,O1_CHAR_SUBSTITUTION,STRONG,42,lee won jung. mantengin ig nya dari kemarin di indonesia. syuka bgt dia di perfect stranger 🥰,lee won jung. m4n7engin ig nya dari kemarin di ind0ne5ia. syuka bgt dia di perfect stranger 🥰,True,SUCCESS,,4,0.043,2
DS2_015256_O2_CHAR_INSERT_DELETE_MILD,DS2_015256,DS2_kyyyy8_all,0,O2_CHAR_INSERT_DELETE,MILD,42,lee won jung. mantengin ig nya dari kemarin di indonesia. syuka bgt dia di perfect stranger 🥰,lee won jung. mantengin ig nya dari kemarin di indonesia. syuka bgt dia di prfect stranger 🥰,True,SUCCESS,,1,0.0108,1
DS2_015256_O2_CHAR_INSERT_DELETE_STRONG,DS2_015256,DS2_kyyyy8_all,0,O2_CHAR_INSERT_DELETE,STRONG,42,lee won jung. mantengin ig nya dari kemarin di indonesia. syuka bgt dia di perfect stranger 🥰,lee won jung. mantenggin ig nya darri kemarin di indonesia. syuka bgt dia di perfect stranger 🥰,True,SUCCESS,,2,0.0215,2
DS2_015256_O3_WHITESPACE_MILD,DS2_015256,DS2_kyyyy8_all,0,O3_WHITESPACE,MILD,42,lee won jung. mantengin ig nya dari kemarin di indonesia. syuka bgt dia di perfect stranger 🥰,lee won ju ng. mantengin ig nya dari kemarin di indonesia. syuka bgt dia di perfect stranger 🥰,True,SUCCESS,,1,0.0108,1
DS2_015256_O3_WHITESPACE_STRONG,DS2_015256,DS2_kyyyy8_all,0,O3_WHITESPACE,STRONG,42,lee won jung. mantengin ig nya dari kemarin di indonesia. syuka bgt dia di perfect stranger 🥰,lee won jung. mantengin ig nya dari kemarin di indonesia. syuk a bgt dia di pe rfect stranger 🥰,True,SUCCESS,,2,0.0215,2
DS2_015256_O4_UNICODE_ORTHOGRAPHIC_MILD,DS2_015256,DS2_kyyyy8_all,0,O4_UNICODE_ORTHOGRAPHIC,MILD,42,lee won jung. mantengin ig nya dari kemarin di indonesia. syuka bgt dia di perfect stranger 🥰,lee won jung. mantengin ig nya dаri kemarin di indonesia. syuka bgt dia di perfect stranger 🥰,True,SUCCESS,,1,0.0108,1
DS2_015256_O4_UNICODE_ORTHOGRAPHIC_STRONG,DS2_015256,DS2_kyyyy8_all,0,O4_UNICODE_ORTHOGRAPHIC,STRONG,42,lee won jung. mantengin ig nya dari kemarin di indonesia. syuka bgt dia di perfect stranger 🥰,lee won jung. mantengin ig nya dari kеmarin di indonesiа. syuka bgt dia di perfect stranger 🥰,True,SUCCESS,,2,0.0215,2
DS2_015418_NORMAL_NORMAL,DS2_015418,DS2_kyyyy8_all,0,NORMAL,NORMAL,42,pilek u jusa?,pilek u jusa?,False,SUCCESS,,0,0.0,0
DS2_015418_O1_CHAR_SUBSTITUTION_MILD,DS2_015418,DS2_kyyyy8_all,0,O1_CHAR_SUBSTITUTION,MILD,42,pilek u jusa?,pil3k u jusa?,True,SUCCESS,,1,0.0769,1
DS2_015418_O1_CHAR_SUBSTITUTION_STRONG,DS2_015418,DS2_kyyyy8_all,0,O1_CHAR_SUBSTITUTION,STRONG,42,pilek u jusa?,p1l3k u ju54?,True,SUCCESS,,4,0.3077,2
DS2_015418_O2_CHAR_INSERT_DELETE_MILD,DS2_015418,DS2_kyyyy8_all,0,O2_CHAR_INSERT_DELETE,MILD,42,pilek u jusa?,pilk u jusa?,True,SUCCESS,,1,0.0769,1
DS2_015418_O2_CHAR_INSERT_DELETE_STRONG,DS2_015418,DS2_kyyyy8_all,0,O2_CHAR_INSERT_DELETE,STRONG,42,pilek u jusa?,piilek u jussa?,True,SUCCESS,,2,0.1538,2
DS2_015418_O3_WHITESPACE_MILD,DS2_015418,DS2_kyyyy8_all,0,O3_WHITESPACE,MILD,42,pilek u jusa?,p ilek u jusa?,True,SUCCESS,,1,0.0769,1
DS2_015418_O3_WHITESPACE_STRONG,DS2_015418,DS2_kyyyy8_all,0,O3_WHITESPACE,STRONG,42,pilek u jusa?,pi lek u j usa?,True,SUCCESS,,2,0.1538,2
DS2_015418_O4_UNICODE_ORTHOGRAPHIC_MILD,DS2_015418,DS2_kyyyy8_all,0,O4_UNICODE_ORTHOGRAPHIC,MILD,42,pilek u jusa?,pilеk u jusa?,True,SUCCESS,,1,0.0769,1
DS2_015418_O4_UNICODE_ORTHOGRAPHIC_STRONG,DS2_015418,DS2_kyyyy8_all,0,O4_UNICODE_ORTHOGRAPHIC,STRONG,42,pilek u jusa?,рilek u jusа?,True,SUCCESS,,2,0.1538,2
DS2_016121_NORMAL_NORMAL,DS2_016121,DS2_kyyyy8_all,0,NORMAL,NORMAL,42,Ikutan sedihh 😢😢,Ikutan sedihh 😢😢,False,SUCCESS,,0,0.0,0
DS2_016121_O1_CHAR_SUBSTITUTION_MILD,DS2_016121,DS2_kyyyy8_all,0,O1_CHAR_SUBSTITUTION,MILD,42,Ikutan sedihh 😢😢,Ikutan sed1hh 😢😢,True,SUCCESS,,1,0.0625,1
DS2_016121_O1_CHAR_SUBSTITUTION_STRONG,DS2_016121,DS2_kyyyy8_all,0,O1_CHAR_SUBSTITUTION,STRONG,42,Ikutan sedihh 😢😢,Iku74n 5ed1hh 😢😢,True,SUCCESS,,4,0.25,2
DS2_016121_O2_CHAR_INSERT_DELETE_MILD,DS2_016121,DS2_kyyyy8_all,0,O2_CHAR_INSERT_DELETE,MILD,42,Ikutan sedihh 😢😢,Ikutan seihh 😢😢,True,SUCCESS,,1,0.0625,1
DS2_016121_O2_CHAR_INSERT_DELETE_STRONG,DS2_016121,DS2_kyyyy8_all,0,O2_CHAR_INSERT_DELETE,STRONG,42,Ikutan sedihh 😢😢,Ikuutan seedihh 😢😢,True,SUCCESS,,2,0.125,2
DS2_016121_O3_WHITESPACE_MILD,DS2_016121,DS2_kyyyy8_all,0,O3_WHITESPACE,MILD,42,Ikutan sedihh 😢😢,Ikutan s edihh 😢😢,True,SUCCESS,,1,0.0625,1
DS2_016121_O3_WHITESPACE_STRONG,DS2_016121,DS2_kyyyy8_all,0,O3_WHITESPACE,STRONG,42,Ikutan sedihh 😢😢,Iku tan sedi hh 😢😢,True,SUCCESS,,2,0.125,2
DS2_016121_O4_UNICODE_ORTHOGRAPHIC_MILD,DS2_016121,DS2_kyyyy8_all,0,O4_UNICODE_ORTHOGRAPHIC,MILD,42,Ikutan sedihh 😢😢,Ikutаn sedihh 😢😢,True,SUCCESS,,1,0.0625,1
DS2_016121_O4_UNICODE_ORTHOGRAPHIC_STRONG,DS2_016121,DS2_kyyyy8_all,0,O4_UNICODE_ORTHOGRAPHIC,STRONG,42,Ikutan sedihh 😢😢,Ikutаn sеdihh 😢😢,True,SUCCESS,,2,0.125,2
DS2_016166_NORMAL_NORMAL,DS2_016166,DS2_kyyyy8_all,0,NORMAL,NORMAL,42,Can you be happy on someone else's happy day? have a chance to judge the person's happy day,Can you be happy on someone else's happy day? have a chance to judge the person's happy day,False,SUCCESS,,0,0.0,0
DS2_016166_O1_CHAR_SUBSTITUTION_MILD,DS2_016166,DS2_kyyyy8_all,0,O1_CHAR_SUBSTITUTION,MILD,42,Can you be happy on someone else's happy day? have a chance to judge the person's happy day,Can you be happy on someone else's h4ppy day? have a chance to judge the person's happy day,True,SUCCESS,,1,0.011,1
DS2_016166_O1_CHAR_SUBSTITUTION_STRONG,DS2_016166,DS2_kyyyy8_all,0,O1_CHAR_SUBSTITUTION,STRONG,42,Can you be happy on someone else's happy day? have a chance to judge the person's happy day,Can you be happy on s0me0ne else's h4ppy day? have a chance to judge the person's happy day,True,SUCCESS,,3,0.033,2
DS2_016166_O2_CHAR_INSERT_DELETE_MILD,DS2_016166,DS2_kyyyy8_all,0,O2_CHAR_INSERT_DELETE,MILD,42,Can you be happy on someone else's happy day? have a chance to judge the person's happy day,Can you be happy on someone else's happy day? have a chance to jude the person's happy day,True,SUCCESS,,1,0.011,1
DS2_016166_O2_CHAR_INSERT_DELETE_STRONG,DS2_016166,DS2_kyyyy8_all,0,O2_CHAR_INSERT_DELETE,STRONG,42,Can you be happy on someone else's happy day? have a chance to judge the person's happy day,Can you be happy on someone ele's happpy day? have a chance to judge the person's happy day,True,SUCCESS,,2,0.022,2
DS2_016166_O3_WHITESPACE_MILD,DS2_016166,DS2_kyyyy8_all,0,O3_WHITESPACE,MILD,42,Can you be happy on someone else's happy day? have a chance to judge the person's happy day,Can you be happy on someone else's happy day? have a chance to judge the person's hap py day,True,SUCCESS,,1,0.011,1
DS2_016166_O3_WHITESPACE_STRONG,DS2_016166,DS2_kyyyy8_all,0,O3_WHITESPACE,STRONG,42,Can you be happy on someone else's happy day? have a chance to judge the person's happy day,Can you be happy on someone else's happy day? ha ve a chance to judge the per son's happy day,True,SUCCESS,,2,0.022,2
DS2_016166_O4_UNICODE_ORTHOGRAPHIC_MILD,DS2_016166,DS2_kyyyy8_all,0,O4_UNICODE_ORTHOGRAPHIC,MILD,42,Can you be happy on someone else's happy day? have a chance to judge the person's happy day,Can you be happy on someone elsе's happy day? have a chance to judge the person's happy day,True,SUCCESS,,1,0.011,1
DS2_016166_O4_UNICODE_ORTHOGRAPHIC_STRONG,DS2_016166,DS2_kyyyy8_all,0,O4_UNICODE_ORTHOGRAPHIC,STRONG,42,Can you be happy on someone else's happy day? have a chance to judge the person's happy day,Can you be happy on sоmeone else's happy day? have a chance to judge the persоn's happy day,True,SUCCESS,,2,0.022,2
DS2_016306_NORMAL_NORMAL,DS2_016306,DS2_kyyyy8_all,0,NORMAL,NORMAL,42,"congrats guys, you deserve it!!","congrats guys, you deserve it!!",False,SUCCESS,,0,0.0,0
DS2_016306_O1_CHAR_SUBSTITUTION_MILD,DS2_016306,DS2_kyyyy8_all,0,O1_CHAR_SUBSTITUTION,MILD,42,"congrats guys, you deserve it!!","congr4ts guys, you deserve it!!",True,SUCCESS,,1,0.0323,1
DS2_016306_O1_CHAR_SUBSTITUTION_STRONG,DS2_016306,DS2_kyyyy8_all,0,O1_CHAR_SUBSTITUTION,STRONG,42,"congrats guys, you deserve it!!","con9r4ts guys, you de53rve it!!",True,SUCCESS,,4,0.129,2
DS2_016306_O2_CHAR_INSERT_DELETE_MILD,DS2_016306,DS2_kyyyy8_all,0,O2_CHAR_INSERT_DELETE,MILD,42,"congrats guys, you deserve it!!","congratts guys, you deserve it!!",True,SUCCESS,,1,0.0323,1
DS2_016306_O2_CHAR_INSERT_DELETE_STRONG,DS2_016306,DS2_kyyyy8_all,0,O2_CHAR_INSERT_DELETE,STRONG,42,"congrats guys, you deserve it!!","cngrats guyss, you deserve it!!",True,SUCCESS,,2,0.0645,2
DS2_016306_O3_WHITESPACE_MILD,DS2_016306,DS2_kyyyy8_all,0,O3_WHITESPACE,MILD,42,"congrats guys, you deserve it!!","c ongrats guys, you deserve it!!",True,SUCCESS,,1,0.0323,1
DS2_016306_O3_WHITESPACE_STRONG,DS2_016306,DS2_kyyyy8_all,0,O3_WHITESPACE,STRONG,42,"congrats guys, you deserve it!!","co ngrats guys, you deserv e it!!",True,SUCCESS,,2,0.0645,2
DS2_016306_O4_UNICODE_ORTHOGRAPHIC_MILD,DS2_016306,DS2_kyyyy8_all,0,O4_UNICODE_ORTHOGRAPHIC,MILD,42,"congrats guys, you deserve it!!","congrats guys, you deservе it!!",True,SUCCESS,,1,0.0323,1
DS2_016306_O4_UNICODE_ORTHOGRAPHIC_STRONG,DS2_016306,DS2_kyyyy8_all,0,O4_UNICODE_ORTHOGRAPHIC,STRONG,42,"congrats guys, you deserve it!!","congrats guuys, you deservе it!!",True,SUCCESS,,2,0.0645,2
DS2_016340_NORMAL_NORMAL,DS2_016340,DS2_kyyyy8_all,0,NORMAL,NORMAL,42,may this kind of love find me🌷✨,may this kind of love find me🌷✨,False,SUCCESS,,0,0.0,0
DS2_016340_O1_CHAR_SUBSTITUTION_MILD,DS2_016340,DS2_kyyyy8_all,0,O1_CHAR_SUBSTITUTION,MILD,42,may this kind of love find me🌷✨,may this kind of love f1nd me🌷✨,True,SUCCESS,,1,0.0323,1
DS2_016340_O1_CHAR_SUBSTITUTION_STRONG,DS2_016340,DS2_kyyyy8_all,0,O1_CHAR_SUBSTITUTION,STRONG,42,may this kind of love find me🌷✨,may 7h1s kind of l0v3 find me🌷✨,True,SUCCESS,,4,0.129,2
DS2_016340_O2_CHAR_INSERT_DELETE_MILD,DS2_016340,DS2_kyyyy8_all,0,O2_CHAR_INSERT_DELETE,MILD,42,may this kind of love find me🌷✨,may this kind of love fiind me🌷✨,True,SUCCESS,,1,0.0323,1
DS2_016340_O2_CHAR_INSERT_DELETE_STRONG,DS2_016340,DS2_kyyyy8_all,0,O2_CHAR_INSERT_DELETE,STRONG,42,may this kind of love find me🌷✨,may thhis kind of lovve find me🌷✨,True,SUCCESS,,2,0.0645,2
DS2_016340_O3_WHITESPACE_MILD,DS2_016340,DS2_kyyyy8_all,0,O3_WHITESPACE,MILD,42,may this kind of love find me🌷✨,may this k ind of love find me🌷✨,True,SUCCESS,,1,0.0323,1
DS2_016340_O3_WHITESPACE_STRONG,DS2_016340,DS2_kyyyy8_all,0,O3_WHITESPACE,STRONG,42,may this kind of love find me🌷✨,may thi s ki nd of love find me🌷✨,True,SUCCESS,,2,0.0645,2
DS2_016340_O4_UNICODE_ORTHOGRAPHIC_MILD,DS2_016340,DS2_kyyyy8_all,0,O4_UNICODE_ORTHOGRAPHIC,MILD,42,may this kind of love find me🌷✨,may thiis kind of love find me🌷✨,True,SUCCESS,,1,0.0323,1
DS2_016340_O4_UNICODE_ORTHOGRAPHIC_STRONG,DS2_016340,DS2_kyyyy8_all,0,O4_UNICODE_ORTHOGRAPHIC,STRONG,42,may this kind of love find me🌷✨,may this kind of lovе fiind me🌷✨,True,SUCCESS,,2,0.0645,2
DS2_016358_NORMAL_NORMAL,DS2_016358,DS2_kyyyy8_all,0,NORMAL,NORMAL,42,"aaa ikut netes air mata waktu jusa kasih cincinn, happy terus jenn ❤❤❤","aaa ikut netes air mata waktu jusa kasih cincinn, happy terus jenn ❤❤❤",False,SUCCESS,,0,0.0,0
DS2_016358_O1_CHAR_SUBSTITUTION_MILD,DS2_016358,DS2_kyyyy8_all,0,O1_CHAR_SUBSTITUTION,MILD,42,"aaa ikut netes air mata waktu jusa kasih cincinn, happy terus jenn ❤❤❤","aaa ikut netes air mata waktu jusa kasih c1ncinn, happy terus jenn ❤❤❤",True,SUCCESS,,1,0.0143,1
DS2_016358_O1_CHAR_SUBSTITUTION_STRONG,DS2_016358,DS2_kyyyy8_all,0,O1_CHAR_SUBSTITUTION,STRONG,42,"aaa ikut netes air mata waktu jusa kasih cincinn, happy terus jenn ❤❤❤","aaa ikut netes air mata w4k7u jusa k4s1h cincinn, happy terus jenn ❤❤❤",True,SUCCESS,,4,0.0571,2
DS2_016358_O2_CHAR_INSERT_DELETE_MILD,DS2_016358,DS2_kyyyy8_all,0,O2_CHAR_INSERT_DELETE,MILD,42,"aaa ikut netes air mata waktu jusa kasih cincinn, happy terus jenn ❤❤❤","aaa ikut netes air mata waktu jusa kassih cincinn, happy terus jenn ❤❤❤",True,SUCCESS,,1,0.0143,1
DS2_016358_O2_CHAR_INSERT_DELETE_STRONG,DS2_016358,DS2_kyyyy8_all,0,O2_CHAR_INSERT_DELETE,STRONG,42,"aaa ikut netes air mata waktu jusa kasih cincinn, happy terus jenn ❤❤❤","aaa ikut netes air mata wakktu jusa kasih cincinn, happy teerus jenn ❤❤❤",True,SUCCESS,,2,0.0286,2
DS2_016358_O3_WHITESPACE_MILD,DS2_016358,DS2_kyyyy8_all,0,O3_WHITESPACE,MILD,42,"aaa ikut netes air mata waktu jusa kasih cincinn, happy terus jenn ❤❤❤","aaa ikut netes air mata waktu jusa kasih cincinn, ha ppy terus jenn ❤❤❤",True,SUCCESS,,1,0.0143,1
DS2_016358_O3_WHITESPACE_STRONG,DS2_016358,DS2_kyyyy8_all,0,O3_WHITESPACE,STRONG,42,"aaa ikut netes air mata waktu jusa kasih cincinn, happy terus jenn ❤❤❤","aaa ikut netes air mata waktu jusa ka sih cincinn, ha ppy terus jenn ❤❤❤",True,SUCCESS,,2,0.0286,2
DS2_016358_O4_UNICODE_ORTHOGRAPHIC_MILD,DS2_016358,DS2_kyyyy8_all,0,O4_UNICODE_ORTHOGRAPHIC,MILD,42,"aaa ikut netes air mata waktu jusa kasih cincinn, happy terus jenn ❤❤❤","aaa ikuut netes air mata waktu jusa kasih cincinn, happy terus jenn ❤❤❤",True,SUCCESS,,1,0.0143,1
DS2_016358_O4_UNICODE_ORTHOGRAPHIC_STRONG,DS2_016358,DS2_kyyyy8_all,0,O4_UNICODE_ORTHOGRAPHIC,STRONG,42,"aaa ikut netes air mata waktu jusa kasih cincinn, happy terus jenn ❤❤❤","aaa ikut netеs air mata waktu jusа kasih cincinn, happy terus jenn ❤❤❤",True,SUCCESS,,2,0.0286,2
DS2_017109_NORMAL_NORMAL,DS2_017109,DS2_kyyyy8_all,0,NORMAL,NORMAL,42,Iloveyou all❤❤❤,Iloveyou all❤❤❤,False,SUCCESS,,0,0.0,0
DS2_017109_O1_CHAR_SUBSTITUTION_MILD,DS2_017109,DS2_kyyyy8_all,0,O1_CHAR_SUBSTITUTION,MILD,42,Iloveyou all❤❤❤,Il0veyou all❤❤❤,True,SUCCESS,,1,0.0667,1
DS2_017109_O1_CHAR_SUBSTITUTION_STRONG,DS2_017109,DS2_kyyyy8_all,0,O1_CHAR_SUBSTITUTION,STRONG,42,Iloveyou all❤❤❤,1l0veyou all❤❤❤,True,SUCCESS,,2,0.1333,1
DS2_017109_O2_CHAR_INSERT_DELETE_MILD,DS2_017109,DS2_kyyyy8_all,0,O2_CHAR_INSERT_DELETE,MILD,42,Iloveyou all❤❤❤,Ioveyou all❤❤❤,True,SUCCESS,,1,0.0667,1
DS2_017109_O2_CHAR_INSERT_DELETE_STRONG,DS2_017109,DS2_kyyyy8_all,0,O2_CHAR_INSERT_DELETE,STRONG,42,Iloveyou all❤❤❤,Iloveou all❤❤❤,True,SUCCESS,,1,0.0667,1
DS2_017109_O3_WHITESPACE_MILD,DS2_017109,DS2_kyyyy8_all,0,O3_WHITESPACE,MILD,42,Iloveyou all❤❤❤,I loveyou all❤❤❤,True,SUCCESS,,1,0.0667,1
DS2_017109_O3_WHITESPACE_STRONG,DS2_017109,DS2_kyyyy8_all,0,O3_WHITESPACE,STRONG,42,Iloveyou all❤❤❤,Iloveyo u all❤❤❤,True,SUCCESS,,1,0.0667,1
DS2_017109_O4_UNICODE_ORTHOGRAPHIC_MILD,DS2_017109,DS2_kyyyy8_all,0,O4_UNICODE_ORTHOGRAPHIC,MILD,42,Iloveyou all❤❤❤,Ilovеyou all❤❤❤,True,SUCCESS,,1,0.0667,1
DS2_017109_O4_UNICODE_ORTHOGRAPHIC_STRONG,DS2_017109,DS2_kyyyy8_all,0,O4_UNICODE_ORTHOGRAPHIC,STRONG,42,Iloveyou all❤❤❤,Iloveyоu all❤❤❤,True,SUCCESS,,1,0.0667,1
DS2_017320_NORMAL_NORMAL,DS2_017320,DS2_kyyyy8_all,0,NORMAL,NORMAL,42,"Haruuusss lanjuttt…, I’ ll be patient waiting ur vlog…❤","Haruuusss lanjuttt…, I’ ll be patient waiting ur vlog…❤",False,SUCCESS,,0,0.0,0
DS2_017320_O1_CHAR_SUBSTITUTION_MILD,DS2_017320,DS2_kyyyy8_all,0,O1_CHAR_SUBSTITUTION,MILD,42,"Haruuusss lanjuttt…, I’ ll be patient waiting ur vlog…❤","Haruuusss lanjuttt…, I’ ll be patient wait1ng ur vlog…❤",True,SUCCESS,,1,0.0182,1
DS2_017320_O1_CHAR_SUBSTITUTION_STRONG,DS2_017320,DS2_kyyyy8_all,0,O1_CHAR_SUBSTITUTION,STRONG,42,"Haruuusss lanjuttt…, I’ ll be patient waiting ur vlog…❤","Haruuusss lanjuttt…, I’ ll be pati3n7 waiting ur vl09…❤",True,SUCCESS,,4,0.0727,2
DS2_017320_O2_CHAR_INSERT_DELETE_MILD,DS2_017320,DS2_kyyyy8_all,0,O2_CHAR_INSERT_DELETE,MILD,42,"Haruuusss lanjuttt…, I’ ll be patient waiting ur vlog…❤","Haruuusss lanjuttt…, I’ ll be patient waitiing ur vlog…❤",True,SUCCESS,,1,0.0182,1
DS2_017320_O2_CHAR_INSERT_DELETE_STRONG,DS2_017320,DS2_kyyyy8_all,0,O2_CHAR_INSERT_DELETE,STRONG,42,"Haruuusss lanjuttt…, I’ ll be patient waiting ur vlog…❤","Haruuusss lanjuttt…, I’ ll be patent witing ur vlog…❤",True,SUCCESS,,2,0.0364,2
DS2_017320_O3_WHITESPACE_MILD,DS2_017320,DS2_kyyyy8_all,0,O3_WHITESPACE,MILD,42,"Haruuusss lanjuttt…, I’ ll be patient waiting ur vlog…❤","Haruuusss lanjuttt…, I’ ll be patient wa iting ur vlog…❤",True,SUCCESS,,1,0.0182,1
DS2_017320_O3_WHITESPACE_STRONG,DS2_017320,DS2_kyyyy8_all,0,O3_WHITESPACE,STRONG,42,"Haruuusss lanjuttt…, I’ ll be patient waiting ur vlog…❤","Haruu usss lanjuttt…, I’ ll be patient waiting ur vl og…❤",True,SUCCESS,,2,0.0364,2
DS2_017320_O4_UNICODE_ORTHOGRAPHIC_MILD,DS2_017320,DS2_kyyyy8_all,0,O4_UNICODE_ORTHOGRAPHIC,MILD,42,"Haruuusss lanjuttt…, I’ ll be patient waiting ur vlog…❤","Haruuusss lanjuttt…, I’ ll be patient wаiting ur vlog…❤",True,SUCCESS,,1,0.0182,1
DS2_017320_O4_UNICODE_ORTHOGRAPHIC_STRONG,DS2_017320,DS2_kyyyy8_all,0,O4_UNICODE_ORTHOGRAPHIC,STRONG,42,"Haruuusss lanjuttt…, I’ ll be patient waiting ur vlog…❤","Hаruuusss lanjuttt…, I’ ll be patient wаiting ur vlog…❤",True,SUCCESS,,2,0.0364,2
DS2_017368_NORMAL_NORMAL,DS2_017368,DS2_kyyyy8_all,0,NORMAL,NORMAL,42,Mayi bakalan bisa dengan banyak bahasa Indonesia ingglis Belanda bali👍,Mayi bakalan bisa dengan banyak bahasa Indonesia ingglis Belanda bali👍,False,SUCCESS,,0,0.0,0
DS2_017368_O1_CHAR_SUBSTITUTION_MILD,DS2_017368,DS2_kyyyy8_all,0,O1_CHAR_SUBSTITUTION,MILD,42,Mayi bakalan bisa dengan banyak bahasa Indonesia ingglis Belanda bali👍,Mayi bakalan b1sa dengan banyak bahasa Indonesia ingglis Belanda bali👍,True,SUCCESS,,1,0.0143,1
DS2_017368_O1_CHAR_SUBSTITUTION_STRONG,DS2_017368,DS2_kyyyy8_all,0,O1_CHAR_SUBSTITUTION,STRONG,42,Mayi bakalan bisa dengan banyak bahasa Indonesia ingglis Belanda bali👍,Mayi bakalan bisa dengan 84nyak bahasa Indonesia ingglis 8eland4 bali👍,True,SUCCESS,,4,0.0571,2
DS2_017368_O2_CHAR_INSERT_DELETE_MILD,DS2_017368,DS2_kyyyy8_all,0,O2_CHAR_INSERT_DELETE,MILD,42,Mayi bakalan bisa dengan banyak bahasa Indonesia ingglis Belanda bali👍,Mayi bakalan bisa dengaan banyak bahasa Indonesia ingglis Belanda bali👍,True,SUCCESS,,1,0.0143,1
DS2_017368_O2_CHAR_INSERT_DELETE_STRONG,DS2_017368,DS2_kyyyy8_all,0,O2_CHAR_INSERT_DELETE,STRONG,42,Mayi bakalan bisa dengan banyak bahasa Indonesia ingglis Belanda bali👍,Mayi bakalan bisa dengan banyak bahasa Idonesia ingglis Belanda baali👍,True,SUCCESS,,2,0.0286,2
DS2_017368_O3_WHITESPACE_MILD,DS2_017368,DS2_kyyyy8_all,0,O3_WHITESPACE,MILD,42,Mayi bakalan bisa dengan banyak bahasa Indonesia ingglis Belanda bali👍,Mayi bakalan bisa dengan banyak bahasa Indonesia ingglis Be landa bali👍,True,SUCCESS,,1,0.0143,1
DS2_017368_O3_WHITESPACE_STRONG,DS2_017368,DS2_kyyyy8_all,0,O3_WHITESPACE,STRONG,42,Mayi bakalan bisa dengan banyak bahasa Indonesia ingglis Belanda bali👍,Ma yi bakalan bisa dengan banyak bahasa I ndonesia ingglis Belanda bali👍,True,SUCCESS,,2,0.0286,2
DS2_017368_O4_UNICODE_ORTHOGRAPHIC_MILD,DS2_017368,DS2_kyyyy8_all,0,O4_UNICODE_ORTHOGRAPHIC,MILD,42,Mayi bakalan bisa dengan banyak bahasa Indonesia ingglis Belanda bali👍,Mаyi bakalan bisa dengan banyak bahasa Indonesia ingglis Belanda bali👍,True,SUCCESS,,1,0.0143,1
DS2_017368_O4_UNICODE_ORTHOGRAPHIC_STRONG,DS2_017368,DS2_kyyyy8_all,0,O4_UNICODE_ORTHOGRAPHIC,STRONG,42,Mayi bakalan bisa dengan banyak bahasa Indonesia ingglis Belanda bali👍,Mayi bаkalan bisa dengan banyak bahasa Indonesia inggliis Belanda bali👍,True,SUCCESS,,2,0.0286,2
DS2_017590_NORMAL_NORMAL,DS2_017590,DS2_kyyyy8_all,0,NORMAL,NORMAL,42,HUBNER Familie Is Sulawesi Joodse Nederland 🇳🇱 🇮🇱 🇮🇩,HUBNER Familie Is Sulawesi Joodse Nederland 🇳🇱 🇮🇱 🇮🇩,False,SUCCESS,,0,0.0,0
DS2_017590_O1_CHAR_SUBSTITUTION_MILD,DS2_017590,DS2_kyyyy8_all,0,O1_CHAR_SUBSTITUTION,MILD,42,HUBNER Familie Is Sulawesi Joodse Nederland 🇳🇱 🇮🇱 🇮🇩,HUBNER F4milie Is Sulawesi Joodse Nederland 🇳🇱 🇮🇱 🇮🇩,True,SUCCESS,,1,0.0192,1
DS2_017590_O1_CHAR_SUBSTITUTION_STRONG,DS2_017590,DS2_kyyyy8_all,0,O1_CHAR_SUBSTITUTION,STRONG,42,HUBNER Familie Is Sulawesi Joodse Nederland 🇳🇱 🇮🇱 🇮🇩,HUBNER Famil13 Is Sulawesi Joodse N3derl4nd 🇳🇱 🇮🇱 🇮🇩,True,SUCCESS,,4,0.0769,2
DS2_017590_O2_CHAR_INSERT_DELETE_MILD,DS2_017590,DS2_kyyyy8_all,0,O2_CHAR_INSERT_DELETE,MILD,42,HUBNER Familie Is Sulawesi Joodse Nederland 🇳🇱 🇮🇱 🇮🇩,HUBNER Familie Is Sullawesi Joodse Nederland 🇳🇱 🇮🇱 🇮🇩,True,SUCCESS,,1,0.0192,1
DS2_017590_O2_CHAR_INSERT_DELETE_STRONG,DS2_017590,DS2_kyyyy8_all,0,O2_CHAR_INSERT_DELETE,STRONG,42,HUBNER Familie Is Sulawesi Joodse Nederland 🇳🇱 🇮🇱 🇮🇩,HUBNER Familie Is Sulawwesi Joodse Nederlnd 🇳🇱 🇮🇱 🇮🇩,True,SUCCESS,,2,0.0385,2
DS2_017590_O3_WHITESPACE_MILD,DS2_017590,DS2_kyyyy8_all,0,O3_WHITESPACE,MILD,42,HUBNER Familie Is Sulawesi Joodse Nederland 🇳🇱 🇮🇱 🇮🇩,HUBNER Famil ie Is Sulawesi Joodse Nederland 🇳🇱 🇮🇱 🇮🇩,True,SUCCESS,,1,0.0192,1
DS2_017590_O3_WHITESPACE_STRONG,DS2_017590,DS2_kyyyy8_all,0,O3_WHITESPACE,STRONG,42,HUBNER Familie Is Sulawesi Joodse Nederland 🇳🇱 🇮🇱 🇮🇩,HUB NER Familie Is S ulawesi Joodse Nederland 🇳🇱 🇮🇱 🇮🇩,True,SUCCESS,,2,0.0385,2
DS2_017590_O4_UNICODE_ORTHOGRAPHIC_MILD,DS2_017590,DS2_kyyyy8_all,0,O4_UNICODE_ORTHOGRAPHIC,MILD,42,HUBNER Familie Is Sulawesi Joodse Nederland 🇳🇱 🇮🇱 🇮🇩,HUBNЕR Familie Is Sulawesi Joodse Nederland 🇳🇱 🇮🇱 🇮🇩,True,SUCCESS,,1,0.0192,1
DS2_017590_O4_UNICODE_ORTHOGRAPHIC_STRONG,DS2_017590,DS2_kyyyy8_all,0,O4_UNICODE_ORTHOGRAPHIC,STRONG,42,HUBNER Familie Is Sulawesi Joodse Nederland 🇳🇱 🇮🇱 🇮🇩,HUBNER Fаmilie Is Sulawesi Jоodse Nederland 🇳🇱 🇮🇱 🇮🇩,True,SUCCESS,,2,0.0385,2
DS2_017657_NORMAL_NORMAL,DS2_017657,DS2_kyyyy8_all,0,NORMAL,NORMAL,42,Lucu syekali keluarga kecil ini🥰,Lucu syekali keluarga kecil ini🥰,False,SUCCESS,,0,0.0,0
DS2_017657_O1_CHAR_SUBSTITUTION_MILD,DS2_017657,DS2_kyyyy8_all,0,O1_CHAR_SUBSTITUTION,MILD,42,Lucu syekali keluarga kecil ini🥰,Lucu syekali keluar9a kecil ini🥰,True,SUCCESS,,1,0.0312,1
DS2_017657_O1_CHAR_SUBSTITUTION_STRONG,DS2_017657,DS2_kyyyy8_all,0,O1_CHAR_SUBSTITUTION,STRONG,42,Lucu syekali keluarga kecil ini🥰,Lucu sy3kal1 keluarga k3c1l ini🥰,True,SUCCESS,,4,0.125,2
DS2_017657_O2_CHAR_INSERT_DELETE_MILD,DS2_017657,DS2_kyyyy8_all,0,O2_CHAR_INSERT_DELETE,MILD,42,Lucu syekali keluarga kecil ini🥰,Lucu syekali keluarga kecl ini🥰,True,SUCCESS,,1,0.0312,1
DS2_017657_O2_CHAR_INSERT_DELETE_STRONG,DS2_017657,DS2_kyyyy8_all,0,O2_CHAR_INSERT_DELETE,STRONG,42,Lucu syekali keluarga kecil ini🥰,Luccu syekali keluarga keecil ini🥰,True,SUCCESS,,2,0.0625,2
DS2_017657_O3_WHITESPACE_MILD,DS2_017657,DS2_kyyyy8_all,0,O3_WHITESPACE,MILD,42,Lucu syekali keluarga kecil ini🥰,Lucu syekal i keluarga kecil ini🥰,True,SUCCESS,,1,0.0312,1
DS2_017657_O3_WHITESPACE_STRONG,DS2_017657,DS2_kyyyy8_all,0,O3_WHITESPACE,STRONG,42,Lucu syekali keluarga kecil ini🥰,L ucu syekali keluarga k ecil ini🥰,True,SUCCESS,,2,0.0625,2
DS2_017657_O4_UNICODE_ORTHOGRAPHIC_MILD,DS2_017657,DS2_kyyyy8_all,0,O4_UNICODE_ORTHOGRAPHIC,MILD,42,Lucu syekali keluarga kecil ini🥰,Lucu syekali keluarga keсil ini🥰,True,SUCCESS,,1,0.0312,1
DS2_017657_O4_UNICODE_ORTHOGRAPHIC_STRONG,DS2_017657,DS2_kyyyy8_all,0,O4_UNICODE_ORTHOGRAPHIC,STRONG,42,Lucu syekali keluarga kecil ini🥰,Lucu syekаli keluаrga kecil ini🥰,True,SUCCESS,,2,0.0625,2
DS2_018022_NORMAL_NORMAL,DS2_018022,DS2_kyyyy8_all,0,NORMAL,NORMAL,42,Di tunggu vlog lainya mayiii❤❤,Di tunggu vlog lainya mayiii❤❤,False,SUCCESS,,0,0.0,0
DS2_018022_O1_CHAR_SUBSTITUTION_MILD,DS2_018022,DS2_kyyyy8_all,0,O1_CHAR_SUBSTITUTION,MILD,42,Di tunggu vlog lainya mayiii❤❤,Di tunggu vlog lainya m4yiii❤❤,True,SUCCESS,,1,0.0333,1
DS2_018022_O1_CHAR_SUBSTITUTION_STRONG,DS2_018022,DS2_kyyyy8_all,0,O1_CHAR_SUBSTITUTION,STRONG,42,Di tunggu vlog lainya mayiii❤❤,Di tun99u vlog lainya m4yii1❤❤,True,SUCCESS,,4,0.1333,2
DS2_018022_O2_CHAR_INSERT_DELETE_MILD,DS2_018022,DS2_kyyyy8_all,0,O2_CHAR_INSERT_DELETE,MILD,42,Di tunggu vlog lainya mayiii❤❤,Di tunggu vlog lainyya mayiii❤❤,True,SUCCESS,,1,0.0333,1
DS2_018022_O2_CHAR_INSERT_DELETE_STRONG,DS2_018022,DS2_kyyyy8_all,0,O2_CHAR_INSERT_DELETE,STRONG,42,Di tunggu vlog lainya mayiii❤❤,Di tuunggu vlog lainya mayii❤❤,True,SUCCESS,,2,0.0667,2
DS2_018022_O3_WHITESPACE_MILD,DS2_018022,DS2_kyyyy8_all,0,O3_WHITESPACE,MILD,42,Di tunggu vlog lainya mayiii❤❤,Di tunggu vlog l ainya mayiii❤❤,True,SUCCESS,,1,0.0333,1
DS2_018022_O3_WHITESPACE_STRONG,DS2_018022,DS2_kyyyy8_all,0,O3_WHITESPACE,STRONG,42,Di tunggu vlog lainya mayiii❤❤,Di tunggu vlog la inya mayii i❤❤,True,SUCCESS,,2,0.0667,2
DS2_018022_O4_UNICODE_ORTHOGRAPHIC_MILD,DS2_018022,DS2_kyyyy8_all,0,O4_UNICODE_ORTHOGRAPHIC,MILD,42,Di tunggu vlog lainya mayiii❤❤,Di tungguu vlog lainya mayiii❤❤,True,SUCCESS,,1,0.0333,1
DS2_018022_O4_UNICODE_ORTHOGRAPHIC_STRONG,DS2_018022,DS2_kyyyy8_all,0,O4_UNICODE_ORTHOGRAPHIC,STRONG,42,Di tunggu vlog lainya mayiii❤❤,Di tuunggu vlog lainya mаyiii❤❤,True,SUCCESS,,2,0.0667,2
DS2_018266_NORMAL_NORMAL,DS2_018266,DS2_kyyyy8_all,0,NORMAL,NORMAL,42,jantungan sumpah ini game,jantungan sumpah ini game,False,SUCCESS,,0,0.0,0
DS2_018266_O1_CHAR_SUBSTITUTION_MILD,DS2_018266,DS2_kyyyy8_all,0,O1_CHAR_SUBSTITUTION,MILD,42,jantungan sumpah ini game,jantungan sumpah ini 9ame,True,SUCCESS,,1,0.04,1
DS2_018266_O1_CHAR_SUBSTITUTION_STRONG,DS2_018266,DS2_kyyyy8_all,0,O1_CHAR_SUBSTITUTION,STRONG,42,jantungan sumpah ini game,jantungan 5ump4h ini g4m3,True,SUCCESS,,4,0.16,2
DS2_018266_O2_CHAR_INSERT_DELETE_MILD,DS2_018266,DS2_kyyyy8_all,0,O2_CHAR_INSERT_DELETE,MILD,42,jantungan sumpah ini game,jatungan sumpah ini game,True,SUCCESS,,1,0.04,1
DS2_018266_O2_CHAR_INSERT_DELETE_STRONG,DS2_018266,DS2_kyyyy8_all,0,O2_CHAR_INSERT_DELETE,STRONG,42,jantungan sumpah ini game,janntungan sumpaah ini game,True,SUCCESS,,2,0.08,2
DS2_018266_O3_WHITESPACE_MILD,DS2_018266,DS2_kyyyy8_all,0,O3_WHITESPACE,MILD,42,jantungan sumpah ini game,jantungan sum pah ini game,True,SUCCESS,,1,0.04,1
DS2_018266_O3_WHITESPACE_STRONG,DS2_018266,DS2_kyyyy8_all,0,O3_WHITESPACE,STRONG,42,jantungan sumpah ini game,jantungan s umpah ini ga me,True,SUCCESS,,2,0.08,2
DS2_018266_O4_UNICODE_ORTHOGRAPHIC_MILD,DS2_018266,DS2_kyyyy8_all,0,O4_UNICODE_ORTHOGRAPHIC,MILD,42,jantungan sumpah ini game,jantungan sumpah ini gаme,True,SUCCESS,,1,0.04,1
DS2_018266_O4_UNICODE_ORTHOGRAPHIC_STRONG,DS2_018266,DS2_kyyyy8_all,0,O4_UNICODE_ORTHOGRAPHIC,STRONG,42,jantungan sumpah ini game,jantungаn sumрah ini game,True,SUCCESS,,2,0.08,2
DS2_018543_NORMAL_NORMAL,DS2_018543,DS2_kyyyy8_all,0,NORMAL,NORMAL,42,"BANGGA BGTTT qeel sama kamu, semoga makin sukses dan bersinar kariernya love banyak2","BANGGA BGTTT qeel sama kamu, semoga makin sukses dan bersinar kariernya love banyak2",False,SUCCESS,,0,0.0,0
DS2_018543_O1_CHAR_SUBSTITUTION_MILD,DS2_018543,DS2_kyyyy8_all,0,O1_CHAR_SUBSTITUTION,MILD,42,"BANGGA BGTTT qeel sama kamu, semoga makin sukses dan bersinar kariernya love banyak2","BANGGA BGTTT qeel sama kamu, semoga makin sukses dan bersinar kariernya l0ve banyak2",True,SUCCESS,,1,0.0119,1
DS2_018543_O1_CHAR_SUBSTITUTION_STRONG,DS2_018543,DS2_kyyyy8_all,0,O1_CHAR_SUBSTITUTION,STRONG,42,"BANGGA BGTTT qeel sama kamu, semoga makin sukses dan bersinar kariernya love banyak2","BANGGA BGTTT q33l 5am4 kamu, semoga makin sukses dan bersinar kariernya love banyak2",True,SUCCESS,,4,0.0476,2
DS2_018543_O2_CHAR_INSERT_DELETE_MILD,DS2_018543,DS2_kyyyy8_all,0,O2_CHAR_INSERT_DELETE,MILD,42,"BANGGA BGTTT qeel sama kamu, semoga makin sukses dan bersinar kariernya love banyak2","BANGA BGTTT qeel sama kamu, semoga makin sukses dan bersinar kariernya love banyak2",True,SUCCESS,,1,0.0119,1
DS2_018543_O2_CHAR_INSERT_DELETE_STRONG,DS2_018543,DS2_kyyyy8_all,0,O2_CHAR_INSERT_DELETE,STRONG,42,"BANGGA BGTTT qeel sama kamu, semoga makin sukses dan bersinar kariernya love banyak2","BANGGA BGTTTT qeel sama kamu, semoga makin sukses dan bersinar karierya love banyak2",True,SUCCESS,,2,0.0238,2
DS2_018543_O3_WHITESPACE_MILD,DS2_018543,DS2_kyyyy8_all,0,O3_WHITESPACE,MILD,42,"BANGGA BGTTT qeel sama kamu, semoga makin sukses dan bersinar kariernya love banyak2","BANGGA BGTTT qeel sama kamu, semoga makin sukses dan bersinar kar iernya love banyak2",True,SUCCESS,,1,0.0119,1
DS2_018543_O3_WHITESPACE_STRONG,DS2_018543,DS2_kyyyy8_all,0,O3_WHITESPACE,STRONG,42,"BANGGA BGTTT qeel sama kamu, semoga makin sukses dan bersinar kariernya love banyak2","BANGGA BGTTT qeel sama kamu, semoga makin sukses dan bersinar karierny a lov e banyak2",True,SUCCESS,,2,0.0238,2
DS2_018543_O4_UNICODE_ORTHOGRAPHIC_MILD,DS2_018543,DS2_kyyyy8_all,0,O4_UNICODE_ORTHOGRAPHIC,MILD,42,"BANGGA BGTTT qeel sama kamu, semoga makin sukses dan bersinar kariernya love banyak2","BANGGA BGTTT qeel sama kamu, semoga makin sukses dan bersinar kariernya lovе banyak2",True,SUCCESS,,1,0.0119,1
DS2_018543_O4_UNICODE_ORTHOGRAPHIC_STRONG,DS2_018543,DS2_kyyyy8_all,0,O4_UNICODE_ORTHOGRAPHIC,STRONG,42,"BANGGA BGTTT qeel sama kamu, semoga makin sukses dan bersinar kariernya love banyak2","BANGGA BGTTTT qeel sаma kamu, semoga makin sukses dan bersinar kariernya love banyak2",True,SUCCESS,,2,0.0238,2
DS2_018918_NORMAL_NORMAL,DS2_018918,DS2_kyyyy8_all,0,NORMAL,NORMAL,42,Aqeelaaaa sering² bikin vlog yaaaa 😭😭🫶🏻🫶🏻,Aqeelaaaa sering² bikin vlog yaaaa 😭😭🫶🏻🫶🏻,False,SUCCESS,,0,0.0,0
DS2_018918_O1_CHAR_SUBSTITUTION_MILD,DS2_018918,DS2_kyyyy8_all,0,O1_CHAR_SUBSTITUTION,MILD,42,Aqeelaaaa sering² bikin vlog yaaaa 😭😭🫶🏻🫶🏻,Aqeelaaaa sering² b1kin vlog yaaaa 😭😭🫶🏻🫶🏻,True,SUCCESS,,1,0.0244,1
DS2_018918_O1_CHAR_SUBSTITUTION_STRONG,DS2_018918,DS2_kyyyy8_all,0,O1_CHAR_SUBSTITUTION,STRONG,42,Aqeelaaaa sering² bikin vlog yaaaa 😭😭🫶🏻🫶🏻,Aqeelaaaa sering² 81kin vl09 yaaaa 😭😭🫶🏻🫶🏻,True,SUCCESS,,4,0.0976,2
DS2_018918_O2_CHAR_INSERT_DELETE_MILD,DS2_018918,DS2_kyyyy8_all,0,O2_CHAR_INSERT_DELETE,MILD,42,Aqeelaaaa sering² bikin vlog yaaaa 😭😭🫶🏻🫶🏻,Aqeelaaaa serng² bikin vlog yaaaa 😭😭🫶🏻🫶🏻,True,SUCCESS,,1,0.0244,1
DS2_018918_O2_CHAR_INSERT_DELETE_STRONG,DS2_018918,DS2_kyyyy8_all,0,O2_CHAR_INSERT_DELETE,STRONG,42,Aqeelaaaa sering² bikin vlog yaaaa 😭😭🫶🏻🫶🏻,Aqeeelaaaa serin² bikin vlog yaaaa 😭😭🫶🏻🫶🏻,True,SUCCESS,,2,0.0488,2
DS2_018918_O3_WHITESPACE_MILD,DS2_018918,DS2_kyyyy8_all,0,O3_WHITESPACE,MILD,42,Aqeelaaaa sering² bikin vlog yaaaa 😭😭🫶🏻🫶🏻,Aqeelaaaa seri ng² bikin vlog yaaaa 😭😭🫶🏻🫶🏻,True,SUCCESS,,1,0.0244,1
DS2_018918_O3_WHITESPACE_STRONG,DS2_018918,DS2_kyyyy8_all,0,O3_WHITESPACE,STRONG,42,Aqeelaaaa sering² bikin vlog yaaaa 😭😭🫶🏻🫶🏻,Aqeelaaaa sering² bik in vlog ya aaa 😭😭🫶🏻🫶🏻,True,SUCCESS,,2,0.0488,2
DS2_018918_O4_UNICODE_ORTHOGRAPHIC_MILD,DS2_018918,DS2_kyyyy8_all,0,O4_UNICODE_ORTHOGRAPHIC,MILD,42,Aqeelaaaa sering² bikin vlog yaaaa 😭😭🫶🏻🫶🏻,Aqeelaaaa sering² bikiin vlog yaaaa 😭😭🫶🏻🫶🏻,True,SUCCESS,,1,0.0244,1
DS2_018918_O4_UNICODE_ORTHOGRAPHIC_STRONG,DS2_018918,DS2_kyyyy8_all,0,O4_UNICODE_ORTHOGRAPHIC,STRONG,42,Aqeelaaaa sering² bikin vlog yaaaa 😭😭🫶🏻🫶🏻,Аqeelaaaa sering² bikin vlog yaаaa 😭😭🫶🏻🫶🏻,True,SUCCESS,,2,0.0488,2
DS2_019013_NORMAL_NORMAL,DS2_019013,DS2_kyyyy8_all,0,NORMAL,NORMAL,42,ngakak bgttt liatt sii wiliamm,ngakak bgttt liatt sii wiliamm,False,SUCCESS,,0,0.0,0
DS2_019013_O1_CHAR_SUBSTITUTION_MILD,DS2_019013,DS2_kyyyy8_all,0,O1_CHAR_SUBSTITUTION,MILD,42,ngakak bgttt liatt sii wiliamm,ngakak bgttt liatt sii wil1amm,True,SUCCESS,,1,0.0333,1
DS2_019013_O1_CHAR_SUBSTITUTION_STRONG,DS2_019013,DS2_kyyyy8_all,0,O1_CHAR_SUBSTITUTION,STRONG,42,ngakak bgttt liatt sii wiliamm,ngakak 89ttt l14tt sii wiliamm,True,SUCCESS,,4,0.1333,2
DS2_019013_O2_CHAR_INSERT_DELETE_MILD,DS2_019013,DS2_kyyyy8_all,0,O2_CHAR_INSERT_DELETE,MILD,42,ngakak bgttt liatt sii wiliamm,ngakak bgttt liiatt sii wiliamm,True,SUCCESS,,1,0.0333,1
DS2_019013_O2_CHAR_INSERT_DELETE_STRONG,DS2_019013,DS2_kyyyy8_all,0,O2_CHAR_INSERT_DELETE,STRONG,42,ngakak bgttt liatt sii wiliamm,ngakak bttt liatt sii wiliammm,True,SUCCESS,,2,0.0667,2
DS2_019013_O3_WHITESPACE_MILD,DS2_019013,DS2_kyyyy8_all,0,O3_WHITESPACE,MILD,42,ngakak bgttt liatt sii wiliamm,ngak ak bgttt liatt sii wiliamm,True,SUCCESS,,1,0.0333,1
DS2_019013_O3_WHITESPACE_STRONG,DS2_019013,DS2_kyyyy8_all,0,O3_WHITESPACE,STRONG,42,ngakak bgttt liatt sii wiliamm,ngakak bgtt t li att sii wiliamm,True,SUCCESS,,2,0.0667,2
DS2_019013_O4_UNICODE_ORTHOGRAPHIC_MILD,DS2_019013,DS2_kyyyy8_all,0,O4_UNICODE_ORTHOGRAPHIC,MILD,42,ngakak bgttt liatt sii wiliamm,ngakak bgtttt liatt sii wiliamm,True,SUCCESS,,1,0.0333,1
DS2_019013_O4_UNICODE_ORTHOGRAPHIC_STRONG,DS2_019013,DS2_kyyyy8_all,0,O4_UNICODE_ORTHOGRAPHIC,STRONG,42,ngakak bgttt liatt sii wiliamm,ngаkak bgttt liatt sii wiliаmm,True,SUCCESS,,2,0.0667,2
DS2_019499_NORMAL_NORMAL,DS2_019499,DS2_kyyyy8_all,0,NORMAL,NORMAL,42,Qeel aku nungguin vlog kamu loh,Qeel aku nungguin vlog kamu loh,False,SUCCESS,,0,0.0,0
DS2_019499_O1_CHAR_SUBSTITUTION_MILD,DS2_019499,DS2_kyyyy8_all,0,O1_CHAR_SUBSTITUTION,MILD,42,Qeel aku nungguin vlog kamu loh,Q3el aku nungguin vlog kamu loh,True,SUCCESS,,1,0.0323,1
DS2_019499_O1_CHAR_SUBSTITUTION_STRONG,DS2_019499,DS2_kyyyy8_all,0,O1_CHAR_SUBSTITUTION,STRONG,42,Qeel aku nungguin vlog kamu loh,Q33l aku nun99uin vlog kamu loh,True,SUCCESS,,4,0.129,2
DS2_019499_O2_CHAR_INSERT_DELETE_MILD,DS2_019499,DS2_kyyyy8_all,0,O2_CHAR_INSERT_DELETE,MILD,42,Qeel aku nungguin vlog kamu loh,Qeel aku nunggun vlog kamu loh,True,SUCCESS,,1,0.0323,1
DS2_019499_O2_CHAR_INSERT_DELETE_STRONG,DS2_019499,DS2_kyyyy8_all,0,O2_CHAR_INSERT_DELETE,STRONG,42,Qeel aku nungguin vlog kamu loh,Qeeel aku nungguin vlog kaamu loh,True,SUCCESS,,2,0.0645,2
DS2_019499_O3_WHITESPACE_MILD,DS2_019499,DS2_kyyyy8_all,0,O3_WHITESPACE,MILD,42,Qeel aku nungguin vlog kamu loh,Qeel aku nu ngguin vlog kamu loh,True,SUCCESS,,1,0.0323,1
DS2_019499_O3_WHITESPACE_STRONG,DS2_019499,DS2_kyyyy8_all,0,O3_WHITESPACE,STRONG,42,Qeel aku nungguin vlog kamu loh,Q eel aku nungguin vlog kam u loh,True,SUCCESS,,2,0.0645,2
DS2_019499_O4_UNICODE_ORTHOGRAPHIC_MILD,DS2_019499,DS2_kyyyy8_all,0,O4_UNICODE_ORTHOGRAPHIC,MILD,42,Qeel aku nungguin vlog kamu loh,Qeel aku nungguin vlоg kamu loh,True,SUCCESS,,1,0.0323,1
DS2_019499_O4_UNICODE_ORTHOGRAPHIC_STRONG,DS2_019499,DS2_kyyyy8_all,0,O4_UNICODE_ORTHOGRAPHIC,STRONG,42,Qeel aku nungguin vlog kamu loh,Qeel aku nungguin vlоg kаmu loh,True,SUCCESS,,2,0.0645,2
DS2_019653_NORMAL_NORMAL,DS2_019653,DS2_kyyyy8_all,0,NORMAL,NORMAL,42,"yeayyyy, sering sering vlog dong qeel","yeayyyy, sering sering vlog dong qeel",False,SUCCESS,,0,0.0,0
DS2_019653_O1_CHAR_SUBSTITUTION_MILD,DS2_019653,DS2_kyyyy8_all,0,O1_CHAR_SUBSTITUTION,MILD,42,"yeayyyy, sering sering vlog dong qeel","yeayyyy, sering sering vlo9 dong qeel",True,SUCCESS,,1,0.027,1
DS2_019653_O1_CHAR_SUBSTITUTION_STRONG,DS2_019653,DS2_kyyyy8_all,0,O1_CHAR_SUBSTITUTION,STRONG,42,"yeayyyy, sering sering vlog dong qeel","y34yyyy, sering ser1n9 vlog dong qeel",True,SUCCESS,,4,0.1081,2
DS2_019653_O2_CHAR_INSERT_DELETE_MILD,DS2_019653,DS2_kyyyy8_all,0,O2_CHAR_INSERT_DELETE,MILD,42,"yeayyyy, sering sering vlog dong qeel","yeayyyy, sering sering vlog dong qeeel",True,SUCCESS,,1,0.027,1
DS2_019653_O2_CHAR_INSERT_DELETE_STRONG,DS2_019653,DS2_kyyyy8_all,0,O2_CHAR_INSERT_DELETE,STRONG,42,"yeayyyy, sering sering vlog dong qeel","yeayyyyy, sering sering vlog donng qeel",True,SUCCESS,,2,0.0541,2
DS2_019653_O3_WHITESPACE_MILD,DS2_019653,DS2_kyyyy8_all,0,O3_WHITESPACE,MILD,42,"yeayyyy, sering sering vlog dong qeel","yeayyyy, sering sering vlog d ong qeel",True,SUCCESS,,1,0.027,1
DS2_019653_O3_WHITESPACE_STRONG,DS2_019653,DS2_kyyyy8_all,0,O3_WHITESPACE,STRONG,42,"yeayyyy, sering sering vlog dong qeel","yeayyyy, sering sering v log dong qee l",True,SUCCESS,,2,0.0541,2
DS2_019653_O4_UNICODE_ORTHOGRAPHIC_MILD,DS2_019653,DS2_kyyyy8_all,0,O4_UNICODE_ORTHOGRAPHIC,MILD,42,"yeayyyy, sering sering vlog dong qeel","yeayyyy, sеring sering vlog dong qeel",True,SUCCESS,,1,0.027,1
DS2_019653_O4_UNICODE_ORTHOGRAPHIC_STRONG,DS2_019653,DS2_kyyyy8_all,0,O4_UNICODE_ORTHOGRAPHIC,STRONG,42,"yeayyyy, sering sering vlog dong qeel","yeayyyy, sering sеring vlog dong qeеl",True,SUCCESS,,2,0.0541,2
DS2_019959_NORMAL_NORMAL,DS2_019959,DS2_kyyyy8_all,0,NORMAL,NORMAL,42,ngevlog di loksyut lagi dong qeel,ngevlog di loksyut lagi dong qeel,False,SUCCESS,,0,0.0,0
DS2_019959_O1_CHAR_SUBSTITUTION_MILD,DS2_019959,DS2_kyyyy8_all,0,O1_CHAR_SUBSTITUTION,MILD,42,ngevlog di loksyut lagi dong qeel,ngevlog di l0ksyut lagi dong qeel,True,SUCCESS,,1,0.0303,1
DS2_019959_O1_CHAR_SUBSTITUTION_STRONG,DS2_019959,DS2_kyyyy8_all,0,O1_CHAR_SUBSTITUTION,STRONG,42,ngevlog di loksyut lagi dong qeel,n9evlo9 di l0k5yut lagi dong qeel,True,SUCCESS,,4,0.1212,2
DS2_019959_O2_CHAR_INSERT_DELETE_MILD,DS2_019959,DS2_kyyyy8_all,0,O2_CHAR_INSERT_DELETE,MILD,42,ngevlog di loksyut lagi dong qeel,ngeevlog di loksyut lagi dong qeel,True,SUCCESS,,1,0.0303,1
DS2_019959_O2_CHAR_INSERT_DELETE_STRONG,DS2_019959,DS2_kyyyy8_all,0,O2_CHAR_INSERT_DELETE,STRONG,42,ngevlog di loksyut lagi dong qeel,ngevlog di lokyut lagi dong qeeel,True,SUCCESS,,2,0.0606,2
DS2_019959_O3_WHITESPACE_MILD,DS2_019959,DS2_kyyyy8_all,0,O3_WHITESPACE,MILD,42,ngevlog di loksyut lagi dong qeel,ngevlog di loks yut lagi dong qeel,True,SUCCESS,,1,0.0303,1
DS2_019959_O3_WHITESPACE_STRONG,DS2_019959,DS2_kyyyy8_all,0,O3_WHITESPACE,STRONG,42,ngevlog di loksyut lagi dong qeel,ngev log di loksyut l agi dong qeel,True,SUCCESS,,2,0.0606,2
DS2_019959_O4_UNICODE_ORTHOGRAPHIC_MILD,DS2_019959,DS2_kyyyy8_all,0,O4_UNICODE_ORTHOGRAPHIC,MILD,42,ngevlog di loksyut lagi dong qeel,ngevlog di lоksyut lagi dong qeel,True,SUCCESS,,1,0.0303,1
DS2_019959_O4_UNICODE_ORTHOGRAPHIC_STRONG,DS2_019959,DS2_kyyyy8_all,0,O4_UNICODE_ORTHOGRAPHIC,STRONG,42,ngevlog di loksyut lagi dong qeel,ngevlоg di loksyut lagi dong qеel,True,SUCCESS,,2,0.0606,2
DS2_020071_NORMAL_NORMAL,DS2_020071,DS2_kyyyy8_all,0,NORMAL,NORMAL,42,​@AnisSalsabilla-o1kbole bolee,​@AnisSalsabilla-o1kbole bolee,False,SUCCESS,,0,0.0,0
DS2_020071_O1_CHAR_SUBSTITUTION_MILD,DS2_020071,DS2_kyyyy8_all,0,O1_CHAR_SUBSTITUTION,MILD,42,​@AnisSalsabilla-o1kbole bolee,​@AnisSalsabilla-o1kbole 8olee,True,SUCCESS,,1,0.0333,1
DS2_020071_O1_CHAR_SUBSTITUTION_STRONG,DS2_020071,DS2_kyyyy8_all,0,O1_CHAR_SUBSTITUTION,STRONG,42,​@AnisSalsabilla-o1kbole bolee,​@4nis5alsabilla-o1kbole 8ole3,True,SUCCESS,,4,0.1333,2
DS2_020071_O2_CHAR_INSERT_DELETE_MILD,DS2_020071,DS2_kyyyy8_all,0,O2_CHAR_INSERT_DELETE,MILD,42,​@AnisSalsabilla-o1kbole bolee,​@AnisSalsabilla-o1kbole boolee,True,SUCCESS,,1,0.0333,1
DS2_020071_O2_CHAR_INSERT_DELETE_STRONG,DS2_020071,DS2_kyyyy8_all,0,O2_CHAR_INSERT_DELETE,STRONG,42,​@AnisSalsabilla-o1kbole bolee,​@AnisSaalsabilla-o1kbole bollee,True,SUCCESS,,2,0.0667,2
DS2_020071_O3_WHITESPACE_MILD,DS2_020071,DS2_kyyyy8_all,0,O3_WHITESPACE,MILD,42,​@AnisSalsabilla-o1kbole bolee,​@AnisSalsabill a-o1kbole bolee,True,SUCCESS,,1,0.0333,1
DS2_020071_O3_WHITESPACE_STRONG,DS2_020071,DS2_kyyyy8_all,0,O3_WHITESPACE,STRONG,42,​@AnisSalsabilla-o1kbole bolee,​@AnisSalsabilla-o1kbo le bole e,True,SUCCESS,,2,0.0667,2
DS2_020071_O4_UNICODE_ORTHOGRAPHIC_MILD,DS2_020071,DS2_kyyyy8_all,0,O4_UNICODE_ORTHOGRAPHIC,MILD,42,​@AnisSalsabilla-o1kbole bolee,​@AnisSalsabillа-o1kbole bolee,True,SUCCESS,,1,0.0333,1
DS2_020071_O4_UNICODE_ORTHOGRAPHIC_STRONG,DS2_020071,DS2_kyyyy8_all,0,O4_UNICODE_ORTHOGRAPHIC,STRONG,42,​@AnisSalsabilla-o1kbole bolee,​@AnisSalsabilla-o1kbolе bolеe,True,SUCCESS,,2,0.0667,2
DS2_020319_NORMAL_NORMAL,DS2_020319,DS2_kyyyy8_all,0,NORMAL,NORMAL,42,Assalamualaikum ustad saya mohon sarannya ustad saat ini saya sdh berusaha utk keluar dari hal2 yg berhubungan dg riba saya setiap mlm saya selalu meminta pd ALLAH SWT agar dijauhkan dari riba tetapi kenapa ALLAH SWT malah memberikan suami saya pekerjaan yg berhubngan dg riba apakah saya diuji?,Assalamualaikum ustad saya mohon sarannya ustad saat ini saya sdh berusaha utk keluar dari hal2 yg berhubungan dg riba saya setiap mlm saya selalu meminta pd ALLAH SWT agar dijauhkan dari riba tetapi kenapa ALLAH SWT malah memberikan suami saya pekerjaan yg berhubngan dg riba apakah saya diuji?,False,SUCCESS,,0,0.0,0
DS2_020319_O1_CHAR_SUBSTITUTION_MILD,DS2_020319,DS2_kyyyy8_all,0,O1_CHAR_SUBSTITUTION,MILD,42,Assalamualaikum ustad saya mohon sarannya ustad saat ini saya sdh berusaha utk keluar dari hal2 yg berhubungan dg riba saya setiap mlm saya selalu meminta pd ALLAH SWT agar dijauhkan dari riba tetapi kenapa ALLAH SWT malah memberikan suami saya pekerjaan yg berhubngan dg riba apakah saya diuji?,Assalamualaikum ustad saya mohon sarannya ustad saat ini saya sdh berusaha utk k3luar dari hal2 yg berhubungan dg riba saya setiap mlm saya selalu meminta pd ALLAH SWT agar dijauhkan dari riba tetapi kenapa ALLAH SWT malah memberikan suami saya pekerjaan yg berhubngan dg riba apakah saya diuji?,True,SUCCESS,,1,0.0034,1
DS2_020319_O1_CHAR_SUBSTITUTION_STRONG,DS2_020319,DS2_kyyyy8_all,0,O1_CHAR_SUBSTITUTION,STRONG,42,Assalamualaikum ustad saya mohon sarannya ustad saat ini saya sdh berusaha utk keluar dari hal2 yg berhubungan dg riba saya setiap mlm saya selalu meminta pd ALLAH SWT agar dijauhkan dari riba tetapi kenapa ALLAH SWT malah memberikan suami saya pekerjaan yg berhubngan dg riba apakah saya diuji?,Assalamualaikum ustad saya mohon sarannya ustad saat ini saya sdh berusaha utk keluar dari hal2 yg berhu8un9an dg riba saya setiap mlm saya selalu meminta pd ALLAH SWT agar dijauhkan dari riba tetapi kenapa ALLAH SWT malah memberikan suami saya pek3rja4n yg berhubngan dg riba apakah saya diuji?,True,SUCCESS,,4,0.0136,2
DS2_020319_O2_CHAR_INSERT_DELETE_MILD,DS2_020319,DS2_kyyyy8_all,0,O2_CHAR_INSERT_DELETE,MILD,42,Assalamualaikum ustad saya mohon sarannya ustad saat ini saya sdh berusaha utk keluar dari hal2 yg berhubungan dg riba saya setiap mlm saya selalu meminta pd ALLAH SWT agar dijauhkan dari riba tetapi kenapa ALLAH SWT malah memberikan suami saya pekerjaan yg berhubngan dg riba apakah saya diuji?,Assalamualaikum ustad saya mohon sarannya ustad saat ini saya sdh berusaha utk keluar dari hal2 yg berhubungan dg riba saya setiap mlm saya selalu meminta pd ALLAH SWT agar dijauhkan dari riiba tetapi kenapa ALLAH SWT malah memberikan suami saya pekerjaan yg berhubngan dg riba apakah saya diuji?,True,SUCCESS,,1,0.0034,1
DS2_020319_O2_CHAR_INSERT_DELETE_STRONG,DS2_020319,DS2_kyyyy8_all,0,O2_CHAR_INSERT_DELETE,STRONG,42,Assalamualaikum ustad saya mohon sarannya ustad saat ini saya sdh berusaha utk keluar dari hal2 yg berhubungan dg riba saya setiap mlm saya selalu meminta pd ALLAH SWT agar dijauhkan dari riba tetapi kenapa ALLAH SWT malah memberikan suami saya pekerjaan yg berhubngan dg riba apakah saya diuji?,Assalamualaikum ustad saya mohon sarannya ustad saat ini saya sdh berusaha utk keluar dari hal2 yg berhubungan dg riba saya setiap mlm saya selalu meminta pd ALLAH SWT agar dijauhkan dari riba ttapi kenapa ALLAH SWT malah memberikan suami saya pekeraan yg berhubngan dg riba apakah saya diuji?,True,SUCCESS,,2,0.0068,2
DS2_020319_O3_WHITESPACE_MILD,DS2_020319,DS2_kyyyy8_all,0,O3_WHITESPACE,MILD,42,Assalamualaikum ustad saya mohon sarannya ustad saat ini saya sdh berusaha utk keluar dari hal2 yg berhubungan dg riba saya setiap mlm saya selalu meminta pd ALLAH SWT agar dijauhkan dari riba tetapi kenapa ALLAH SWT malah memberikan suami saya pekerjaan yg berhubngan dg riba apakah saya diuji?,Assalamualaikum ustad saya mohon sarannya ustad saat ini saya sdh berusaha utk kel uar dari hal2 yg berhubungan dg riba saya setiap mlm saya selalu meminta pd ALLAH SWT agar dijauhkan dari riba tetapi kenapa ALLAH SWT malah memberikan suami saya pekerjaan yg berhubngan dg riba apakah saya diuji?,True,SUCCESS,,1,0.0034,1
DS2_020319_O3_WHITESPACE_STRONG,DS2_020319,DS2_kyyyy8_all,0,O3_WHITESPACE,STRONG,42,Assalamualaikum ustad saya mohon sarannya ustad saat ini saya sdh berusaha utk keluar dari hal2 yg berhubungan dg riba saya setiap mlm saya selalu meminta pd ALLAH SWT agar dijauhkan dari riba tetapi kenapa ALLAH SWT malah memberikan suami saya pekerjaan yg berhubngan dg riba apakah saya diuji?,Assalamualaikum ustad saya mohon sarannya ustad saat ini saya sdh berusaha utk keluar d ari hal2 yg berhubungan dg riba saya setiap mlm saya selalu mem inta pd ALLAH SWT agar dijauhkan dari riba tetapi kenapa ALLAH SWT malah memberikan suami saya pekerjaan yg berhubngan dg riba apakah saya diuji?,True,SUCCESS,,2,0.0068,2
DS2_020319_O4_UNICODE_ORTHOGRAPHIC_MILD,DS2_020319,DS2_kyyyy8_all,0,O4_UNICODE_ORTHOGRAPHIC,MILD,42,Assalamualaikum ustad saya mohon sarannya ustad saat ini saya sdh berusaha utk keluar dari hal2 yg berhubungan dg riba saya setiap mlm saya selalu meminta pd ALLAH SWT agar dijauhkan dari riba tetapi kenapa ALLAH SWT malah memberikan suami saya pekerjaan yg berhubngan dg riba apakah saya diuji?,Assalamualaikum ustad saya mohon sarannya ustad saat ini saya sdh berusaha utk keluar dari hal2 yg berhubungan dg riba saya setiaр mlm saya selalu meminta pd ALLAH SWT agar dijauhkan dari riba tetapi kenapa ALLAH SWT malah memberikan suami saya pekerjaan yg berhubngan dg riba apakah saya diuji?,True,SUCCESS,,1,0.0034,1
DS2_020319_O4_UNICODE_ORTHOGRAPHIC_STRONG,DS2_020319,DS2_kyyyy8_all,0,O4_UNICODE_ORTHOGRAPHIC,STRONG,42,Assalamualaikum ustad saya mohon sarannya ustad saat ini saya sdh berusaha utk keluar dari hal2 yg berhubungan dg riba saya setiap mlm saya selalu meminta pd ALLAH SWT agar dijauhkan dari riba tetapi kenapa ALLAH SWT malah memberikan suami saya pekerjaan yg berhubngan dg riba apakah saya diuji?,Assalamualaikum ustad saya mohon sarannya ustad saat ini saya sdh berusaha utk keluar dari hal2 yg berhubungan dg riba saya setiap mlm saya selalu meminta pd ALLAH SWT agar dijauhkan dari riba tetapi kenapa ALLАH SWT mаlah memberikan suami saya pekerjaan yg berhubngan dg riba apakah saya diuji?,True,SUCCESS,,2,0.0068,2
DS2_020364_NORMAL_NORMAL,DS2_020364,DS2_kyyyy8_all,0,NORMAL,NORMAL,42,Terlalu cerdas pak ustadz😊,Terlalu cerdas pak ustadz😊,False,SUCCESS,,0,0.0,0
DS2_020364_O1_CHAR_SUBSTITUTION_MILD,DS2_020364,DS2_kyyyy8_all,0,O1_CHAR_SUBSTITUTION,MILD,42,Terlalu cerdas pak ustadz😊,Terlalu cerda5 pak ustadz😊,True,SUCCESS,,1,0.0385,1
DS2_020364_O1_CHAR_SUBSTITUTION_STRONG,DS2_020364,DS2_kyyyy8_all,0,O1_CHAR_SUBSTITUTION,STRONG,42,Terlalu cerdas pak ustadz😊,T3rl4lu cerdas pak u5t4dz😊,True,SUCCESS,,4,0.1538,2
DS2_020364_O2_CHAR_INSERT_DELETE_MILD,DS2_020364,DS2_kyyyy8_all,0,O2_CHAR_INSERT_DELETE,MILD,42,Terlalu cerdas pak ustadz😊,Terlalu cerds pak ustadz😊,True,SUCCESS,,1,0.0385,1
DS2_020364_O2_CHAR_INSERT_DELETE_STRONG,DS2_020364,DS2_kyyyy8_all,0,O2_CHAR_INSERT_DELETE,STRONG,42,Terlalu cerdas pak ustadz😊,Terlallu cerdas pak usttadz😊,True,SUCCESS,,2,0.0769,2
DS2_020364_O3_WHITESPACE_MILD,DS2_020364,DS2_kyyyy8_all,0,O3_WHITESPACE,MILD,42,Terlalu cerdas pak ustadz😊,Terlalu cerda s pak ustadz😊,True,SUCCESS,,1,0.0385,1
DS2_020364_O3_WHITESPACE_STRONG,DS2_020364,DS2_kyyyy8_all,0,O3_WHITESPACE,STRONG,42,Terlalu cerdas pak ustadz😊,Te rlalu cerdas pak ust adz😊,True,SUCCESS,,2,0.0769,2
DS2_020364_O4_UNICODE_ORTHOGRAPHIC_MILD,DS2_020364,DS2_kyyyy8_all,0,O4_UNICODE_ORTHOGRAPHIC,MILD,42,Terlalu cerdas pak ustadz😊,Terlalu cerdas pak ustаdz😊,True,SUCCESS,,1,0.0385,1
DS2_020364_O4_UNICODE_ORTHOGRAPHIC_STRONG,DS2_020364,DS2_kyyyy8_all,0,O4_UNICODE_ORTHOGRAPHIC,STRONG,42,Terlalu cerdas pak ustadz😊,Terlаlu cеrdas pak ustadz😊,True,SUCCESS,,2,0.0769,2
DS2_020369_NORMAL_NORMAL,DS2_020369,DS2_kyyyy8_all,0,NORMAL,NORMAL,42,Ma kasih pak ustad atas ilmu nya Semoga allah sll memberi kesehatan,Ma kasih pak ustad atas ilmu nya Semoga allah sll memberi kesehatan,False,SUCCESS,,0,0.0,0
DS2_020369_O1_CHAR_SUBSTITUTION_MILD,DS2_020369,DS2_kyyyy8_all,0,O1_CHAR_SUBSTITUTION,MILD,42,Ma kasih pak ustad atas ilmu nya Semoga allah sll memberi kesehatan,Ma kasih pak ustad atas ilmu nya S3moga allah sll memberi kesehatan,True,SUCCESS,,1,0.0149,1
DS2_020369_O1_CHAR_SUBSTITUTION_STRONG,DS2_020369,DS2_kyyyy8_all,0,O1_CHAR_SUBSTITUTION,STRONG,42,Ma kasih pak ustad atas ilmu nya Semoga allah sll memberi kesehatan,Ma kasih pak ustad atas 1lmu nya 5em0ga allah sll memberi kesehatan,True,SUCCESS,,3,0.0448,2
DS2_020369_O2_CHAR_INSERT_DELETE_MILD,DS2_020369,DS2_kyyyy8_all,0,O2_CHAR_INSERT_DELETE,MILD,42,Ma kasih pak ustad atas ilmu nya Semoga allah sll memberi kesehatan,Ma kasih pak ustad attas ilmu nya Semoga allah sll memberi kesehatan,True,SUCCESS,,1,0.0149,1
DS2_020369_O2_CHAR_INSERT_DELETE_STRONG,DS2_020369,DS2_kyyyy8_all,0,O2_CHAR_INSERT_DELETE,STRONG,42,Ma kasih pak ustad atas ilmu nya Semoga allah sll memberi kesehatan,Ma kasih pak utad atas illmu nya Semoga allah sll memberi kesehatan,True,SUCCESS,,2,0.0299,2
DS2_020369_O3_WHITESPACE_MILD,DS2_020369,DS2_kyyyy8_all,0,O3_WHITESPACE,MILD,42,Ma kasih pak ustad atas ilmu nya Semoga allah sll memberi kesehatan,Ma kasih pak ustad atas ilmu nya Semoga allah sll member i kesehatan,True,SUCCESS,,1,0.0149,1
DS2_020369_O3_WHITESPACE_STRONG,DS2_020369,DS2_kyyyy8_all,0,O3_WHITESPACE,STRONG,42,Ma kasih pak ustad atas ilmu nya Semoga allah sll memberi kesehatan,Ma kasih pak ust ad atas ilmu nya Semoga allah sll membe ri kesehatan,True,SUCCESS,,2,0.0299,2
DS2_020369_O4_UNICODE_ORTHOGRAPHIC_MILD,DS2_020369,DS2_kyyyy8_all,0,O4_UNICODE_ORTHOGRAPHIC,MILD,42,Ma kasih pak ustad atas ilmu nya Semoga allah sll memberi kesehatan,Ma kasih pak ustad atas ilmu nya Semoga allаh sll memberi kesehatan,True,SUCCESS,,1,0.0149,1
DS2_020369_O4_UNICODE_ORTHOGRAPHIC_STRONG,DS2_020369,DS2_kyyyy8_all,0,O4_UNICODE_ORTHOGRAPHIC,STRONG,42,Ma kasih pak ustad atas ilmu nya Semoga allah sll memberi kesehatan,Ma kasih pak ustad atаs ilmu nya Sеmoga allah sll memberi kesehatan,True,SUCCESS,,2,0.0299,2
DS2_020438_NORMAL_NORMAL,DS2_020438,DS2_kyyyy8_all,0,NORMAL,NORMAL,42,MasyaAllah... Allahhuakbar sllu menyimak ilmu2 dariUAH terimakasih share ilmunya ❤👍,MasyaAllah... Allahhuakbar sllu menyimak ilmu2 dariUAH terimakasih share ilmunya ❤👍,False,SUCCESS,,0,0.0,0
DS2_020438_O1_CHAR_SUBSTITUTION_MILD,DS2_020438,DS2_kyyyy8_all,0,O1_CHAR_SUBSTITUTION,MILD,42,MasyaAllah... Allahhuakbar sllu menyimak ilmu2 dariUAH terimakasih share ilmunya ❤👍,MasyaAllah... Allahhuakbar 5llu menyimak ilmu2 dariUAH terimakasih share ilmunya ❤👍,True,SUCCESS,,1,0.012,1
DS2_020438_O1_CHAR_SUBSTITUTION_STRONG,DS2_020438,DS2_kyyyy8_all,0,O1_CHAR_SUBSTITUTION,STRONG,42,MasyaAllah... Allahhuakbar sllu menyimak ilmu2 dariUAH terimakasih share ilmunya ❤👍,Ma5y4Allah... Allahhuakbar sllu menyimak ilmu2 dariUAH terimakasih 5har3 ilmunya ❤👍,True,SUCCESS,,4,0.0482,2
DS2_020438_O2_CHAR_INSERT_DELETE_MILD,DS2_020438,DS2_kyyyy8_all,0,O2_CHAR_INSERT_DELETE,MILD,42,MasyaAllah... Allahhuakbar sllu menyimak ilmu2 dariUAH terimakasih share ilmunya ❤👍,MasyaAllah... Allahhuakbar sllu menyimak ilmu2 dariUAH terimakasih share ilmuya ❤👍,True,SUCCESS,,1,0.012,1
DS2_020438_O2_CHAR_INSERT_DELETE_STRONG,DS2_020438,DS2_kyyyy8_all,0,O2_CHAR_INSERT_DELETE,STRONG,42,MasyaAllah... Allahhuakbar sllu menyimak ilmu2 dariUAH terimakasih share ilmunya ❤👍,MasyaAllah... Allahhuakbar slllu mnyimak ilmu2 dariUAH terimakasih share ilmunya ❤👍,True,SUCCESS,,2,0.0241,2
DS2_020438_O3_WHITESPACE_MILD,DS2_020438,DS2_kyyyy8_all,0,O3_WHITESPACE,MILD,42,MasyaAllah... Allahhuakbar sllu menyimak ilmu2 dariUAH terimakasih share ilmunya ❤👍,MasyaAllah... All ahhuakbar sllu menyimak ilmu2 dariUAH terimakasih share ilmunya ❤👍,True,SUCCESS,,1,0.012,1
DS2_020438_O3_WHITESPACE_STRONG,DS2_020438,DS2_kyyyy8_all,0,O3_WHITESPACE,STRONG,42,MasyaAllah... Allahhuakbar sllu menyimak ilmu2 dariUAH terimakasih share ilmunya ❤👍,MasyaAllah... Allahhuakbar sllu meny imak ilmu2 dariUAH terimakasih share il munya ❤👍,True,SUCCESS,,2,0.0241,2
DS2_020438_O4_UNICODE_ORTHOGRAPHIC_MILD,DS2_020438,DS2_kyyyy8_all,0,O4_UNICODE_ORTHOGRAPHIC,MILD,42,MasyaAllah... Allahhuakbar sllu menyimak ilmu2 dariUAH terimakasih share ilmunya ❤👍,MasyaAllah... Allahhuakbar sllu menyimak ilmu2 dariUАH terimakasih share ilmunya ❤👍,True,SUCCESS,,1,0.012,1
DS2_020438_O4_UNICODE_ORTHOGRAPHIC_STRONG,DS2_020438,DS2_kyyyy8_all,0,O4_UNICODE_ORTHOGRAPHIC,STRONG,42,MasyaAllah... Allahhuakbar sllu menyimak ilmu2 dariUAH terimakasih share ilmunya ❤👍,MasyaАllah... Allahhuakbar slluu menyimak ilmu2 dariUAH terimakasih share ilmunya ❤👍,True,SUCCESS,,2,0.0241,2
DS2_020903_NORMAL_NORMAL,DS2_020903,DS2_kyyyy8_all,0,NORMAL,NORMAL,42,"maaf izin share dan download ustadz, terimakasih","maaf izin share dan download ustadz, terimakasih",False,SUCCESS,,0,0.0,0
DS2_020903_O1_CHAR_SUBSTITUTION_MILD,DS2_020903,DS2_kyyyy8_all,0,O1_CHAR_SUBSTITUTION,MILD,42,"maaf izin share dan download ustadz, terimakasih","maaf izin share dan download ustadz, 7erimakasih",True,SUCCESS,,1,0.0208,1
DS2_020903_O1_CHAR_SUBSTITUTION_STRONG,DS2_020903,DS2_kyyyy8_all,0,O1_CHAR_SUBSTITUTION,STRONG,42,"maaf izin share dan download ustadz, terimakasih","m44f 1z1n share dan download ustadz, terimakasih",True,SUCCESS,,4,0.0833,2
DS2_020903_O2_CHAR_INSERT_DELETE_MILD,DS2_020903,DS2_kyyyy8_all,0,O2_CHAR_INSERT_DELETE,MILD,42,"maaf izin share dan download ustadz, terimakasih","maaf izin share dan donload ustadz, terimakasih",True,SUCCESS,,1,0.0208,1
DS2_020903_O2_CHAR_INSERT_DELETE_STRONG,DS2_020903,DS2_kyyyy8_all,0,O2_CHAR_INSERT_DELETE,STRONG,42,"maaf izin share dan download ustadz, terimakasih","maaf izin sare dan dwnload ustadz, terimakasih",True,SUCCESS,,2,0.0417,2
DS2_020903_O3_WHITESPACE_MILD,DS2_020903,DS2_kyyyy8_all,0,O3_WHITESPACE,MILD,42,"maaf izin share dan download ustadz, terimakasih","maaf izin share dan download ustadz, terim akasih",True,SUCCESS,,1,0.0208,1
DS2_020903_O3_WHITESPACE_STRONG,DS2_020903,DS2_kyyyy8_all,0,O3_WHITESPACE,STRONG,42,"maaf izin share dan download ustadz, terimakasih","maaf i zin share dan download ustadz, ter imakasih",True,SUCCESS,,2,0.0417,2
DS2_020903_O4_UNICODE_ORTHOGRAPHIC_MILD,DS2_020903,DS2_kyyyy8_all,0,O4_UNICODE_ORTHOGRAPHIC,MILD,42,"maaf izin share dan download ustadz, terimakasih","mаaf izin share dan download ustadz, terimakasih",True,SUCCESS,,1,0.0208,1
DS2_020903_O4_UNICODE_ORTHOGRAPHIC_STRONG,DS2_020903,DS2_kyyyy8_all,0,O4_UNICODE_ORTHOGRAPHIC,STRONG,42,"maaf izin share dan download ustadz, terimakasih","maаf iziin share dan download ustadz, terimakasih",True,SUCCESS,,2,0.0417,2
DS2_021239_NORMAL_NORMAL,DS2_021239,DS2_kyyyy8_all,0,NORMAL,NORMAL,42,Semoga Allah SWT membuka semua kesulitan hambanya.,Semoga Allah SWT membuka semua kesulitan hambanya.,False,SUCCESS,,0,0.0,0
DS2_021239_O1_CHAR_SUBSTITUTION_MILD,DS2_021239,DS2_kyyyy8_all,0,O1_CHAR_SUBSTITUTION,MILD,42,Semoga Allah SWT membuka semua kesulitan hambanya.,Semoga Allah SWT m3mbuka semua kesulitan hambanya.,True,SUCCESS,,1,0.02,1
DS2_021239_O1_CHAR_SUBSTITUTION_STRONG,DS2_021239,DS2_kyyyy8_all,0,O1_CHAR_SUBSTITUTION,STRONG,42,Semoga Allah SWT membuka semua kesulitan hambanya.,Semoga Allah SWT membuka 53mua ke5ulit4n hambanya.,True,SUCCESS,,4,0.08,2
DS2_021239_O2_CHAR_INSERT_DELETE_MILD,DS2_021239,DS2_kyyyy8_all,0,O2_CHAR_INSERT_DELETE,MILD,42,Semoga Allah SWT membuka semua kesulitan hambanya.,Semoga Allah SWT membuka semmua kesulitan hambanya.,True,SUCCESS,,1,0.02,1
DS2_021239_O2_CHAR_INSERT_DELETE_STRONG,DS2_021239,DS2_kyyyy8_all,0,O2_CHAR_INSERT_DELETE,STRONG,42,Semoga Allah SWT membuka semua kesulitan hambanya.,Seemoga Alllah SWT membuka semua kesulitan hambanya.,True,SUCCESS,,2,0.04,2
DS2_021239_O3_WHITESPACE_MILD,DS2_021239,DS2_kyyyy8_all,0,O3_WHITESPACE,MILD,42,Semoga Allah SWT membuka semua kesulitan hambanya.,S emoga Allah SWT membuka semua kesulitan hambanya.,True,SUCCESS,,1,0.02,1
DS2_021239_O3_WHITESPACE_STRONG,DS2_021239,DS2_kyyyy8_all,0,O3_WHITESPACE,STRONG,42,Semoga Allah SWT membuka semua kesulitan hambanya.,Se moga Alla h SWT membuka semua kesulitan hambanya.,True,SUCCESS,,2,0.04,2
DS2_021239_O4_UNICODE_ORTHOGRAPHIC_MILD,DS2_021239,DS2_kyyyy8_all,0,O4_UNICODE_ORTHOGRAPHIC,MILD,42,Semoga Allah SWT membuka semua kesulitan hambanya.,Semoga Allah SWT membukа semua kesulitan hambanya.,True,SUCCESS,,1,0.02,1
DS2_021239_O4_UNICODE_ORTHOGRAPHIC_STRONG,DS2_021239,DS2_kyyyy8_all,0,O4_UNICODE_ORTHOGRAPHIC,STRONG,42,Semoga Allah SWT membuka semua kesulitan hambanya.,Semoga Allаh SWT membukа semua kesulitan hambanya.,True,SUCCESS,,2,0.04,2
DS2_022238_NORMAL_NORMAL,DS2_022238,DS2_kyyyy8_all,0,NORMAL,NORMAL,42,Bang jonijoni yespapah,Bang jonijoni yespapah,False,SUCCESS,,0,0.0,0
DS2_022238_O1_CHAR_SUBSTITUTION_MILD,DS2_022238,DS2_kyyyy8_all,0,O1_CHAR_SUBSTITUTION,MILD,42,Bang jonijoni yespapah,Bang jonijon1 yespapah,True,SUCCESS,,1,0.0455,1
DS2_022238_O1_CHAR_SUBSTITUTION_STRONG,DS2_022238,DS2_kyyyy8_all,0,O1_CHAR_SUBSTITUTION,STRONG,42,Bang jonijoni yespapah,8an9 jon1j0ni yespapah,True,SUCCESS,,4,0.1818,2
DS2_022238_O2_CHAR_INSERT_DELETE_MILD,DS2_022238,DS2_kyyyy8_all,0,O2_CHAR_INSERT_DELETE,MILD,42,Bang jonijoni yespapah,Baang jonijoni yespapah,True,SUCCESS,,1,0.0455,1
DS2_022238_O2_CHAR_INSERT_DELETE_STRONG,DS2_022238,DS2_kyyyy8_all,0,O2_CHAR_INSERT_DELETE,STRONG,42,Bang jonijoni yespapah,Baang jonijoni yespaph,True,SUCCESS,,2,0.0909,2
DS2_022238_O3_WHITESPACE_MILD,DS2_022238,DS2_kyyyy8_all,0,O3_WHITESPACE,MILD,42,Bang jonijoni yespapah,Bang jonijoni ye spapah,True,SUCCESS,,1,0.0455,1
DS2_022238_O3_WHITESPACE_STRONG,DS2_022238,DS2_kyyyy8_all,0,O3_WHITESPACE,STRONG,42,Bang jonijoni yespapah,Bang jonijon i y espapah,True,SUCCESS,,2,0.0909,2
DS2_022238_O4_UNICODE_ORTHOGRAPHIC_MILD,DS2_022238,DS2_kyyyy8_all,0,O4_UNICODE_ORTHOGRAPHIC,MILD,42,Bang jonijoni yespapah,Bаng jonijoni yespapah,True,SUCCESS,,1,0.0455,1
DS2_022238_O4_UNICODE_ORTHOGRAPHIC_STRONG,DS2_022238,DS2_kyyyy8_all,0,O4_UNICODE_ORTHOGRAPHIC,STRONG,42,Bang jonijoni yespapah,Bаng jоnijoni yespapah,True,SUCCESS,,2,0.0909,2
DS2_022242_NORMAL_NORMAL,DS2_022242,DS2_kyyyy8_all,0,NORMAL,NORMAL,42,Muka nya crazy dev,Muka nya crazy dev,False,SUCCESS,,0,0.0,0
DS2_022242_O1_CHAR_SUBSTITUTION_MILD,DS2_022242,DS2_kyyyy8_all,0,O1_CHAR_SUBSTITUTION,MILD,42,Muka nya crazy dev,Muka nya cr4zy dev,True,SUCCESS,,1,0.0556,1
DS2_022242_O1_CHAR_SUBSTITUTION_STRONG,DS2_022242,DS2_kyyyy8_all,0,O1_CHAR_SUBSTITUTION,STRONG,42,Muka nya crazy dev,Muk4 nya cr4zy dev,True,SUCCESS,,2,0.1111,2
DS2_022242_O2_CHAR_INSERT_DELETE_MILD,DS2_022242,DS2_kyyyy8_all,0,O2_CHAR_INSERT_DELETE,MILD,42,Muka nya crazy dev,Muka nya craazy dev,True,SUCCESS,,1,0.0556,1
DS2_022242_O2_CHAR_INSERT_DELETE_STRONG,DS2_022242,DS2_kyyyy8_all,0,O2_CHAR_INSERT_DELETE,STRONG,42,Muka nya crazy dev,Mukka nya cazy dev,True,SUCCESS,,2,0.1111,2
DS2_022242_O3_WHITESPACE_MILD,DS2_022242,DS2_kyyyy8_all,0,O3_WHITESPACE,MILD,42,Muka nya crazy dev,M uka nya crazy dev,True,SUCCESS,,1,0.0556,1
DS2_022242_O3_WHITESPACE_STRONG,DS2_022242,DS2_kyyyy8_all,0,O3_WHITESPACE,STRONG,42,Muka nya crazy dev,M uka nya craz y dev,True,SUCCESS,,2,0.1111,2
DS2_022242_O4_UNICODE_ORTHOGRAPHIC_MILD,DS2_022242,DS2_kyyyy8_all,0,O4_UNICODE_ORTHOGRAPHIC,MILD,42,Muka nya crazy dev,Mukа nya crazy dev,True,SUCCESS,,1,0.0556,1
DS2_022242_O4_UNICODE_ORTHOGRAPHIC_STRONG,DS2_022242,DS2_kyyyy8_all,0,O4_UNICODE_ORTHOGRAPHIC,STRONG,42,Muka nya crazy dev,Mukа nya сrazy dev,True,SUCCESS,,2,0.1111,2
DS2_023729_NORMAL_NORMAL,DS2_023729,DS2_kyyyy8_all,0,NORMAL,NORMAL,42,Frost diamond kayak mana mencari mainan itu,Frost diamond kayak mana mencari mainan itu,False,SUCCESS,,0,0.0,0
DS2_023729_O1_CHAR_SUBSTITUTION_MILD,DS2_023729,DS2_kyyyy8_all,0,O1_CHAR_SUBSTITUTION,MILD,42,Frost diamond kayak mana mencari mainan itu,Frost diamond kayak mana mencar1 mainan itu,True,SUCCESS,,1,0.0233,1
DS2_023729_O1_CHAR_SUBSTITUTION_STRONG,DS2_023729,DS2_kyyyy8_all,0,O1_CHAR_SUBSTITUTION,STRONG,42,Frost diamond kayak mana mencari mainan itu,Frost diamond kayak m4n4 mencari m41nan itu,True,SUCCESS,,4,0.093,2
DS2_023729_O2_CHAR_INSERT_DELETE_MILD,DS2_023729,DS2_kyyyy8_all,0,O2_CHAR_INSERT_DELETE,MILD,42,Frost diamond kayak mana mencari mainan itu,Frost diamond kayak mana menccari mainan itu,True,SUCCESS,,1,0.0233,1
DS2_023729_O2_CHAR_INSERT_DELETE_STRONG,DS2_023729,DS2_kyyyy8_all,0,O2_CHAR_INSERT_DELETE,STRONG,42,Frost diamond kayak mana mencari mainan itu,Frost diaamond kayak mana mencari manan itu,True,SUCCESS,,2,0.0465,2
DS2_023729_O3_WHITESPACE_MILD,DS2_023729,DS2_kyyyy8_all,0,O3_WHITESPACE,MILD,42,Frost diamond kayak mana mencari mainan itu,Frost diamond kayak mana mencari maina n itu,True,SUCCESS,,1,0.0233,1
DS2_023729_O3_WHITESPACE_STRONG,DS2_023729,DS2_kyyyy8_all,0,O3_WHITESPACE,STRONG,42,Frost diamond kayak mana mencari mainan itu,Frost diamond kayak m ana mencar i mainan itu,True,SUCCESS,,2,0.0465,2
DS2_023729_O4_UNICODE_ORTHOGRAPHIC_MILD,DS2_023729,DS2_kyyyy8_all,0,O4_UNICODE_ORTHOGRAPHIC,MILD,42,Frost diamond kayak mana mencari mainan itu,Frost diamond kayаk mana mencari mainan itu,True,SUCCESS,,1,0.0233,1
DS2_023729_O4_UNICODE_ORTHOGRAPHIC_STRONG,DS2_023729,DS2_kyyyy8_all,0,O4_UNICODE_ORTHOGRAPHIC,STRONG,42,Frost diamond kayak mana mencari mainan itu,Frоst diamond kayak mana mеncari mainan itu,True,SUCCESS,,2,0.0465,2
DS2_023800_NORMAL_NORMAL,DS2_023800,DS2_kyyyy8_all,1,NORMAL,NORMAL,42,KYT4️⃣D ⬅️ bikin setiap tayangan terasa bernilai.,KYT4️⃣D ⬅️ bikin setiap tayangan terasa bernilai.,False,SUCCESS,,0,0.0,0
DS2_023800_O1_CHAR_SUBSTITUTION_MILD,DS2_023800,DS2_kyyyy8_all,1,O1_CHAR_SUBSTITUTION,MILD,42,KYT4️⃣D ⬅️ bikin setiap tayangan terasa bernilai.,KYT4️⃣D ⬅️ b1kin setiap tayangan terasa bernilai.,True,SUCCESS,,1,0.0204,1
DS2_023800_O1_CHAR_SUBSTITUTION_STRONG,DS2_023800,DS2_kyyyy8_all,1,O1_CHAR_SUBSTITUTION,STRONG,42,KYT4️⃣D ⬅️ bikin setiap tayangan terasa bernilai.,KY74️⃣D ⬅️ bikin setiap tayangan ter45a bernilai.,True,SUCCESS,,3,0.0612,2
DS2_023800_O2_CHAR_INSERT_DELETE_MILD,DS2_023800,DS2_kyyyy8_all,1,O2_CHAR_INSERT_DELETE,MILD,42,KYT4️⃣D ⬅️ bikin setiap tayangan terasa bernilai.,KYT44️⃣D ⬅️ bikin setiap tayangan terasa bernilai.,True,SUCCESS,,1,0.0204,1
DS2_023800_O2_CHAR_INSERT_DELETE_STRONG,DS2_023800,DS2_kyyyy8_all,1,O2_CHAR_INSERT_DELETE,STRONG,42,KYT4️⃣D ⬅️ bikin setiap tayangan terasa bernilai.,KYTT4️⃣D ⬅️ biikin setiap tayangan terasa bernilai.,True,SUCCESS,,2,0.0408,2
DS2_023800_O3_WHITESPACE_MILD,DS2_023800,DS2_kyyyy8_all,1,O3_WHITESPACE,MILD,42,KYT4️⃣D ⬅️ bikin setiap tayangan terasa bernilai.,KYT4️⃣D ⬅️ bi kin setiap tayangan terasa bernilai.,True,SUCCESS,,1,0.0204,1
DS2_023800_O3_WHITESPACE_STRONG,DS2_023800,DS2_kyyyy8_all,1,O3_WHITESPACE,STRONG,42,KYT4️⃣D ⬅️ bikin setiap tayangan terasa bernilai.,KY T4️⃣D ⬅️ bikin setiap tayangan teras a bernilai.,True,SUCCESS,,2,0.0408,2
DS2_023800_O4_UNICODE_ORTHOGRAPHIC_MILD,DS2_023800,DS2_kyyyy8_all,1,O4_UNICODE_ORTHOGRAPHIC,MILD,42,KYT4️⃣D ⬅️ bikin setiap tayangan terasa bernilai.,KYT4️⃣D ⬅️ bikin sеtiap tayangan terasa bernilai.,True,SUCCESS,,1,0.0204,1
DS2_023800_O4_UNICODE_ORTHOGRAPHIC_STRONG,DS2_023800,DS2_kyyyy8_all,1,O4_UNICODE_ORTHOGRAPHIC,STRONG,42,KYT4️⃣D ⬅️ bikin setiap tayangan terasa bernilai.,KYT4️⃣D ⬅️ bikin setiap tаyangan terasа bernilai.,True,SUCCESS,,2,0.0408,2
DS2_024125_NORMAL_NORMAL,DS2_024125,DS2_kyyyy8_all,1,NORMAL,NORMAL,42,"KYT4️⃣D ☢️ suka banget sama alur ceritanya, natural dan ngena.","KYT4️⃣D ☢️ suka banget sama alur ceritanya, natural dan ngena.",False,SUCCESS,,0,0.0,0
DS2_024125_O1_CHAR_SUBSTITUTION_MILD,DS2_024125,DS2_kyyyy8_all,1,O1_CHAR_SUBSTITUTION,MILD,42,"KYT4️⃣D ☢️ suka banget sama alur ceritanya, natural dan ngena.","KYT4️⃣D ☢️ suka 8anget sama alur ceritanya, natural dan ngena.",True,SUCCESS,,1,0.0161,1
DS2_024125_O1_CHAR_SUBSTITUTION_STRONG,DS2_024125,DS2_kyyyy8_all,1,O1_CHAR_SUBSTITUTION,STRONG,42,"KYT4️⃣D ☢️ suka banget sama alur ceritanya, natural dan ngena.","KYT4️⃣D ☢️ 5uk4 banget 54ma alur ceritanya, natural dan ngena.",True,SUCCESS,,4,0.0645,2
DS2_024125_O2_CHAR_INSERT_DELETE_MILD,DS2_024125,DS2_kyyyy8_all,1,O2_CHAR_INSERT_DELETE,MILD,42,"KYT4️⃣D ☢️ suka banget sama alur ceritanya, natural dan ngena.","KYT4️⃣D ☢️ suka banget sama alur ceritanya, natural dan ngenna.",True,SUCCESS,,1,0.0161,1
DS2_024125_O2_CHAR_INSERT_DELETE_STRONG,DS2_024125,DS2_kyyyy8_all,1,O2_CHAR_INSERT_DELETE,STRONG,42,"KYT4️⃣D ☢️ suka banget sama alur ceritanya, natural dan ngena.","KYT4️⃣D ☢️ suka bangeet sama alur ceriitanya, natural dan ngena.",True,SUCCESS,,2,0.0323,2
DS2_024125_O3_WHITESPACE_MILD,DS2_024125,DS2_kyyyy8_all,1,O3_WHITESPACE,MILD,42,"KYT4️⃣D ☢️ suka banget sama alur ceritanya, natural dan ngena.","KYT4️⃣D ☢️ suka banget s ama alur ceritanya, natural dan ngena.",True,SUCCESS,,1,0.0161,1
DS2_024125_O3_WHITESPACE_STRONG,DS2_024125,DS2_kyyyy8_all,1,O3_WHITESPACE,STRONG,42,"KYT4️⃣D ☢️ suka banget sama alur ceritanya, natural dan ngena.","KYT 4️⃣D ☢️ suka banget sama alu r ceritanya, natural dan ngena.",True,SUCCESS,,2,0.0323,2
DS2_024125_O4_UNICODE_ORTHOGRAPHIC_MILD,DS2_024125,DS2_kyyyy8_all,1,O4_UNICODE_ORTHOGRAPHIC,MILD,42,"KYT4️⃣D ☢️ suka banget sama alur ceritanya, natural dan ngena.","KYT44️⃣D ☢️ suka banget sama alur ceritanya, natural dan ngena.",True,SUCCESS,,1,0.0161,1
DS2_024125_O4_UNICODE_ORTHOGRAPHIC_STRONG,DS2_024125,DS2_kyyyy8_all,1,O4_UNICODE_ORTHOGRAPHIC,STRONG,42,"KYT4️⃣D ☢️ suka banget sama alur ceritanya, natural dan ngena.","KYT4️⃣D ☢️ sukа bangеt sama alur ceritanya, natural dan ngena.",True,SUCCESS,,2,0.0323,2
DS2_024128_NORMAL_NORMAL,DS2_024128,DS2_kyyyy8_all,1,NORMAL,NORMAL,42,"Wah, pembahasannya relevan banget, KYT4️⃣D ☢️ setuju sepenuhnya.","Wah, pembahasannya relevan banget, KYT4️⃣D ☢️ setuju sepenuhnya.",False,SUCCESS,,0,0.0,0
DS2_024128_O1_CHAR_SUBSTITUTION_MILD,DS2_024128,DS2_kyyyy8_all,1,O1_CHAR_SUBSTITUTION,MILD,42,"Wah, pembahasannya relevan banget, KYT4️⃣D ☢️ setuju sepenuhnya.","Wah, pembahasannya relevan banget, KYT4️⃣D ☢️ 5etuju sepenuhnya.",True,SUCCESS,,1,0.0156,1
DS2_024128_O1_CHAR_SUBSTITUTION_STRONG,DS2_024128,DS2_kyyyy8_all,1,O1_CHAR_SUBSTITUTION,STRONG,42,"Wah, pembahasannya relevan banget, KYT4️⃣D ☢️ setuju sepenuhnya.","Wah, pembahasannya relevan b4n9et, KYT4️⃣D ☢️ 53tuju sepenuhnya.",True,SUCCESS,,4,0.0625,2
DS2_024128_O2_CHAR_INSERT_DELETE_MILD,DS2_024128,DS2_kyyyy8_all,1,O2_CHAR_INSERT_DELETE,MILD,42,"Wah, pembahasannya relevan banget, KYT4️⃣D ☢️ setuju sepenuhnya.","Wah, pembahasannya relevan banget, KYT4️⃣D ☢️ setuju sepenuhny.",True,SUCCESS,,1,0.0156,1
DS2_024128_O2_CHAR_INSERT_DELETE_STRONG,DS2_024128,DS2_kyyyy8_all,1,O2_CHAR_INSERT_DELETE,STRONG,42,"Wah, pembahasannya relevan banget, KYT4️⃣D ☢️ setuju sepenuhnya.","Wah, pemahasannya relevan banget, KT4️⃣D ☢️ setuju sepenuhnya.",True,SUCCESS,,2,0.0312,2
DS2_024128_O3_WHITESPACE_MILD,DS2_024128,DS2_kyyyy8_all,1,O3_WHITESPACE,MILD,42,"Wah, pembahasannya relevan banget, KYT4️⃣D ☢️ setuju sepenuhnya.","Wah, pembahasannya relevan bang et, KYT4️⃣D ☢️ setuju sepenuhnya.",True,SUCCESS,,1,0.0156,1
DS2_024128_O3_WHITESPACE_STRONG,DS2_024128,DS2_kyyyy8_all,1,O3_WHITESPACE,STRONG,42,"Wah, pembahasannya relevan banget, KYT4️⃣D ☢️ setuju sepenuhnya.","Wah, pembahasannya relevan banget, KY T4️⃣D ☢️ s etuju sepenuhnya.",True,SUCCESS,,2,0.0312,2
DS2_024128_O4_UNICODE_ORTHOGRAPHIC_MILD,DS2_024128,DS2_kyyyy8_all,1,O4_UNICODE_ORTHOGRAPHIC,MILD,42,"Wah, pembahasannya relevan banget, KYT4️⃣D ☢️ setuju sepenuhnya.","Wah, pembahasannya relevan banget, KYT4️⃣D ☢️ sеtuju sepenuhnya.",True,SUCCESS,,1,0.0156,1
DS2_024128_O4_UNICODE_ORTHOGRAPHIC_STRONG,DS2_024128,DS2_kyyyy8_all,1,O4_UNICODE_ORTHOGRAPHIC,STRONG,42,"Wah, pembahasannya relevan banget, KYT4️⃣D ☢️ setuju sepenuhnya.","Wah, pembahasannya relevan banget, KYT4️⃣D ☢️ sеtuju sеpenuhnya.",True,SUCCESS,,2,0.0312,2
DS2_024249_NORMAL_NORMAL,DS2_024249,DS2_kyyyy8_all,0,NORMAL,NORMAL,42,Nuri❤😂🎉,Nuri❤😂🎉,False,SUCCESS,,0,0.0,0
DS2_024249_O1_CHAR_SUBSTITUTION_MILD,DS2_024249,DS2_kyyyy8_all,0,O1_CHAR_SUBSTITUTION,MILD,42,Nuri❤😂🎉,Nur1❤😂🎉,True,SUCCESS,,1,0.1429,1
DS2_024249_O1_CHAR_SUBSTITUTION_STRONG,DS2_024249,DS2_kyyyy8_all,0,O1_CHAR_SUBSTITUTION,STRONG,42,Nuri❤😂🎉,Nur1❤😂🎉,True,SUCCESS,,1,0.1429,1
DS2_024249_O2_CHAR_INSERT_DELETE_MILD,DS2_024249,DS2_kyyyy8_all,0,O2_CHAR_INSERT_DELETE,MILD,42,Nuri❤😂🎉,Nurii❤😂🎉,True,SUCCESS,,1,0.1429,1
DS2_024249_O2_CHAR_INSERT_DELETE_STRONG,DS2_024249,DS2_kyyyy8_all,0,O2_CHAR_INSERT_DELETE,STRONG,42,Nuri❤😂🎉,Nurri❤😂🎉,True,SUCCESS,,1,0.1429,1
DS2_024249_O3_WHITESPACE_MILD,DS2_024249,DS2_kyyyy8_all,0,O3_WHITESPACE,MILD,42,Nuri❤😂🎉,Nur i❤😂🎉,True,SUCCESS,,1,0.1429,1
DS2_024249_O3_WHITESPACE_STRONG,DS2_024249,DS2_kyyyy8_all,0,O3_WHITESPACE,STRONG,42,Nuri❤😂🎉,Nur i❤😂🎉,True,SUCCESS,,1,0.1429,1
DS2_024249_O4_UNICODE_ORTHOGRAPHIC_MILD,DS2_024249,DS2_kyyyy8_all,0,O4_UNICODE_ORTHOGRAPHIC,MILD,42,Nuri❤😂🎉,Nurii❤😂🎉,True,SUCCESS,,1,0.1429,1
DS2_024249_O4_UNICODE_ORTHOGRAPHIC_STRONG,DS2_024249,DS2_kyyyy8_all,0,O4_UNICODE_ORTHOGRAPHIC,STRONG,42,Nuri❤😂🎉,Nurii❤😂🎉,True,SUCCESS,,1,0.1429,1
DS2_025725_NORMAL_NORMAL,DS2_025725,DS2_kyyyy8_all,0,NORMAL,NORMAL,42,1:55,1:55,False,SUCCESS,,0,0.0,0
DS2_025725_O1_CHAR_SUBSTITUTION_MILD,DS2_025725,DS2_kyyyy8_all,0,O1_CHAR_SUBSTITUTION,MILD,42,1:55,1:55,False,NO_CHANGE,No eligible target or token found for transformation.,0,0.0,0
DS2_025725_O1_CHAR_SUBSTITUTION_STRONG,DS2_025725,DS2_kyyyy8_all,0,O1_CHAR_SUBSTITUTION,STRONG,42,1:55,1:55,False,NO_CHANGE,No eligible target or token found for transformation.,0,0.0,0
DS2_025725_O2_CHAR_INSERT_DELETE_MILD,DS2_025725,DS2_kyyyy8_all,0,O2_CHAR_INSERT_DELETE,MILD,42,1:55,1:55,False,NO_CHANGE,No eligible target or token found for transformation.,0,0.0,0
DS2_025725_O2_CHAR_INSERT_DELETE_STRONG,DS2_025725,DS2_kyyyy8_all,0,O2_CHAR_INSERT_DELETE,STRONG,42,1:55,1:55,False,NO_CHANGE,No eligible target or token found for transformation.,0,0.0,0
DS2_025725_O3_WHITESPACE_MILD,DS2_025725,DS2_kyyyy8_all,0,O3_WHITESPACE,MILD,42,1:55,1:55,False,NO_CHANGE,No eligible target or token found for transformation.,0,0.0,0
DS2_025725_O3_WHITESPACE_STRONG,DS2_025725,DS2_kyyyy8_all,0,O3_WHITESPACE,STRONG,42,1:55,1:55,False,NO_CHANGE,No eligible target or token found for transformation.,0,0.0,0
DS2_025725_O4_UNICODE_ORTHOGRAPHIC_MILD,DS2_025725,DS2_kyyyy8_all,0,O4_UNICODE_ORTHOGRAPHIC,MILD,42,1:55,1:55,False,NO_CHANGE,No eligible target or token found for transformation.,0,0.0,0
DS2_025725_O4_UNICODE_ORTHOGRAPHIC_STRONG,DS2_025725,DS2_kyyyy8_all,0,O4_UNICODE_ORTHOGRAPHIC,STRONG,42,1:55,1:55,False,NO_CHANGE,No eligible target or token found for transformation.,0,0.0,0
DS2_026523_NORMAL_NORMAL,DS2_026523,DS2_kyyyy8_all,0,NORMAL,NORMAL,42,"Jangan-jangan semua yg dianggap mengkritisi pemerintah dianggap teroris, persis jaman orba apa2 yg kritis terhadap pemerintah dulu dianggap komunis 😭😭","Jangan-jangan semua yg dianggap mengkritisi pemerintah dianggap teroris, persis jaman orba apa2 yg kritis terhadap pemerintah dulu dianggap komunis 😭😭",False,SUCCESS,,0,0.0,0
DS2_026523_O1_CHAR_SUBSTITUTION_MILD,DS2_026523,DS2_kyyyy8_all,0,O1_CHAR_SUBSTITUTION,MILD,42,"Jangan-jangan semua yg dianggap mengkritisi pemerintah dianggap teroris, persis jaman orba apa2 yg kritis terhadap pemerintah dulu dianggap komunis 😭😭","Jangan-jangan semua yg dianggap mengkritisi pemerint4h dianggap teroris, persis jaman orba apa2 yg kritis terhadap pemerintah dulu dianggap komunis 😭😭",True,SUCCESS,,1,0.0067,1
DS2_026523_O1_CHAR_SUBSTITUTION_STRONG,DS2_026523,DS2_kyyyy8_all,0,O1_CHAR_SUBSTITUTION,STRONG,42,"Jangan-jangan semua yg dianggap mengkritisi pemerintah dianggap teroris, persis jaman orba apa2 yg kritis terhadap pemerintah dulu dianggap komunis 😭😭","Jangan-jangan semua yg dianggap mengkritisi pemerintah dianggap t3rori5, persis jaman orba 4p42 yg kritis terhadap pemerintah dulu dianggap komunis 😭😭",True,SUCCESS,,4,0.0267,2
DS2_026523_O2_CHAR_INSERT_DELETE_MILD,DS2_026523,DS2_kyyyy8_all,0,O2_CHAR_INSERT_DELETE,MILD,42,"Jangan-jangan semua yg dianggap mengkritisi pemerintah dianggap teroris, persis jaman orba apa2 yg kritis terhadap pemerintah dulu dianggap komunis 😭😭","Jangan-jangan semua yg diannggap mengkritisi pemerintah dianggap teroris, persis jaman orba apa2 yg kritis terhadap pemerintah dulu dianggap komunis 😭😭",True,SUCCESS,,1,0.0067,1
DS2_026523_O2_CHAR_INSERT_DELETE_STRONG,DS2_026523,DS2_kyyyy8_all,0,O2_CHAR_INSERT_DELETE,STRONG,42,"Jangan-jangan semua yg dianggap mengkritisi pemerintah dianggap teroris, persis jaman orba apa2 yg kritis terhadap pemerintah dulu dianggap komunis 😭😭","Jangan-jangan semua yg dianggap mengkritisi pemerintah dianggap teroris, persis jaman orba apa2 yg kritis terhadap pemeintah dulu dianggap kounis 😭😭",True,SUCCESS,,2,0.0133,2
DS2_026523_O3_WHITESPACE_MILD,DS2_026523,DS2_kyyyy8_all,0,O3_WHITESPACE,MILD,42,"Jangan-jangan semua yg dianggap mengkritisi pemerintah dianggap teroris, persis jaman orba apa2 yg kritis terhadap pemerintah dulu dianggap komunis 😭😭","Jangan-jangan semua yg dianggap mengkritisi pemerintah dianggap teroris, persis jaman orb a apa2 yg kritis terhadap pemerintah dulu dianggap komunis 😭😭",True,SUCCESS,,1,0.0067,1
DS2_026523_O3_WHITESPACE_STRONG,DS2_026523,DS2_kyyyy8_all,0,O3_WHITESPACE,STRONG,42,"Jangan-jangan semua yg dianggap mengkritisi pemerintah dianggap teroris, persis jaman orba apa2 yg kritis terhadap pemerintah dulu dianggap komunis 😭😭","Jangan-jangan semua yg dianggap mengkritisi pe merintah dianggap teroris, persis jam an orba apa2 yg kritis terhadap pemerintah dulu dianggap komunis 😭😭",True,SUCCESS,,2,0.0133,2
DS2_026523_O4_UNICODE_ORTHOGRAPHIC_MILD,DS2_026523,DS2_kyyyy8_all,0,O4_UNICODE_ORTHOGRAPHIC,MILD,42,"Jangan-jangan semua yg dianggap mengkritisi pemerintah dianggap teroris, persis jaman orba apa2 yg kritis terhadap pemerintah dulu dianggap komunis 😭😭","Jangan-jangan sеmua yg dianggap mengkritisi pemerintah dianggap teroris, persis jaman orba apa2 yg kritis terhadap pemerintah dulu dianggap komunis 😭😭",True,SUCCESS,,1,0.0067,1
DS2_026523_O4_UNICODE_ORTHOGRAPHIC_STRONG,DS2_026523,DS2_kyyyy8_all,0,O4_UNICODE_ORTHOGRAPHIC,STRONG,42,"Jangan-jangan semua yg dianggap mengkritisi pemerintah dianggap teroris, persis jaman orba apa2 yg kritis terhadap pemerintah dulu dianggap komunis 😭😭","Jangan-jangan semua yg dianggap mengkritisi pemerintah dianggap teroris, persis jaman orba apa2 yg kritis terhadap pemerintah dulu dianggaр kоmunis 😭😭",True,SUCCESS,,2,0.0133,2
DS4_000200_NORMAL_NORMAL,DS4_000200,DS4_kyyyy8_platform,0,NORMAL,NORMAL,42,Badut INTERNASIONAL memang real sialan,Badut INTERNASIONAL memang real sialan,False,SUCCESS,,0,0.0,0
DS4_000200_O1_CHAR_SUBSTITUTION_MILD,DS4_000200,DS4_kyyyy8_platform,0,O1_CHAR_SUBSTITUTION,MILD,42,Badut INTERNASIONAL memang real sialan,Badut INTERNASIONAL memang real s1alan,True,SUCCESS,,1,0.0263,1
DS4_000200_O1_CHAR_SUBSTITUTION_STRONG,DS4_000200,DS4_kyyyy8_platform,0,O1_CHAR_SUBSTITUTION,STRONG,42,Badut INTERNASIONAL memang real sialan,84dut 1NTERNASION4L memang real sialan,True,SUCCESS,,4,0.1053,2
DS4_000200_O2_CHAR_INSERT_DELETE_MILD,DS4_000200,DS4_kyyyy8_platform,0,O2_CHAR_INSERT_DELETE,MILD,42,Badut INTERNASIONAL memang real sialan,Badut INTERNASIONAL memang real siaan,True,SUCCESS,,1,0.0263,1
DS4_000200_O2_CHAR_INSERT_DELETE_STRONG,DS4_000200,DS4_kyyyy8_platform,0,O2_CHAR_INSERT_DELETE,STRONG,42,Badut INTERNASIONAL memang real sialan,Badut INTERNASIONAL memang reeal siallan,True,SUCCESS,,2,0.0526,2
DS4_000200_O3_WHITESPACE_MILD,DS4_000200,DS4_kyyyy8_platform,0,O3_WHITESPACE,MILD,42,Badut INTERNASIONAL memang real sialan,Badut INTERNASIONAL memang real si alan,True,SUCCESS,,1,0.0263,1
DS4_000200_O3_WHITESPACE_STRONG,DS4_000200,DS4_kyyyy8_platform,0,O3_WHITESPACE,STRONG,42,Badut INTERNASIONAL memang real sialan,Badut INTERNASIONAL mema ng real si alan,True,SUCCESS,,2,0.0526,2
DS4_000200_O4_UNICODE_ORTHOGRAPHIC_MILD,DS4_000200,DS4_kyyyy8_platform,0,O4_UNICODE_ORTHOGRAPHIC,MILD,42,Badut INTERNASIONAL memang real sialan,Badut INTERNASIОNAL memang real sialan,True,SUCCESS,,1,0.0263,1
DS4_000200_O4_UNICODE_ORTHOGRAPHIC_STRONG,DS4_000200,DS4_kyyyy8_platform,0,O4_UNICODE_ORTHOGRAPHIC,STRONG,42,Badut INTERNASIONAL memang real sialan,Bаdut INTERNASIONAL memang real sialаn,True,SUCCESS,,2,0.0526,2
DS4_000273_NORMAL_NORMAL,DS4_000273,DS4_kyyyy8_platform,0,NORMAL,NORMAL,42,TEAM RRQ JAGOO BACOT DOANK.  LOKAL PUN GAK PANTAS D SEBUT BANGSAD. BADUT PAS BUAT KATA TEAM ANJING INI,TEAM RRQ JAGOO BACOT DOANK.  LOKAL PUN GAK PANTAS D SEBUT BANGSAD. BADUT PAS BUAT KATA TEAM ANJING INI,False,SUCCESS,,0,0.0,0
DS4_000273_O1_CHAR_SUBSTITUTION_MILD,DS4_000273,DS4_kyyyy8_platform,0,O1_CHAR_SUBSTITUTION,MILD,42,TEAM RRQ JAGOO BACOT DOANK.  LOKAL PUN GAK PANTAS D SEBUT BANGSAD. BADUT PAS BUAT KATA TEAM ANJING INI,TEAM RRQ JAGOO BACOT DOANK.  LOKAL PUN GAK PAN7AS D SEBUT BANGSAD. BADUT PAS BUAT KATA TEAM ANJING INI,True,SUCCESS,,1,0.0098,1
DS4_000273_O1_CHAR_SUBSTITUTION_STRONG,DS4_000273,DS4_kyyyy8_platform,0,O1_CHAR_SUBSTITUTION,STRONG,42,TEAM RRQ JAGOO BACOT DOANK.  LOKAL PUN GAK PANTAS D SEBUT BANGSAD. BADUT PAS BUAT KATA TEAM ANJING INI,TEAM RRQ JAGOO BACOT DOANK.  LOKAL PUN GAK PANTAS D SEBUT BANGSAD. 84DUT PAS BUAT KATA T34M ANJING INI,True,SUCCESS,,4,0.0392,2
DS4_000273_O2_CHAR_INSERT_DELETE_MILD,DS4_000273,DS4_kyyyy8_platform,0,O2_CHAR_INSERT_DELETE,MILD,42,TEAM RRQ JAGOO BACOT DOANK.  LOKAL PUN GAK PANTAS D SEBUT BANGSAD. BADUT PAS BUAT KATA TEAM ANJING INI,TEAM RRQ JAGOO BACOT DOANK.  LOAL PUN GAK PANTAS D SEBUT BANGSAD. BADUT PAS BUAT KATA TEAM ANJING INI,True,SUCCESS,,1,0.0098,1
DS4_000273_O2_CHAR_INSERT_DELETE_STRONG,DS4_000273,DS4_kyyyy8_platform,0,O2_CHAR_INSERT_DELETE,STRONG,42,TEAM RRQ JAGOO BACOT DOANK.  LOKAL PUN GAK PANTAS D SEBUT BANGSAD. BADUT PAS BUAT KATA TEAM ANJING INI,TEAM RRQ JAGOO BACT DOANK.  LOKAL PUN GAK PANTTAS D SEBUT BANGSAD. BADUT PAS BUAT KATA TEAM ANJING INI,True,SUCCESS,,2,0.0196,2
DS4_000273_O3_WHITESPACE_MILD,DS4_000273,DS4_kyyyy8_platform,0,O3_WHITESPACE,MILD,42,TEAM RRQ JAGOO BACOT DOANK.  LOKAL PUN GAK PANTAS D SEBUT BANGSAD. BADUT PAS BUAT KATA TEAM ANJING INI,TEAM RRQ JAGOO BACOT DOANK.  LOKAL PUN GAK PANTAS D SEBUT BANGSAD. BA DUT PAS BUAT KATA TEAM ANJING INI,True,SUCCESS,,1,0.0098,1
DS4_000273_O3_WHITESPACE_STRONG,DS4_000273,DS4_kyyyy8_platform,0,O3_WHITESPACE,STRONG,42,TEAM RRQ JAGOO BACOT DOANK.  LOKAL PUN GAK PANTAS D SEBUT BANGSAD. BADUT PAS BUAT KATA TEAM ANJING INI,TEAM RRQ JAGOO BACOT DOANK.  LOKAL PUN GAK PANTAS D SE BUT BA NGSAD. BADUT PAS BUAT KATA TEAM ANJING INI,True,SUCCESS,,2,0.0196,2
DS4_000273_O4_UNICODE_ORTHOGRAPHIC_MILD,DS4_000273,DS4_kyyyy8_platform,0,O4_UNICODE_ORTHOGRAPHIC,MILD,42,TEAM RRQ JAGOO BACOT DOANK.  LOKAL PUN GAK PANTAS D SEBUT BANGSAD. BADUT PAS BUAT KATA TEAM ANJING INI,TEAM RRQ JAGOO BACOT DOANK.  LOKAL PUN GAK PANTAS D SEBUT BANGSAD. BADUT PAS BUAT KATA TEАM ANJING INI,True,SUCCESS,,1,0.0098,1
DS4_000273_O4_UNICODE_ORTHOGRAPHIC_STRONG,DS4_000273,DS4_kyyyy8_platform,0,O4_UNICODE_ORTHOGRAPHIC,STRONG,42,TEAM RRQ JAGOO BACOT DOANK.  LOKAL PUN GAK PANTAS D SEBUT BANGSAD. BADUT PAS BUAT KATA TEAM ANJING INI,TEAM RRQ JAGOO BACOT DOANK.  LOKAL PUN GAK PАNTAS D SEBUT BANGSAD. BADUT PAS BUAT KATA TEAM АNJING INI,True,SUCCESS,,2,0.0196,2
DS4_000395_NORMAL_NORMAL,DS4_000395,DS4_kyyyy8_platform,0,NORMAL,NORMAL,42,AWOKAWOK LOKAL KALAH,AWOKAWOK LOKAL KALAH,False,SUCCESS,,0,0.0,0
DS4_000395_O1_CHAR_SUBSTITUTION_MILD,DS4_000395,DS4_kyyyy8_platform,0,O1_CHAR_SUBSTITUTION,MILD,42,AWOKAWOK LOKAL KALAH,AWOKAWOK LOK4L KALAH,True,SUCCESS,,1,0.05,1
DS4_000395_O1_CHAR_SUBSTITUTION_STRONG,DS4_000395,DS4_kyyyy8_platform,0,O1_CHAR_SUBSTITUTION,STRONG,42,AWOKAWOK LOKAL KALAH,4WOK4WOK L0K4L KALAH,True,SUCCESS,,4,0.2,2
DS4_000395_O2_CHAR_INSERT_DELETE_MILD,DS4_000395,DS4_kyyyy8_platform,0,O2_CHAR_INSERT_DELETE,MILD,42,AWOKAWOK LOKAL KALAH,AWOKAWK LOKAL KALAH,True,SUCCESS,,1,0.05,1
DS4_000395_O2_CHAR_INSERT_DELETE_STRONG,DS4_000395,DS4_kyyyy8_platform,0,O2_CHAR_INSERT_DELETE,STRONG,42,AWOKAWOK LOKAL KALAH,AWOKAWK LOOKAL KALAH,True,SUCCESS,,2,0.1,2
DS4_000395_O3_WHITESPACE_MILD,DS4_000395,DS4_kyyyy8_platform,0,O3_WHITESPACE,MILD,42,AWOKAWOK LOKAL KALAH,AWOK AWOK LOKAL KALAH,True,SUCCESS,,1,0.05,1
DS4_000395_O3_WHITESPACE_STRONG,DS4_000395,DS4_kyyyy8_platform,0,O3_WHITESPACE,STRONG,42,AWOKAWOK LOKAL KALAH,AWOKAW OK LOKAL KAL AH,True,SUCCESS,,2,0.1,2
DS4_000395_O4_UNICODE_ORTHOGRAPHIC_MILD,DS4_000395,DS4_kyyyy8_platform,0,O4_UNICODE_ORTHOGRAPHIC,MILD,42,AWOKAWOK LOKAL KALAH,AWOKAWOK LOKAL KАLAH,True,SUCCESS,,1,0.05,1
DS4_000395_O4_UNICODE_ORTHOGRAPHIC_STRONG,DS4_000395,DS4_kyyyy8_platform,0,O4_UNICODE_ORTHOGRAPHIC,STRONG,42,AWOKAWOK LOKAL KALAH,AWOKАWOK LOKAL KALАH,True,SUCCESS,,2,0.1,2
DS4_000583_NORMAL_NORMAL,DS4_000583,DS4_kyyyy8_platform,0,NORMAL,NORMAL,42,"Mantap, tim manapun boleh menang asal jgn tim ini deh. Wkwk","Mantap, tim manapun boleh menang asal jgn tim ini deh. Wkwk",False,SUCCESS,,0,0.0,0
DS4_000583_O1_CHAR_SUBSTITUTION_MILD,DS4_000583,DS4_kyyyy8_platform,0,O1_CHAR_SUBSTITUTION,MILD,42,"Mantap, tim manapun boleh menang asal jgn tim ini deh. Wkwk","Mantap, tim manapun boleh menan9 asal jgn tim ini deh. Wkwk",True,SUCCESS,,1,0.0169,1
DS4_000583_O1_CHAR_SUBSTITUTION_STRONG,DS4_000583,DS4_kyyyy8_platform,0,O1_CHAR_SUBSTITUTION,STRONG,42,"Mantap, tim manapun boleh menang asal jgn tim ini deh. Wkwk","Man74p, tim manapun boleh m3n4ng asal jgn tim ini deh. Wkwk",True,SUCCESS,,4,0.0678,2
DS4_000583_O2_CHAR_INSERT_DELETE_MILD,DS4_000583,DS4_kyyyy8_platform,0,O2_CHAR_INSERT_DELETE,MILD,42,"Mantap, tim manapun boleh menang asal jgn tim ini deh. Wkwk","Mantap, tim manaun boleh menang asal jgn tim ini deh. Wkwk",True,SUCCESS,,1,0.0169,1
DS4_000583_O2_CHAR_INSERT_DELETE_STRONG,DS4_000583,DS4_kyyyy8_platform,0,O2_CHAR_INSERT_DELETE,STRONG,42,"Mantap, tim manapun boleh menang asal jgn tim ini deh. Wkwk","Mantaap, tim mannapun boleh menang asal jgn tim ini deh. Wkwk",True,SUCCESS,,2,0.0339,2
DS4_000583_O3_WHITESPACE_MILD,DS4_000583,DS4_kyyyy8_platform,0,O3_WHITESPACE,MILD,42,"Mantap, tim manapun boleh menang asal jgn tim ini deh. Wkwk","Mantap, tim mana pun boleh menang asal jgn tim ini deh. Wkwk",True,SUCCESS,,1,0.0169,1
DS4_000583_O3_WHITESPACE_STRONG,DS4_000583,DS4_kyyyy8_platform,0,O3_WHITESPACE,STRONG,42,"Mantap, tim manapun boleh menang asal jgn tim ini deh. Wkwk","Mantap, tim manapun boleh men ang asa l jgn tim ini deh. Wkwk",True,SUCCESS,,2,0.0339,2
DS4_000583_O4_UNICODE_ORTHOGRAPHIC_MILD,DS4_000583,DS4_kyyyy8_platform,0,O4_UNICODE_ORTHOGRAPHIC,MILD,42,"Mantap, tim manapun boleh menang asal jgn tim ini deh. Wkwk","Mantap, tim manapun boleh menаng asal jgn tim ini deh. Wkwk",True,SUCCESS,,1,0.0169,1
DS4_000583_O4_UNICODE_ORTHOGRAPHIC_STRONG,DS4_000583,DS4_kyyyy8_platform,0,O4_UNICODE_ORTHOGRAPHIC,STRONG,42,"Mantap, tim manapun boleh menang asal jgn tim ini deh. Wkwk","Mantaр, tim manapun boleh menang аsal jgn tim ini deh. Wkwk",True,SUCCESS,,2,0.0339,2
DS4_000683_NORMAL_NORMAL,DS4_000683,DS4_kyyyy8_platform,1,NORMAL,NORMAL,42,"""Cuan makin deras tiap spin di VOLI4D 🎰""❤❤🎉","""Cuan makin deras tiap spin di VOLI4D 🎰""❤❤🎉",False,SUCCESS,,0,0.0,0
DS4_000683_O1_CHAR_SUBSTITUTION_MILD,DS4_000683,DS4_kyyyy8_platform,1,O1_CHAR_SUBSTITUTION,MILD,42,"""Cuan makin deras tiap spin di VOLI4D 🎰""❤❤🎉","""Cuan m4kin deras tiap spin di VOLI4D 🎰""❤❤🎉",True,SUCCESS,,1,0.0233,1
DS4_000683_O1_CHAR_SUBSTITUTION_STRONG,DS4_000683,DS4_kyyyy8_platform,1,O1_CHAR_SUBSTITUTION,STRONG,42,"""Cuan makin deras tiap spin di VOLI4D 🎰""❤❤🎉","""Cu4n makin deras tiap spin di V0L14D 🎰""❤❤🎉",True,SUCCESS,,3,0.0698,2
DS4_000683_O2_CHAR_INSERT_DELETE_MILD,DS4_000683,DS4_kyyyy8_platform,1,O2_CHAR_INSERT_DELETE,MILD,42,"""Cuan makin deras tiap spin di VOLI4D 🎰""❤❤🎉","""Cuuan makin deras tiap spin di VOLI4D 🎰""❤❤🎉",True,SUCCESS,,1,0.0233,1
DS4_000683_O2_CHAR_INSERT_DELETE_STRONG,DS4_000683,DS4_kyyyy8_platform,1,O2_CHAR_INSERT_DELETE,STRONG,42,"""Cuan makin deras tiap spin di VOLI4D 🎰""❤❤🎉","""Cuan makin deras tiap sppin di VOOLI4D 🎰""❤❤🎉",True,SUCCESS,,2,0.0465,2
DS4_000683_O3_WHITESPACE_MILD,DS4_000683,DS4_kyyyy8_platform,1,O3_WHITESPACE,MILD,42,"""Cuan makin deras tiap spin di VOLI4D 🎰""❤❤🎉","""Cuan makin der as tiap spin di VOLI4D 🎰""❤❤🎉",True,SUCCESS,,1,0.0233,1
DS4_000683_O3_WHITESPACE_STRONG,DS4_000683,DS4_kyyyy8_platform,1,O3_WHITESPACE,STRONG,42,"""Cuan makin deras tiap spin di VOLI4D 🎰""❤❤🎉","""Cuan makin deras tiap sp in di VOL I4D 🎰""❤❤🎉",True,SUCCESS,,2,0.0465,2
DS4_000683_O4_UNICODE_ORTHOGRAPHIC_MILD,DS4_000683,DS4_kyyyy8_platform,1,O4_UNICODE_ORTHOGRAPHIC,MILD,42,"""Cuan makin deras tiap spin di VOLI4D 🎰""❤❤🎉","""Cuan makin dеras tiap spin di VOLI4D 🎰""❤❤🎉",True,SUCCESS,,1,0.0233,1
DS4_000683_O4_UNICODE_ORTHOGRAPHIC_STRONG,DS4_000683,DS4_kyyyy8_platform,1,O4_UNICODE_ORTHOGRAPHIC,STRONG,42,"""Cuan makin deras tiap spin di VOLI4D 🎰""❤❤🎉","""Cuan makin dеras tiap sрin di VOLI4D 🎰""❤❤🎉",True,SUCCESS,,2,0.0465,2
DS4_000728_NORMAL_NORMAL,DS4_000728,DS4_kyyyy8_platform,1,NORMAL,NORMAL,42,Gue yakin creator 𝑰𝑺𝑻𝑨𝑵𝑨𝑩𝑬𝑻17❤️ juga suka video gini,Gue yakin creator 𝑰𝑺𝑻𝑨𝑵𝑨𝑩𝑬𝑻17❤️ juga suka video gini,False,SUCCESS,,0,0.0,0
DS4_000728_O1_CHAR_SUBSTITUTION_MILD,DS4_000728,DS4_kyyyy8_platform,1,O1_CHAR_SUBSTITUTION,MILD,42,Gue yakin creator 𝑰𝑺𝑻𝑨𝑵𝑨𝑩𝑬𝑻17❤️ juga suka video gini,Gue yakin creat0r 𝑰𝑺𝑻𝑨𝑵𝑨𝑩𝑬𝑻17❤️ juga suka video gini,True,SUCCESS,,1,0.0192,1
DS4_000728_O1_CHAR_SUBSTITUTION_STRONG,DS4_000728,DS4_kyyyy8_platform,1,O1_CHAR_SUBSTITUTION,STRONG,42,Gue yakin creator 𝑰𝑺𝑻𝑨𝑵𝑨𝑩𝑬𝑻17❤️ juga suka video gini,Gue yakin creator 𝑰𝑺𝑻𝑨𝑵𝑨𝑩𝑬𝑻17❤️ juga 5uk4 v1d3o gini,True,SUCCESS,,4,0.0769,2
DS4_000728_O2_CHAR_INSERT_DELETE_MILD,DS4_000728,DS4_kyyyy8_platform,1,O2_CHAR_INSERT_DELETE,MILD,42,Gue yakin creator 𝑰𝑺𝑻𝑨𝑵𝑨𝑩𝑬𝑻17❤️ juga suka video gini,Gue yakin creator 𝑰𝑺𝑻𝑨𝑵𝑨𝑩𝑬𝑻17❤️ juga suka video giini,True,SUCCESS,,1,0.0192,1
DS4_000728_O2_CHAR_INSERT_DELETE_STRONG,DS4_000728,DS4_kyyyy8_platform,1,O2_CHAR_INSERT_DELETE,STRONG,42,Gue yakin creator 𝑰𝑺𝑻𝑨𝑵𝑨𝑩𝑬𝑻17❤️ juga suka video gini,Gue yakin creaor 𝑰𝑺𝑻𝑨𝑵𝑨𝑩𝑬𝑻17❤️ juga suka vieo gini,True,SUCCESS,,2,0.0385,2
DS4_000728_O3_WHITESPACE_MILD,DS4_000728,DS4_kyyyy8_platform,1,O3_WHITESPACE,MILD,42,Gue yakin creator 𝑰𝑺𝑻𝑨𝑵𝑨𝑩𝑬𝑻17❤️ juga suka video gini,Gue yakin creator 𝑰𝑺𝑻𝑨𝑵𝑨𝑩𝑬𝑻17❤️ juga suka vi deo gini,True,SUCCESS,,1,0.0192,1
DS4_000728_O3_WHITESPACE_STRONG,DS4_000728,DS4_kyyyy8_platform,1,O3_WHITESPACE,STRONG,42,Gue yakin creator 𝑰𝑺𝑻𝑨𝑵𝑨𝑩𝑬𝑻17❤️ juga suka video gini,Gue yakin cr eator 𝑰𝑺𝑻𝑨 𝑵𝑨𝑩𝑬𝑻17❤️ juga suka video gini,True,SUCCESS,,2,0.0385,2
DS4_000728_O4_UNICODE_ORTHOGRAPHIC_MILD,DS4_000728,DS4_kyyyy8_platform,1,O4_UNICODE_ORTHOGRAPHIC,MILD,42,Gue yakin creator 𝑰𝑺𝑻𝑨𝑵𝑨𝑩𝑬𝑻17❤️ juga suka video gini,Gue yakin creator 𝑰𝑺𝑻𝑨𝑵𝑨𝑩𝑬𝑻17❤️ juga suka video ginii,True,SUCCESS,,1,0.0192,1
DS4_000728_O4_UNICODE_ORTHOGRAPHIC_STRONG,DS4_000728,DS4_kyyyy8_platform,1,O4_UNICODE_ORTHOGRAPHIC,STRONG,42,Gue yakin creator 𝑰𝑺𝑻𝑨𝑵𝑨𝑩𝑬𝑻17❤️ juga suka video gini,Gue yakin creator 𝑰𝑺𝑻𝑨𝑵𝑨𝑩𝑬𝑻17❤️ juga sukа video ginii,True,SUCCESS,,2,0.0385,2
DS4_000787_NORMAL_NORMAL,DS4_000787,DS4_kyyyy8_platform,0,NORMAL,NORMAL,42,Go ererki #9,Go ererki #9,False,SUCCESS,,0,0.0,0
DS4_000787_O1_CHAR_SUBSTITUTION_MILD,DS4_000787,DS4_kyyyy8_platform,0,O1_CHAR_SUBSTITUTION,MILD,42,Go ererki #9,Go ererk1 #9,True,SUCCESS,,1,0.0833,1
DS4_000787_O1_CHAR_SUBSTITUTION_STRONG,DS4_000787,DS4_kyyyy8_platform,0,O1_CHAR_SUBSTITUTION,STRONG,42,Go ererki #9,Go 3r3rki #9,True,SUCCESS,,2,0.1667,1
DS4_000787_O2_CHAR_INSERT_DELETE_MILD,DS4_000787,DS4_kyyyy8_platform,0,O2_CHAR_INSERT_DELETE,MILD,42,Go ererki #9,Go ereki #9,True,SUCCESS,,1,0.0833,1
DS4_000787_O2_CHAR_INSERT_DELETE_STRONG,DS4_000787,DS4_kyyyy8_platform,0,O2_CHAR_INSERT_DELETE,STRONG,42,Go ererki #9,Go eerki #9,True,SUCCESS,,1,0.0833,1
DS4_000787_O3_WHITESPACE_MILD,DS4_000787,DS4_kyyyy8_platform,0,O3_WHITESPACE,MILD,42,Go ererki #9,Go er erki #9,True,SUCCESS,,1,0.0833,1
DS4_000787_O3_WHITESPACE_STRONG,DS4_000787,DS4_kyyyy8_platform,0,O3_WHITESPACE,STRONG,42,Go ererki #9,Go ere rki #9,True,SUCCESS,,1,0.0833,1
DS4_000787_O4_UNICODE_ORTHOGRAPHIC_MILD,DS4_000787,DS4_kyyyy8_platform,0,O4_UNICODE_ORTHOGRAPHIC,MILD,42,Go ererki #9,Go erеrki #9,True,SUCCESS,,1,0.0833,1
DS4_000787_O4_UNICODE_ORTHOGRAPHIC_STRONG,DS4_000787,DS4_kyyyy8_platform,0,O4_UNICODE_ORTHOGRAPHIC,STRONG,42,Go ererki #9,Go erеrki #9,True,SUCCESS,,1,0.0833,1
DS4_000831_NORMAL_NORMAL,DS4_000831,DS4_kyyyy8_platform,0,NORMAL,NORMAL,42,First,First,False,SUCCESS,,0,0.0,0
DS4_000831_O1_CHAR_SUBSTITUTION_MILD,DS4_000831,DS4_kyyyy8_platform,0,O1_CHAR_SUBSTITUTION,MILD,42,First,Fir5t,True,SUCCESS,,1,0.2,1
DS4_000831_O1_CHAR_SUBSTITUTION_STRONG,DS4_000831,DS4_kyyyy8_platform,0,O1_CHAR_SUBSTITUTION,STRONG,42,First,F1r5t,True,SUCCESS,,2,0.4,1
DS4_000831_O2_CHAR_INSERT_DELETE_MILD,DS4_000831,DS4_kyyyy8_platform,0,O2_CHAR_INSERT_DELETE,MILD,42,First,Frst,True,SUCCESS,,1,0.2,1
DS4_000831_O2_CHAR_INSERT_DELETE_STRONG,DS4_000831,DS4_kyyyy8_platform,0,O2_CHAR_INSERT_DELETE,STRONG,42,First,Frst,True,SUCCESS,,1,0.2,1
DS4_000831_O3_WHITESPACE_MILD,DS4_000831,DS4_kyyyy8_platform,0,O3_WHITESPACE,MILD,42,First,Firs t,True,SUCCESS,,1,0.2,1
DS4_000831_O3_WHITESPACE_STRONG,DS4_000831,DS4_kyyyy8_platform,0,O3_WHITESPACE,STRONG,42,First,F irst,True,SUCCESS,,1,0.2,1
DS4_000831_O4_UNICODE_ORTHOGRAPHIC_MILD,DS4_000831,DS4_kyyyy8_platform,0,O4_UNICODE_ORTHOGRAPHIC,MILD,42,First,Fiirst,True,SUCCESS,,1,0.2,1
DS4_000831_O4_UNICODE_ORTHOGRAPHIC_STRONG,DS4_000831,DS4_kyyyy8_platform,0,O4_UNICODE_ORTHOGRAPHIC,STRONG,42,First,Fiirst,True,SUCCESS,,1,0.2,1
DS4_001038_NORMAL_NORMAL,DS4_001038,DS4_kyyyy8_platform,0,NORMAL,NORMAL,42,Jung rrq bagus hazle,Jung rrq bagus hazle,False,SUCCESS,,0,0.0,0
DS4_001038_O1_CHAR_SUBSTITUTION_MILD,DS4_001038,DS4_kyyyy8_platform,0,O1_CHAR_SUBSTITUTION,MILD,42,Jung rrq bagus hazle,Jung rrq bagus hazl3,True,SUCCESS,,1,0.05,1
DS4_001038_O1_CHAR_SUBSTITUTION_STRONG,DS4_001038,DS4_kyyyy8_platform,0,O1_CHAR_SUBSTITUTION,STRONG,42,Jung rrq bagus hazle,Jun9 rrq bagus h4zl3,True,SUCCESS,,3,0.15,2
DS4_001038_O2_CHAR_INSERT_DELETE_MILD,DS4_001038,DS4_kyyyy8_platform,0,O2_CHAR_INSERT_DELETE,MILD,42,Jung rrq bagus hazle,Jung rrq bagus hale,True,SUCCESS,,1,0.05,1
DS4_001038_O2_CHAR_INSERT_DELETE_STRONG,DS4_001038,DS4_kyyyy8_platform,0,O2_CHAR_INSERT_DELETE,STRONG,42,Jung rrq bagus hazle,Jung rrq baagus haazle,True,SUCCESS,,2,0.1,2
DS4_001038_O3_WHITESPACE_MILD,DS4_001038,DS4_kyyyy8_platform,0,O3_WHITESPACE,MILD,42,Jung rrq bagus hazle,Ju ng rrq bagus hazle,True,SUCCESS,,1,0.05,1
DS4_001038_O3_WHITESPACE_STRONG,DS4_001038,DS4_kyyyy8_platform,0,O3_WHITESPACE,STRONG,42,Jung rrq bagus hazle,Jung rrq b agus hazl e,True,SUCCESS,,2,0.1,2
DS4_001038_O4_UNICODE_ORTHOGRAPHIC_MILD,DS4_001038,DS4_kyyyy8_platform,0,O4_UNICODE_ORTHOGRAPHIC,MILD,42,Jung rrq bagus hazle,Juung rrq bagus hazle,True,SUCCESS,,1,0.05,1
DS4_001038_O4_UNICODE_ORTHOGRAPHIC_STRONG,DS4_001038,DS4_kyyyy8_platform,0,O4_UNICODE_ORTHOGRAPHIC,STRONG,42,Jung rrq bagus hazle,Jung rrq bаgus hazlе,True,SUCCESS,,2,0.1,2
DS4_001443_NORMAL_NORMAL,DS4_001443,DS4_kyyyy8_platform,0,NORMAL,NORMAL,42,Kalo sutsujin diturunin dan kalah lo salahin juga ntar,Kalo sutsujin diturunin dan kalah lo salahin juga ntar,False,SUCCESS,,0,0.0,0
DS4_001443_O1_CHAR_SUBSTITUTION_MILD,DS4_001443,DS4_kyyyy8_platform,0,O1_CHAR_SUBSTITUTION,MILD,42,Kalo sutsujin diturunin dan kalah lo salahin juga ntar,Kalo sutsujin diturunin dan kalah lo salah1n juga ntar,True,SUCCESS,,1,0.0185,1
DS4_001443_O1_CHAR_SUBSTITUTION_STRONG,DS4_001443,DS4_kyyyy8_platform,0,O1_CHAR_SUBSTITUTION,STRONG,42,Kalo sutsujin diturunin dan kalah lo salahin juga ntar,K4l0 sutsujin di7urun1n dan kalah lo salahin juga ntar,True,SUCCESS,,4,0.0741,2
DS4_001443_O2_CHAR_INSERT_DELETE_MILD,DS4_001443,DS4_kyyyy8_platform,0,O2_CHAR_INSERT_DELETE,MILD,42,Kalo sutsujin diturunin dan kalah lo salahin juga ntar,Kalo sutsujin dituurunin dan kalah lo salahin juga ntar,True,SUCCESS,,1,0.0185,1
DS4_001443_O2_CHAR_INSERT_DELETE_STRONG,DS4_001443,DS4_kyyyy8_platform,0,O2_CHAR_INSERT_DELETE,STRONG,42,Kalo sutsujin diturunin dan kalah lo salahin juga ntar,Kalo sutsujin diturunin dan kaah lo salahin juga ntaar,True,SUCCESS,,2,0.037,2
DS4_001443_O3_WHITESPACE_MILD,DS4_001443,DS4_kyyyy8_platform,0,O3_WHITESPACE,MILD,42,Kalo sutsujin diturunin dan kalah lo salahin juga ntar,Kalo sutsujin ditur unin dan kalah lo salahin juga ntar,True,SUCCESS,,1,0.0185,1
DS4_001443_O3_WHITESPACE_STRONG,DS4_001443,DS4_kyyyy8_platform,0,O3_WHITESPACE,STRONG,42,Kalo sutsujin diturunin dan kalah lo salahin juga ntar,Kalo sutsujin d iturunin dan kalah lo salahin ju ga ntar,True,SUCCESS,,2,0.037,2
DS4_001443_O4_UNICODE_ORTHOGRAPHIC_MILD,DS4_001443,DS4_kyyyy8_platform,0,O4_UNICODE_ORTHOGRAPHIC,MILD,42,Kalo sutsujin diturunin dan kalah lo salahin juga ntar,Kalo sutsujin diturunin dan kalah lo salahin jugа ntar,True,SUCCESS,,1,0.0185,1
DS4_001443_O4_UNICODE_ORTHOGRAPHIC_STRONG,DS4_001443,DS4_kyyyy8_platform,0,O4_UNICODE_ORTHOGRAPHIC,STRONG,42,Kalo sutsujin diturunin dan kalah lo salahin juga ntar,Kalo sutsujin diturunin dan kalah lo salаhin jugа ntar,True,SUCCESS,,2,0.037,2
DS4_001481_NORMAL_NORMAL,DS4_001481,DS4_kyyyy8_platform,0,NORMAL,NORMAL,42,Kata-kata terakhir dari bkent : kairi kontol akiri kontol 😂,Kata-kata terakhir dari bkent : kairi kontol akiri kontol 😂,False,SUCCESS,,0,0.0,0
DS4_001481_O1_CHAR_SUBSTITUTION_MILD,DS4_001481,DS4_kyyyy8_platform,0,O1_CHAR_SUBSTITUTION,MILD,42,Kata-kata terakhir dari bkent : kairi kontol akiri kontol 😂,Kata-kata 7erakhir dari bkent : kairi kontol akiri kontol 😂,True,SUCCESS,,1,0.0169,1
DS4_001481_O1_CHAR_SUBSTITUTION_STRONG,DS4_001481,DS4_kyyyy8_platform,0,O1_CHAR_SUBSTITUTION,STRONG,42,Kata-kata terakhir dari bkent : kairi kontol akiri kontol 😂,Kata-kata terakhir d4r1 bkent : k41ri kontol akiri kontol 😂,True,SUCCESS,,4,0.0678,2
DS4_001481_O2_CHAR_INSERT_DELETE_MILD,DS4_001481,DS4_kyyyy8_platform,0,O2_CHAR_INSERT_DELETE,MILD,42,Kata-kata terakhir dari bkent : kairi kontol akiri kontol 😂,Kata-kata terakhir dari bkkent : kairi kontol akiri kontol 😂,True,SUCCESS,,1,0.0169,1
DS4_001481_O2_CHAR_INSERT_DELETE_STRONG,DS4_001481,DS4_kyyyy8_platform,0,O2_CHAR_INSERT_DELETE,STRONG,42,Kata-kata terakhir dari bkent : kairi kontol akiri kontol 😂,Kata-kata terakhir dari bkeent : kairri kontol akiri kontol 😂,True,SUCCESS,,2,0.0339,2
DS4_001481_O3_WHITESPACE_MILD,DS4_001481,DS4_kyyyy8_platform,0,O3_WHITESPACE,MILD,42,Kata-kata terakhir dari bkent : kairi kontol akiri kontol 😂,Kata-kata tera khir dari bkent : kairi kontol akiri kontol 😂,True,SUCCESS,,1,0.0169,1
DS4_001481_O3_WHITESPACE_STRONG,DS4_001481,DS4_kyyyy8_platform,0,O3_WHITESPACE,STRONG,42,Kata-kata terakhir dari bkent : kairi kontol akiri kontol 😂,Kata-kata terakhir da ri bkent : kairi kontol akiri kont ol 😂,True,SUCCESS,,2,0.0339,2
DS4_001481_O4_UNICODE_ORTHOGRAPHIC_MILD,DS4_001481,DS4_kyyyy8_platform,0,O4_UNICODE_ORTHOGRAPHIC,MILD,42,Kata-kata terakhir dari bkent : kairi kontol akiri kontol 😂,Kata-kata terakhir dari bkent : kairi kontоl akiri kontol 😂,True,SUCCESS,,1,0.0169,1
DS4_001481_O4_UNICODE_ORTHOGRAPHIC_STRONG,DS4_001481,DS4_kyyyy8_platform,0,O4_UNICODE_ORTHOGRAPHIC,STRONG,42,Kata-kata terakhir dari bkent : kairi kontol akiri kontol 😂,Kata-katа terakhir dari bkent : kairi kontol akiri kontоl 😂,True,SUCCESS,,2,0.0339,2
DS4_001872_NORMAL_NORMAL,DS4_001872,DS4_kyyyy8_platform,0,NORMAL,NORMAL,42,Rrq bott,Rrq bott,False,SUCCESS,,0,0.0,0
DS4_001872_O1_CHAR_SUBSTITUTION_MILD,DS4_001872,DS4_kyyyy8_platform,0,O1_CHAR_SUBSTITUTION,MILD,42,Rrq bott,Rrq 8ott,True,SUCCESS,,1,0.125,1
DS4_001872_O1_CHAR_SUBSTITUTION_STRONG,DS4_001872,DS4_kyyyy8_platform,0,O1_CHAR_SUBSTITUTION,STRONG,42,Rrq bott,Rrq bo77,True,SUCCESS,,2,0.25,1
DS4_001872_O2_CHAR_INSERT_DELETE_MILD,DS4_001872,DS4_kyyyy8_platform,0,O2_CHAR_INSERT_DELETE,MILD,42,Rrq bott,Rrq boott,True,SUCCESS,,1,0.125,1
DS4_001872_O2_CHAR_INSERT_DELETE_STRONG,DS4_001872,DS4_kyyyy8_platform,0,O2_CHAR_INSERT_DELETE,STRONG,42,Rrq bott,Rrq boott,True,SUCCESS,,1,0.125,1
DS4_001872_O3_WHITESPACE_MILD,DS4_001872,DS4_kyyyy8_platform,0,O3_WHITESPACE,MILD,42,Rrq bott,Rrq b ott,True,SUCCESS,,1,0.125,1
DS4_001872_O3_WHITESPACE_STRONG,DS4_001872,DS4_kyyyy8_platform,0,O3_WHITESPACE,STRONG,42,Rrq bott,Rrq b ott,True,SUCCESS,,1,0.125,1
DS4_001872_O4_UNICODE_ORTHOGRAPHIC_MILD,DS4_001872,DS4_kyyyy8_platform,0,O4_UNICODE_ORTHOGRAPHIC,MILD,42,Rrq bott,Rrq bоtt,True,SUCCESS,,1,0.125,1
DS4_001872_O4_UNICODE_ORTHOGRAPHIC_STRONG,DS4_001872,DS4_kyyyy8_platform,0,O4_UNICODE_ORTHOGRAPHIC,STRONG,42,Rrq bott,Rrq bоtt,True,SUCCESS,,1,0.125,1
DS4_001936_NORMAL_NORMAL,DS4_001936,DS4_kyyyy8_platform,0,NORMAL,NORMAL,42,Jadi happy liat bkent,Jadi happy liat bkent,False,SUCCESS,,0,0.0,0
DS4_001936_O1_CHAR_SUBSTITUTION_MILD,DS4_001936,DS4_kyyyy8_platform,0,O1_CHAR_SUBSTITUTION,MILD,42,Jadi happy liat bkent,Jadi h4ppy liat bkent,True,SUCCESS,,1,0.0476,1
DS4_001936_O1_CHAR_SUBSTITUTION_STRONG,DS4_001936,DS4_kyyyy8_platform,0,O1_CHAR_SUBSTITUTION,STRONG,42,Jadi happy liat bkent,J4d1 happy liat 8ken7,True,SUCCESS,,4,0.1905,2
DS4_001936_O2_CHAR_INSERT_DELETE_MILD,DS4_001936,DS4_kyyyy8_platform,0,O2_CHAR_INSERT_DELETE,MILD,42,Jadi happy liat bkent,Jadi happy liat bkennt,True,SUCCESS,,1,0.0476,1
DS4_001936_O2_CHAR_INSERT_DELETE_STRONG,DS4_001936,DS4_kyyyy8_platform,0,O2_CHAR_INSERT_DELETE,STRONG,42,Jadi happy liat bkent,Jadi hppy liat bent,True,SUCCESS,,2,0.0952,2
DS4_001936_O3_WHITESPACE_MILD,DS4_001936,DS4_kyyyy8_platform,0,O3_WHITESPACE,MILD,42,Jadi happy liat bkent,Ja di happy liat bkent,True,SUCCESS,,1,0.0476,1
DS4_001936_O3_WHITESPACE_STRONG,DS4_001936,DS4_kyyyy8_platform,0,O3_WHITESPACE,STRONG,42,Jadi happy liat bkent,J adi ha ppy liat bkent,True,SUCCESS,,2,0.0952,2
DS4_001936_O4_UNICODE_ORTHOGRAPHIC_MILD,DS4_001936,DS4_kyyyy8_platform,0,O4_UNICODE_ORTHOGRAPHIC,MILD,42,Jadi happy liat bkent,Jadi hapрy liat bkent,True,SUCCESS,,1,0.0476,1
DS4_001936_O4_UNICODE_ORTHOGRAPHIC_STRONG,DS4_001936,DS4_kyyyy8_platform,0,O4_UNICODE_ORTHOGRAPHIC,STRONG,42,Jadi happy liat bkent,Jadi happy liаt bkеnt,True,SUCCESS,,2,0.0952,2
DS4_002001_NORMAL_NORMAL,DS4_002001,DS4_kyyyy8_platform,0,NORMAL,NORMAL,42,😁🤣🤣,😁🤣🤣,False,SUCCESS,,0,0.0,0
DS4_002001_O1_CHAR_SUBSTITUTION_MILD,DS4_002001,DS4_kyyyy8_platform,0,O1_CHAR_SUBSTITUTION,MILD,42,😁🤣🤣,😁🤣🤣,False,NO_CHANGE,No eligible target or token found for transformation.,0,0.0,0
DS4_002001_O1_CHAR_SUBSTITUTION_STRONG,DS4_002001,DS4_kyyyy8_platform,0,O1_CHAR_SUBSTITUTION,STRONG,42,😁🤣🤣,😁🤣🤣,False,NO_CHANGE,No eligible target or token found for transformation.,0,0.0,0
DS4_002001_O2_CHAR_INSERT_DELETE_MILD,DS4_002001,DS4_kyyyy8_platform,0,O2_CHAR_INSERT_DELETE,MILD,42,😁🤣🤣,😁🤣🤣,False,NO_CHANGE,No eligible target or token found for transformation.,0,0.0,0
DS4_002001_O2_CHAR_INSERT_DELETE_STRONG,DS4_002001,DS4_kyyyy8_platform,0,O2_CHAR_INSERT_DELETE,STRONG,42,😁🤣🤣,😁🤣🤣,False,NO_CHANGE,No eligible target or token found for transformation.,0,0.0,0
DS4_002001_O3_WHITESPACE_MILD,DS4_002001,DS4_kyyyy8_platform,0,O3_WHITESPACE,MILD,42,😁🤣🤣,😁🤣🤣,False,NO_CHANGE,No eligible target or token found for transformation.,0,0.0,0
DS4_002001_O3_WHITESPACE_STRONG,DS4_002001,DS4_kyyyy8_platform,0,O3_WHITESPACE,STRONG,42,😁🤣🤣,😁🤣🤣,False,NO_CHANGE,No eligible target or token found for transformation.,0,0.0,0
DS4_002001_O4_UNICODE_ORTHOGRAPHIC_MILD,DS4_002001,DS4_kyyyy8_platform,0,O4_UNICODE_ORTHOGRAPHIC,MILD,42,😁🤣🤣,😁🤣🤣,False,NO_CHANGE,No eligible target or token found for transformation.,0,0.0,0
DS4_002001_O4_UNICODE_ORTHOGRAPHIC_STRONG,DS4_002001,DS4_kyyyy8_platform,0,O4_UNICODE_ORTHOGRAPHIC,STRONG,42,😁🤣🤣,😁🤣🤣,False,NO_CHANGE,No eligible target or token found for transformation.,0,0.0,0
DS4_002039_NORMAL_NORMAL,DS4_002039,DS4_kyyyy8_platform,0,NORMAL,NORMAL,42,Badut mseries nambah lawak dgn roster baru,Badut mseries nambah lawak dgn roster baru,False,SUCCESS,,0,0.0,0
DS4_002039_O1_CHAR_SUBSTITUTION_MILD,DS4_002039,DS4_kyyyy8_platform,0,O1_CHAR_SUBSTITUTION,MILD,42,Badut mseries nambah lawak dgn roster baru,Badut mseries nambah lawak dgn r0ster baru,True,SUCCESS,,1,0.0238,1
DS4_002039_O1_CHAR_SUBSTITUTION_STRONG,DS4_002039,DS4_kyyyy8_platform,0,O1_CHAR_SUBSTITUTION,STRONG,42,Badut mseries nambah lawak dgn roster baru,Badut mseries n4mb4h lawak dgn r0st3r baru,True,SUCCESS,,4,0.0952,2
DS4_002039_O2_CHAR_INSERT_DELETE_MILD,DS4_002039,DS4_kyyyy8_platform,0,O2_CHAR_INSERT_DELETE,MILD,42,Badut mseries nambah lawak dgn roster baru,Badut mseries nambah lawaak dgn roster baru,True,SUCCESS,,1,0.0238,1
DS4_002039_O2_CHAR_INSERT_DELETE_STRONG,DS4_002039,DS4_kyyyy8_platform,0,O2_CHAR_INSERT_DELETE,STRONG,42,Badut mseries nambah lawak dgn roster baru,Badut mseres nambah lawak dgn rostter baru,True,SUCCESS,,2,0.0476,2
DS4_002039_O3_WHITESPACE_MILD,DS4_002039,DS4_kyyyy8_platform,0,O3_WHITESPACE,MILD,42,Badut mseries nambah lawak dgn roster baru,Badut mseries nambah lawak dgn roster ba ru,True,SUCCESS,,1,0.0238,1
DS4_002039_O3_WHITESPACE_STRONG,DS4_002039,DS4_kyyyy8_platform,0,O3_WHITESPACE,STRONG,42,Badut mseries nambah lawak dgn roster baru,Bad ut mseries nambah lawak dgn roster bar u,True,SUCCESS,,2,0.0476,2
DS4_002039_O4_UNICODE_ORTHOGRAPHIC_MILD,DS4_002039,DS4_kyyyy8_platform,0,O4_UNICODE_ORTHOGRAPHIC,MILD,42,Badut mseries nambah lawak dgn roster baru,Badut mseries nambah lawak dgn roster bаru,True,SUCCESS,,1,0.0238,1
DS4_002039_O4_UNICODE_ORTHOGRAPHIC_STRONG,DS4_002039,DS4_kyyyy8_platform,0,O4_UNICODE_ORTHOGRAPHIC,STRONG,42,Badut mseries nambah lawak dgn roster baru,Bаdut mseries nambah lawak dgn rostеr baru,True,SUCCESS,,2,0.0476,2
DS4_002302_NORMAL_NORMAL,DS4_002302,DS4_kyyyy8_platform,1,NORMAL,NORMAL,42,Sekarang semua timeline dipenuhi dengan 🅿️︎🆄🅻︎🅰️︎🆄︎🆆︎🅸︎🅽︎.,Sekarang semua timeline dipenuhi dengan 🅿️︎🆄🅻︎🅰️︎🆄︎🆆︎🅸︎🅽︎.,False,SUCCESS,,0,0.0,0
DS4_002302_O1_CHAR_SUBSTITUTION_MILD,DS4_002302,DS4_kyyyy8_platform,1,O1_CHAR_SUBSTITUTION,MILD,42,Sekarang semua timeline dipenuhi dengan 🅿️︎🆄🅻︎🅰️︎🆄︎🆆︎🅸︎🅽︎.,Sekarang 5emua timeline dipenuhi dengan 🅿️︎🆄🅻︎🅰️︎🆄︎🆆︎🅸︎🅽︎.,True,SUCCESS,,1,0.0172,1
DS4_002302_O1_CHAR_SUBSTITUTION_STRONG,DS4_002302,DS4_kyyyy8_platform,1,O1_CHAR_SUBSTITUTION,STRONG,42,Sekarang semua timeline dipenuhi dengan 🅿️︎🆄🅻︎🅰️︎🆄︎🆆︎🅸︎🅽︎.,Sekarang 5emu4 7imel1ne dipenuhi dengan 🅿️︎🆄🅻︎🅰️︎🆄︎🆆︎🅸︎🅽︎.,True,SUCCESS,,4,0.069,2
DS4_002302_O2_CHAR_INSERT_DELETE_MILD,DS4_002302,DS4_kyyyy8_platform,1,O2_CHAR_INSERT_DELETE,MILD,42,Sekarang semua timeline dipenuhi dengan 🅿️︎🆄🅻︎🅰️︎🆄︎🆆︎🅸︎🅽︎.,Sekarang semua timeline dipenuhi dngan 🅿️︎🆄🅻︎🅰️︎🆄︎🆆︎🅸︎🅽︎.,True,SUCCESS,,1,0.0172,1
DS4_002302_O2_CHAR_INSERT_DELETE_STRONG,DS4_002302,DS4_kyyyy8_platform,1,O2_CHAR_INSERT_DELETE,STRONG,42,Sekarang semua timeline dipenuhi dengan 🅿️︎🆄🅻︎🅰️︎🆄︎🆆︎🅸︎🅽︎.,Sekaraang semmua timeline dipenuhi dengan 🅿️︎🆄🅻︎🅰️︎🆄︎🆆︎🅸︎🅽︎.,True,SUCCESS,,2,0.0345,2
DS4_002302_O3_WHITESPACE_MILD,DS4_002302,DS4_kyyyy8_platform,1,O3_WHITESPACE,MILD,42,Sekarang semua timeline dipenuhi dengan 🅿️︎🆄🅻︎🅰️︎🆄︎🆆︎🅸︎🅽︎.,Sekarang semua timeline dipenuh i dengan 🅿️︎🆄🅻︎🅰️︎🆄︎🆆︎🅸︎🅽︎.,True,SUCCESS,,1,0.0172,1
DS4_002302_O3_WHITESPACE_STRONG,DS4_002302,DS4_kyyyy8_platform,1,O3_WHITESPACE,STRONG,42,Sekarang semua timeline dipenuhi dengan 🅿️︎🆄🅻︎🅰️︎🆄︎🆆︎🅸︎🅽︎.,Sekarang se mua timeline dipe nuhi dengan 🅿️︎🆄🅻︎🅰️︎🆄︎🆆︎🅸︎🅽︎.,True,SUCCESS,,2,0.0345,2
DS4_002302_O4_UNICODE_ORTHOGRAPHIC_MILD,DS4_002302,DS4_kyyyy8_platform,1,O4_UNICODE_ORTHOGRAPHIC,MILD,42,Sekarang semua timeline dipenuhi dengan 🅿️︎🆄🅻︎🅰️︎🆄︎🆆︎🅸︎🅽︎.,Sekarang sеmua timeline dipenuhi dengan 🅿️︎🆄🅻︎🅰️︎🆄︎🆆︎🅸︎🅽︎.,True,SUCCESS,,1,0.0172,1
DS4_002302_O4_UNICODE_ORTHOGRAPHIC_STRONG,DS4_002302,DS4_kyyyy8_platform,1,O4_UNICODE_ORTHOGRAPHIC,STRONG,42,Sekarang semua timeline dipenuhi dengan 🅿️︎🆄🅻︎🅰️︎🆄︎🆆︎🅸︎🅽︎.,Sekаrang semua timelinе dipenuhi dengan 🅿️︎🆄🅻︎🅰️︎🆄︎🆆︎🅸︎🅽︎.,True,SUCCESS,,2,0.0345,2
DS4_002328_NORMAL_NORMAL,DS4_002328,DS4_kyyyy8_platform,1,NORMAL,NORMAL,42,"Pas naik ojol, helm driver-nya ada tulisan 🅟🅤🅛🅐🅤🅦🅘🅝 yang mencolok.","Pas naik ojol, helm driver-nya ada tulisan 🅟🅤🅛🅐🅤🅦🅘🅝 yang mencolok.",False,SUCCESS,,0,0.0,0
DS4_002328_O1_CHAR_SUBSTITUTION_MILD,DS4_002328,DS4_kyyyy8_platform,1,O1_CHAR_SUBSTITUTION,MILD,42,"Pas naik ojol, helm driver-nya ada tulisan 🅟🅤🅛🅐🅤🅦🅘🅝 yang mencolok.","Pas naik ojol, h3lm driver-nya ada tulisan 🅟🅤🅛🅐🅤🅦🅘🅝 yang mencolok.",True,SUCCESS,,1,0.0152,1
DS4_002328_O1_CHAR_SUBSTITUTION_STRONG,DS4_002328,DS4_kyyyy8_platform,1,O1_CHAR_SUBSTITUTION,STRONG,42,"Pas naik ojol, helm driver-nya ada tulisan 🅟🅤🅛🅐🅤🅦🅘🅝 yang mencolok.","Pas naik ojol, h3lm dr1v3r-nya ada tulisan 🅟🅤🅛🅐🅤🅦🅘🅝 yang mencolok.",True,SUCCESS,,3,0.0455,2
DS4_002328_O2_CHAR_INSERT_DELETE_MILD,DS4_002328,DS4_kyyyy8_platform,1,O2_CHAR_INSERT_DELETE,MILD,42,"Pas naik ojol, helm driver-nya ada tulisan 🅟🅤🅛🅐🅤🅦🅘🅝 yang mencolok.","Pas naik ojol, helm driver-nya ada tulisan 🅟🅤🅛🅐🅤🅦🅘🅝 yanng mencolok.",True,SUCCESS,,1,0.0152,1
DS4_002328_O2_CHAR_INSERT_DELETE_STRONG,DS4_002328,DS4_kyyyy8_platform,1,O2_CHAR_INSERT_DELETE,STRONG,42,"Pas naik ojol, helm driver-nya ada tulisan 🅟🅤🅛🅐🅤🅦🅘🅝 yang mencolok.","Pas naik ojool, hellm driver-nya ada tulisan 🅟🅤🅛🅐🅤🅦🅘🅝 yang mencolok.",True,SUCCESS,,2,0.0303,2
DS4_002328_O3_WHITESPACE_MILD,DS4_002328,DS4_kyyyy8_platform,1,O3_WHITESPACE,MILD,42,"Pas naik ojol, helm driver-nya ada tulisan 🅟🅤🅛🅐🅤🅦🅘🅝 yang mencolok.","Pas naik ojol, helm driver-nya ada tulisan 🅟🅤🅛🅐🅤🅦🅘🅝 yang men colok.",True,SUCCESS,,1,0.0152,1
DS4_002328_O3_WHITESPACE_STRONG,DS4_002328,DS4_kyyyy8_platform,1,O3_WHITESPACE,STRONG,42,"Pas naik ojol, helm driver-nya ada tulisan 🅟🅤🅛🅐🅤🅦🅘🅝 yang mencolok.","Pas n aik ojol, helm driver-n ya ada tulisan 🅟🅤🅛🅐🅤🅦🅘🅝 yang mencolok.",True,SUCCESS,,2,0.0303,2
DS4_002328_O4_UNICODE_ORTHOGRAPHIC_MILD,DS4_002328,DS4_kyyyy8_platform,1,O4_UNICODE_ORTHOGRAPHIC,MILD,42,"Pas naik ojol, helm driver-nya ada tulisan 🅟🅤🅛🅐🅤🅦🅘🅝 yang mencolok.","Pas naik ojol, helm driver-nya ada tulisan 🅟🅤🅛🅐🅤🅦🅘🅝 yang mencolоk.",True,SUCCESS,,1,0.0152,1
DS4_002328_O4_UNICODE_ORTHOGRAPHIC_STRONG,DS4_002328,DS4_kyyyy8_platform,1,O4_UNICODE_ORTHOGRAPHIC,STRONG,42,"Pas naik ojol, helm driver-nya ada tulisan 🅟🅤🅛🅐🅤🅦🅘🅝 yang mencolok.","Pas naik ojol, hеlm driver-nya ada tulisаn 🅟🅤🅛🅐🅤🅦🅘🅝 yang mencolok.",True,SUCCESS,,2,0.0303,2
DS4_002565_NORMAL_NORMAL,DS4_002565,DS4_kyyyy8_platform,1,NORMAL,NORMAL,42,"Berkah rezeki hari ini berkat,🌍ℙℝ𝕆𝔹𝔼𝕋855🌍puji syukur!","Berkah rezeki hari ini berkat,🌍ℙℝ𝕆𝔹𝔼𝕋855🌍puji syukur!",False,SUCCESS,,0,0.0,0
DS4_002565_O1_CHAR_SUBSTITUTION_MILD,DS4_002565,DS4_kyyyy8_platform,1,O1_CHAR_SUBSTITUTION,MILD,42,"Berkah rezeki hari ini berkat,🌍ℙℝ𝕆𝔹𝔼𝕋855🌍puji syukur!","8erkah rezeki hari ini berkat,🌍ℙℝ𝕆𝔹𝔼𝕋855🌍puji syukur!",True,SUCCESS,,1,0.0189,1
DS4_002565_O1_CHAR_SUBSTITUTION_STRONG,DS4_002565,DS4_kyyyy8_platform,1,O1_CHAR_SUBSTITUTION,STRONG,42,"Berkah rezeki hari ini berkat,🌍ℙℝ𝕆𝔹𝔼𝕋855🌍puji syukur!","Berkah rezeki h4r1 ini 8erk4t,🌍ℙℝ𝕆𝔹𝔼𝕋855🌍puji syukur!",True,SUCCESS,,4,0.0755,2
DS4_002565_O2_CHAR_INSERT_DELETE_MILD,DS4_002565,DS4_kyyyy8_platform,1,O2_CHAR_INSERT_DELETE,MILD,42,"Berkah rezeki hari ini berkat,🌍ℙℝ𝕆𝔹𝔼𝕋855🌍puji syukur!","Berkah rezeki harri ini berkat,🌍ℙℝ𝕆𝔹𝔼𝕋855🌍puji syukur!",True,SUCCESS,,1,0.0189,1
DS4_002565_O2_CHAR_INSERT_DELETE_STRONG,DS4_002565,DS4_kyyyy8_platform,1,O2_CHAR_INSERT_DELETE,STRONG,42,"Berkah rezeki hari ini berkat,🌍ℙℝ𝕆𝔹𝔼𝕋855🌍puji syukur!","Berkah rzeki hari ini beerkat,🌍ℙℝ𝕆𝔹𝔼𝕋855🌍puji syukur!",True,SUCCESS,,2,0.0377,2
DS4_002565_O3_WHITESPACE_MILD,DS4_002565,DS4_kyyyy8_platform,1,O3_WHITESPACE,MILD,42,"Berkah rezeki hari ini berkat,🌍ℙℝ𝕆𝔹𝔼𝕋855🌍puji syukur!","Berkah reze ki hari ini berkat,🌍ℙℝ𝕆𝔹𝔼𝕋855🌍puji syukur!",True,SUCCESS,,1,0.0189,1
DS4_002565_O3_WHITESPACE_STRONG,DS4_002565,DS4_kyyyy8_platform,1,O3_WHITESPACE,STRONG,42,"Berkah rezeki hari ini berkat,🌍ℙℝ𝕆𝔹𝔼𝕋855🌍puji syukur!","Berkah rezeki ha ri ini berkat,🌍ℙℝ𝕆𝔹𝔼𝕋855🌍puji syuk ur!",True,SUCCESS,,2,0.0377,2
DS4_002565_O4_UNICODE_ORTHOGRAPHIC_MILD,DS4_002565,DS4_kyyyy8_platform,1,O4_UNICODE_ORTHOGRAPHIC,MILD,42,"Berkah rezeki hari ini berkat,🌍ℙℝ𝕆𝔹𝔼𝕋855🌍puji syukur!","Berkah rezeki hari ini bеrkat,🌍ℙℝ𝕆𝔹𝔼𝕋855🌍puji syukur!",True,SUCCESS,,1,0.0189,1
DS4_002565_O4_UNICODE_ORTHOGRAPHIC_STRONG,DS4_002565,DS4_kyyyy8_platform,1,O4_UNICODE_ORTHOGRAPHIC,STRONG,42,"Berkah rezeki hari ini berkat,🌍ℙℝ𝕆𝔹𝔼𝕋855🌍puji syukur!","Berkah rezеki hari ini berkat,🌍ℙℝ𝕆𝔹𝔼𝕋855🌍puji syukuur!",True,SUCCESS,,2,0.0377,2
DS4_002571_NORMAL_NORMAL,DS4_002571,DS4_kyyyy8_platform,0,NORMAL,NORMAL,42,"Kaga reaction RRQ lagi gpp bg kent jgn dipaksa, kita"" juga kek nya liat rrq gitu"" ajee males 😅","Kaga reaction RRQ lagi gpp bg kent jgn dipaksa, kita"" juga kek nya liat rrq gitu"" ajee males 😅",False,SUCCESS,,0,0.0,0
DS4_002571_O1_CHAR_SUBSTITUTION_MILD,DS4_002571,DS4_kyyyy8_platform,0,O1_CHAR_SUBSTITUTION,MILD,42,"Kaga reaction RRQ lagi gpp bg kent jgn dipaksa, kita"" juga kek nya liat rrq gitu"" ajee males 😅","Kaga reaction RRQ lagi gpp bg kent jgn dipaksa, kita"" juga kek nya liat rrq gi7u"" ajee males 😅",True,SUCCESS,,1,0.0106,1
DS4_002571_O1_CHAR_SUBSTITUTION_STRONG,DS4_002571,DS4_kyyyy8_platform,0,O1_CHAR_SUBSTITUTION,STRONG,42,"Kaga reaction RRQ lagi gpp bg kent jgn dipaksa, kita"" juga kek nya liat rrq gitu"" ajee males 😅","K49a re4c7ion RRQ lagi gpp bg kent jgn dipaksa, kita"" juga kek nya liat rrq gitu"" ajee males 😅",True,SUCCESS,,4,0.0426,2
DS4_002571_O2_CHAR_INSERT_DELETE_MILD,DS4_002571,DS4_kyyyy8_platform,0,O2_CHAR_INSERT_DELETE,MILD,42,"Kaga reaction RRQ lagi gpp bg kent jgn dipaksa, kita"" juga kek nya liat rrq gitu"" ajee males 😅","Kaga reaction RRQ lagi gpp bg kent jgn diipaksa, kita"" juga kek nya liat rrq gitu"" ajee males 😅",True,SUCCESS,,1,0.0106,1
DS4_002571_O2_CHAR_INSERT_DELETE_STRONG,DS4_002571,DS4_kyyyy8_platform,0,O2_CHAR_INSERT_DELETE,STRONG,42,"Kaga reaction RRQ lagi gpp bg kent jgn dipaksa, kita"" juga kek nya liat rrq gitu"" ajee males 😅","Kaga reactin RRQ lagi gpp bg kent jgn dipaksa, kita"" jugga kek nya liat rrq gitu"" ajee males 😅",True,SUCCESS,,2,0.0213,2
DS4_002571_O3_WHITESPACE_MILD,DS4_002571,DS4_kyyyy8_platform,0,O3_WHITESPACE,MILD,42,"Kaga reaction RRQ lagi gpp bg kent jgn dipaksa, kita"" juga kek nya liat rrq gitu"" ajee males 😅","Kaga reaction RRQ lagi gpp bg kent jgn dip aksa, kita"" juga kek nya liat rrq gitu"" ajee males 😅",True,SUCCESS,,1,0.0106,1
DS4_002571_O3_WHITESPACE_STRONG,DS4_002571,DS4_kyyyy8_platform,0,O3_WHITESPACE,STRONG,42,"Kaga reaction RRQ lagi gpp bg kent jgn dipaksa, kita"" juga kek nya liat rrq gitu"" ajee males 😅","Kaga reaction RRQ lagi gpp bg kent jgn dipaksa, ki ta"" juga kek nya liat rrq gitu"" ajee mal es 😅",True,SUCCESS,,2,0.0213,2
DS4_002571_O4_UNICODE_ORTHOGRAPHIC_MILD,DS4_002571,DS4_kyyyy8_platform,0,O4_UNICODE_ORTHOGRAPHIC,MILD,42,"Kaga reaction RRQ lagi gpp bg kent jgn dipaksa, kita"" juga kek nya liat rrq gitu"" ajee males 😅","Kaga reaction RRQ lаgi gpp bg kent jgn dipaksa, kita"" juga kek nya liat rrq gitu"" ajee males 😅",True,SUCCESS,,1,0.0106,1
DS4_002571_O4_UNICODE_ORTHOGRAPHIC_STRONG,DS4_002571,DS4_kyyyy8_platform,0,O4_UNICODE_ORTHOGRAPHIC,STRONG,42,"Kaga reaction RRQ lagi gpp bg kent jgn dipaksa, kita"" juga kek nya liat rrq gitu"" ajee males 😅","Kaga reaction RRQ lagi gpp bg kent jgn dipaksa, kita"" juga kek nya liat rrq gitu"" аjee mаles 😅",True,SUCCESS,,2,0.0213,2
DS4_002790_NORMAL_NORMAL,DS4_002790,DS4_kyyyy8_platform,0,NORMAL,NORMAL,42,Bang bikent udah GK SE semangat dulu nonton tim kesayangan kita gyus😢,Bang bikent udah GK SE semangat dulu nonton tim kesayangan kita gyus😢,False,SUCCESS,,0,0.0,0
DS4_002790_O1_CHAR_SUBSTITUTION_MILD,DS4_002790,DS4_kyyyy8_platform,0,O1_CHAR_SUBSTITUTION,MILD,42,Bang bikent udah GK SE semangat dulu nonton tim kesayangan kita gyus😢,Bang bikent udah GK SE semangat dulu non7on tim kesayangan kita gyus😢,True,SUCCESS,,1,0.0145,1
DS4_002790_O1_CHAR_SUBSTITUTION_STRONG,DS4_002790,DS4_kyyyy8_platform,0,O1_CHAR_SUBSTITUTION,STRONG,42,Bang bikent udah GK SE semangat dulu nonton tim kesayangan kita gyus😢,Bang bikent udah GK SE sem4n9at dulu nonton tim kesayangan kita 9yu5😢,True,SUCCESS,,4,0.058,2
DS4_002790_O2_CHAR_INSERT_DELETE_MILD,DS4_002790,DS4_kyyyy8_platform,0,O2_CHAR_INSERT_DELETE,MILD,42,Bang bikent udah GK SE semangat dulu nonton tim kesayangan kita gyus😢,Bang bikent udah GK SE semangaat dulu nonton tim kesayangan kita gyus😢,True,SUCCESS,,1,0.0145,1
DS4_002790_O2_CHAR_INSERT_DELETE_STRONG,DS4_002790,DS4_kyyyy8_platform,0,O2_CHAR_INSERT_DELETE,STRONG,42,Bang bikent udah GK SE semangat dulu nonton tim kesayangan kita gyus😢,Bang biikent udah GK SE semangat dulu nonton tim kesayangan kita gyuss😢,True,SUCCESS,,2,0.029,2
DS4_002790_O3_WHITESPACE_MILD,DS4_002790,DS4_kyyyy8_platform,0,O3_WHITESPACE,MILD,42,Bang bikent udah GK SE semangat dulu nonton tim kesayangan kita gyus😢,Bang biken t udah GK SE semangat dulu nonton tim kesayangan kita gyus😢,True,SUCCESS,,1,0.0145,1
DS4_002790_O3_WHITESPACE_STRONG,DS4_002790,DS4_kyyyy8_platform,0,O3_WHITESPACE,STRONG,42,Bang bikent udah GK SE semangat dulu nonton tim kesayangan kita gyus😢,B ang bikent udah GK SE semangat dulu nonto n tim kesayangan kita gyus😢,True,SUCCESS,,2,0.029,2
DS4_002790_O4_UNICODE_ORTHOGRAPHIC_MILD,DS4_002790,DS4_kyyyy8_platform,0,O4_UNICODE_ORTHOGRAPHIC,MILD,42,Bang bikent udah GK SE semangat dulu nonton tim kesayangan kita gyus😢,Bang bikent udаh GK SE semangat dulu nonton tim kesayangan kita gyus😢,True,SUCCESS,,1,0.0145,1
DS4_002790_O4_UNICODE_ORTHOGRAPHIC_STRONG,DS4_002790,DS4_kyyyy8_platform,0,O4_UNICODE_ORTHOGRAPHIC,STRONG,42,Bang bikent udah GK SE semangat dulu nonton tim kesayangan kita gyus😢,Bang bikent udah GK SE semangat dulu nоnton tim kesayangan kitа gyus😢,True,SUCCESS,,2,0.029,2
DS4_003354_NORMAL_NORMAL,DS4_003354,DS4_kyyyy8_platform,0,NORMAL,NORMAL,42,"ELGOAT 0-7-2
😂","ELGOAT 0-7-2
😂",False,SUCCESS,,0,0.0,0
DS4_003354_O1_CHAR_SUBSTITUTION_MILD,DS4_003354,DS4_kyyyy8_platform,0,O1_CHAR_SUBSTITUTION,MILD,42,"ELGOAT 0-7-2
😂","ELG0AT 0-7-2
😂",True,SUCCESS,,1,0.0714,1
DS4_003354_O1_CHAR_SUBSTITUTION_STRONG,DS4_003354,DS4_kyyyy8_platform,0,O1_CHAR_SUBSTITUTION,STRONG,42,"ELGOAT 0-7-2
😂","3L9OAT 0-7-2
😂",True,SUCCESS,,2,0.1429,1
DS4_003354_O2_CHAR_INSERT_DELETE_MILD,DS4_003354,DS4_kyyyy8_platform,0,O2_CHAR_INSERT_DELETE,MILD,42,"ELGOAT 0-7-2
😂","ELGOT 0-7-2
😂",True,SUCCESS,,1,0.0714,1
DS4_003354_O2_CHAR_INSERT_DELETE_STRONG,DS4_003354,DS4_kyyyy8_platform,0,O2_CHAR_INSERT_DELETE,STRONG,42,"ELGOAT 0-7-2
😂","ELGOT 0-7-2
😂",True,SUCCESS,,1,0.0714,1
DS4_003354_O3_WHITESPACE_MILD,DS4_003354,DS4_kyyyy8_platform,0,O3_WHITESPACE,MILD,42,"ELGOAT 0-7-2
😂","ELGOA T 0-7-2
😂",True,SUCCESS,,1,0.0714,1
DS4_003354_O3_WHITESPACE_STRONG,DS4_003354,DS4_kyyyy8_platform,0,O3_WHITESPACE,STRONG,42,"ELGOAT 0-7-2
😂","EL GOAT 0-7-2
😂",True,SUCCESS,,1,0.0714,1
DS4_003354_O4_UNICODE_ORTHOGRAPHIC_MILD,DS4_003354,DS4_kyyyy8_platform,0,O4_UNICODE_ORTHOGRAPHIC,MILD,42,"ELGOAT 0-7-2
😂","ELGOАT 0-7-2
😂",True,SUCCESS,,1,0.0714,1
DS4_003354_O4_UNICODE_ORTHOGRAPHIC_STRONG,DS4_003354,DS4_kyyyy8_platform,0,O4_UNICODE_ORTHOGRAPHIC,STRONG,42,"ELGOAT 0-7-2
😂","ELGOАT 0-7-2
😂",True,SUCCESS,,1,0.0714,1
DS4_003536_NORMAL_NORMAL,DS4_003536,DS4_kyyyy8_platform,0,NORMAL,NORMAL,42,Draf poke,Draf poke,False,SUCCESS,,0,0.0,0
DS4_003536_O1_CHAR_SUBSTITUTION_MILD,DS4_003536,DS4_kyyyy8_platform,0,O1_CHAR_SUBSTITUTION,MILD,42,Draf poke,Draf p0ke,True,SUCCESS,,1,0.1111,1
DS4_003536_O1_CHAR_SUBSTITUTION_STRONG,DS4_003536,DS4_kyyyy8_platform,0,O1_CHAR_SUBSTITUTION,STRONG,42,Draf poke,Dr4f p0k3,True,SUCCESS,,3,0.3333,2
DS4_003536_O2_CHAR_INSERT_DELETE_MILD,DS4_003536,DS4_kyyyy8_platform,0,O2_CHAR_INSERT_DELETE,MILD,42,Draf poke,Drraf poke,True,SUCCESS,,1,0.1111,1
DS4_003536_O2_CHAR_INSERT_DELETE_STRONG,DS4_003536,DS4_kyyyy8_platform,0,O2_CHAR_INSERT_DELETE,STRONG,42,Draf poke,Draaf pooke,True,SUCCESS,,2,0.2222,2
DS4_003536_O3_WHITESPACE_MILD,DS4_003536,DS4_kyyyy8_platform,0,O3_WHITESPACE,MILD,42,Draf poke,Draf p oke,True,SUCCESS,,1,0.1111,1
DS4_003536_O3_WHITESPACE_STRONG,DS4_003536,DS4_kyyyy8_platform,0,O3_WHITESPACE,STRONG,42,Draf poke,D raf pok e,True,SUCCESS,,2,0.2222,2
DS4_003536_O4_UNICODE_ORTHOGRAPHIC_MILD,DS4_003536,DS4_kyyyy8_platform,0,O4_UNICODE_ORTHOGRAPHIC,MILD,42,Draf poke,Drаf poke,True,SUCCESS,,1,0.1111,1
DS4_003536_O4_UNICODE_ORTHOGRAPHIC_STRONG,DS4_003536,DS4_kyyyy8_platform,0,O4_UNICODE_ORTHOGRAPHIC,STRONG,42,Draf poke,Drаf рoke,True,SUCCESS,,2,0.2222,2
DS4_003818_NORMAL_NORMAL,DS4_003818,DS4_kyyyy8_platform,1,NORMAL,NORMAL,42,"Setiap liat nama ꧁𝓟𝓤𝓛𝓐𝓤𝓦𝓘𝓝꧂ makin bingung, tapi makin kepo juga.","Setiap liat nama ꧁𝓟𝓤𝓛𝓐𝓤𝓦𝓘𝓝꧂ makin bingung, tapi makin kepo juga.",False,SUCCESS,,0,0.0,0
DS4_003818_O1_CHAR_SUBSTITUTION_MILD,DS4_003818,DS4_kyyyy8_platform,1,O1_CHAR_SUBSTITUTION,MILD,42,"Setiap liat nama ꧁𝓟𝓤𝓛𝓐𝓤𝓦𝓘𝓝꧂ makin bingung, tapi makin kepo juga.","Setiap liat nama ꧁𝓟𝓤𝓛𝓐𝓤𝓦𝓘𝓝꧂ makin bingung, tapi m4kin kepo juga.",True,SUCCESS,,1,0.0156,1
DS4_003818_O1_CHAR_SUBSTITUTION_STRONG,DS4_003818,DS4_kyyyy8_platform,1,O1_CHAR_SUBSTITUTION,STRONG,42,"Setiap liat nama ꧁𝓟𝓤𝓛𝓐𝓤𝓦𝓘𝓝꧂ makin bingung, tapi makin kepo juga.","Setiap li47 nama ꧁𝓟𝓤𝓛𝓐𝓤𝓦𝓘𝓝꧂ makin bingung, 7ap1 makin kepo juga.",True,SUCCESS,,4,0.0625,2
DS4_003818_O2_CHAR_INSERT_DELETE_MILD,DS4_003818,DS4_kyyyy8_platform,1,O2_CHAR_INSERT_DELETE,MILD,42,"Setiap liat nama ꧁𝓟𝓤𝓛𝓐𝓤𝓦𝓘𝓝꧂ makin bingung, tapi makin kepo juga.","Setiap liat nama ꧁𝓟𝓤𝓛𝓐𝓤𝓦𝓘𝓝꧂ makin bingung, tapi makin kepo jugga.",True,SUCCESS,,1,0.0156,1
DS4_003818_O2_CHAR_INSERT_DELETE_STRONG,DS4_003818,DS4_kyyyy8_platform,1,O2_CHAR_INSERT_DELETE,STRONG,42,"Setiap liat nama ꧁𝓟𝓤𝓛𝓐𝓤𝓦𝓘𝓝꧂ makin bingung, tapi makin kepo juga.","Setiap liat naama ꧁𝓟𝓤𝓛𝓐𝓤𝓦𝓘꧂ makin bingung, tapi makin kepo juga.",True,SUCCESS,,2,0.0312,2
DS4_003818_O3_WHITESPACE_MILD,DS4_003818,DS4_kyyyy8_platform,1,O3_WHITESPACE,MILD,42,"Setiap liat nama ꧁𝓟𝓤𝓛𝓐𝓤𝓦𝓘𝓝꧂ makin bingung, tapi makin kepo juga.","Setiap lia t nama ꧁𝓟𝓤𝓛𝓐𝓤𝓦𝓘𝓝꧂ makin bingung, tapi makin kepo juga.",True,SUCCESS,,1,0.0156,1
DS4_003818_O3_WHITESPACE_STRONG,DS4_003818,DS4_kyyyy8_platform,1,O3_WHITESPACE,STRONG,42,"Setiap liat nama ꧁𝓟𝓤𝓛𝓐𝓤𝓦𝓘𝓝꧂ makin bingung, tapi makin kepo juga.","Setiap li at nama ꧁𝓟𝓤𝓛𝓐𝓤𝓦𝓘𝓝꧂ m akin bingung, tapi makin kepo juga.",True,SUCCESS,,2,0.0312,2
DS4_003818_O4_UNICODE_ORTHOGRAPHIC_MILD,DS4_003818,DS4_kyyyy8_platform,1,O4_UNICODE_ORTHOGRAPHIC,MILD,42,"Setiap liat nama ꧁𝓟𝓤𝓛𝓐𝓤𝓦𝓘𝓝꧂ makin bingung, tapi makin kepo juga.","Setiap liat nama ꧁𝓟𝓤𝓛𝓐𝓤𝓦𝓘𝓝꧂ makin bingung, tapi makin kepo jugа.",True,SUCCESS,,1,0.0156,1
DS4_003818_O4_UNICODE_ORTHOGRAPHIC_STRONG,DS4_003818,DS4_kyyyy8_platform,1,O4_UNICODE_ORTHOGRAPHIC,STRONG,42,"Setiap liat nama ꧁𝓟𝓤𝓛𝓐𝓤𝓦𝓘𝓝꧂ makin bingung, tapi makin kepo juga.","Setiap liat nama ꧁𝓟𝓤𝓛𝓐𝓤𝓦𝓘𝓝꧂ makin bingung, taрi makin kepo jugа.",True,SUCCESS,,2,0.0312,2
DS4_003822_NORMAL_NORMAL,DS4_003822,DS4_kyyyy8_platform,1,NORMAL,NORMAL,42,Bahkan di caption foto liburan pun banyak yang tulis ✧𝙋𝙐𝙇𝘼𝙐𝙒𝙄𝙉✧.,Bahkan di caption foto liburan pun banyak yang tulis ✧𝙋𝙐𝙇𝘼𝙐𝙒𝙄𝙉✧.,False,SUCCESS,,0,0.0,0
DS4_003822_O1_CHAR_SUBSTITUTION_MILD,DS4_003822,DS4_kyyyy8_platform,1,O1_CHAR_SUBSTITUTION,MILD,42,Bahkan di caption foto liburan pun banyak yang tulis ✧𝙋𝙐𝙇𝘼𝙐𝙒𝙄𝙉✧.,Bahkan di capt1on foto liburan pun banyak yang tulis ✧𝙋𝙐𝙇𝘼𝙐𝙒𝙄𝙉✧.,True,SUCCESS,,1,0.0156,1
DS4_003822_O1_CHAR_SUBSTITUTION_STRONG,DS4_003822,DS4_kyyyy8_platform,1,O1_CHAR_SUBSTITUTION,STRONG,42,Bahkan di caption foto liburan pun banyak yang tulis ✧𝙋𝙐𝙇𝘼𝙐𝙒𝙄𝙉✧.,Bahkan di c4pti0n foto liburan pun banyak yang tul15 ✧𝙋𝙐𝙇𝘼𝙐𝙒𝙄𝙉✧.,True,SUCCESS,,4,0.0625,2
DS4_003822_O2_CHAR_INSERT_DELETE_MILD,DS4_003822,DS4_kyyyy8_platform,1,O2_CHAR_INSERT_DELETE,MILD,42,Bahkan di caption foto liburan pun banyak yang tulis ✧𝙋𝙐𝙇𝘼𝙐𝙒𝙄𝙉✧.,Bahkan di caption foto liburan pun banyak yaang tulis ✧𝙋𝙐𝙇𝘼𝙐𝙒𝙄𝙉✧.,True,SUCCESS,,1,0.0156,1
DS4_003822_O2_CHAR_INSERT_DELETE_STRONG,DS4_003822,DS4_kyyyy8_platform,1,O2_CHAR_INSERT_DELETE,STRONG,42,Bahkan di caption foto liburan pun banyak yang tulis ✧𝙋𝙐𝙇𝘼𝙐𝙒𝙄𝙉✧.,Bahkan di capttion foto liburan pun banyak yanng tulis ✧𝙋𝙐𝙇𝘼𝙐𝙒𝙄𝙉✧.,True,SUCCESS,,2,0.0312,2
DS4_003822_O3_WHITESPACE_MILD,DS4_003822,DS4_kyyyy8_platform,1,O3_WHITESPACE,MILD,42,Bahkan di caption foto liburan pun banyak yang tulis ✧𝙋𝙐𝙇𝘼𝙐𝙒𝙄𝙉✧.,Bahkan di caption fo to liburan pun banyak yang tulis ✧𝙋𝙐𝙇𝘼𝙐𝙒𝙄𝙉✧.,True,SUCCESS,,1,0.0156,1
DS4_003822_O3_WHITESPACE_STRONG,DS4_003822,DS4_kyyyy8_platform,1,O3_WHITESPACE,STRONG,42,Bahkan di caption foto liburan pun banyak yang tulis ✧𝙋𝙐𝙇𝘼𝙐𝙒𝙄𝙉✧.,Bahkan di caption f oto liburan pun banyak yang tu lis ✧𝙋𝙐𝙇𝘼𝙐𝙒𝙄𝙉✧.,True,SUCCESS,,2,0.0312,2
DS4_003822_O4_UNICODE_ORTHOGRAPHIC_MILD,DS4_003822,DS4_kyyyy8_platform,1,O4_UNICODE_ORTHOGRAPHIC,MILD,42,Bahkan di caption foto liburan pun banyak yang tulis ✧𝙋𝙐𝙇𝘼𝙐𝙒𝙄𝙉✧.,Bahkan di captiоn foto liburan pun banyak yang tulis ✧𝙋𝙐𝙇𝘼𝙐𝙒𝙄𝙉✧.,True,SUCCESS,,1,0.0156,1
DS4_003822_O4_UNICODE_ORTHOGRAPHIC_STRONG,DS4_003822,DS4_kyyyy8_platform,1,O4_UNICODE_ORTHOGRAPHIC,STRONG,42,Bahkan di caption foto liburan pun banyak yang tulis ✧𝙋𝙐𝙇𝘼𝙐𝙒𝙄𝙉✧.,Bahkan di caption foto liburan pun banyаk yang tuliis ✧𝙋𝙐𝙇𝘼𝙐𝙒𝙄𝙉✧.,True,SUCCESS,,2,0.0312,2
DS4_003827_NORMAL_NORMAL,DS4_003827,DS4_kyyyy8_platform,1,NORMAL,NORMAL,42,"Di jalan liat stiker motor, eh ada tulisan ℙ𝕌𝕃𝔸𝕌𝕎𝕀ℕ.","Di jalan liat stiker motor, eh ada tulisan ℙ𝕌𝕃𝔸𝕌𝕎𝕀ℕ.",False,SUCCESS,,0,0.0,0
DS4_003827_O1_CHAR_SUBSTITUTION_MILD,DS4_003827,DS4_kyyyy8_platform,1,O1_CHAR_SUBSTITUTION,MILD,42,"Di jalan liat stiker motor, eh ada tulisan ℙ𝕌𝕃𝔸𝕌𝕎𝕀ℕ.","Di jalan lia7 stiker motor, eh ada tulisan ℙ𝕌𝕃𝔸𝕌𝕎𝕀ℕ.",True,SUCCESS,,1,0.0192,1
DS4_003827_O1_CHAR_SUBSTITUTION_STRONG,DS4_003827,DS4_kyyyy8_platform,1,O1_CHAR_SUBSTITUTION,STRONG,42,"Di jalan liat stiker motor, eh ada tulisan ℙ𝕌𝕃𝔸𝕌𝕎𝕀ℕ.","Di jalan liat s7ik3r mo70r, eh ada tulisan ℙ𝕌𝕃𝔸𝕌𝕎𝕀ℕ.",True,SUCCESS,,4,0.0769,2
DS4_003827_O2_CHAR_INSERT_DELETE_MILD,DS4_003827,DS4_kyyyy8_platform,1,O2_CHAR_INSERT_DELETE,MILD,42,"Di jalan liat stiker motor, eh ada tulisan ℙ𝕌𝕃𝔸𝕌𝕎𝕀ℕ.","Di jalan liat stikker motor, eh ada tulisan ℙ𝕌𝕃𝔸𝕌𝕎𝕀ℕ.",True,SUCCESS,,1,0.0192,1
DS4_003827_O2_CHAR_INSERT_DELETE_STRONG,DS4_003827,DS4_kyyyy8_platform,1,O2_CHAR_INSERT_DELETE,STRONG,42,"Di jalan liat stiker motor, eh ada tulisan ℙ𝕌𝕃𝔸𝕌𝕎𝕀ℕ.","Di jalan liat stiker moor, eh ada tulisn ℙ𝕌𝕃𝔸𝕌𝕎𝕀ℕ.",True,SUCCESS,,2,0.0385,2
DS4_003827_O3_WHITESPACE_MILD,DS4_003827,DS4_kyyyy8_platform,1,O3_WHITESPACE,MILD,42,"Di jalan liat stiker motor, eh ada tulisan ℙ𝕌𝕃𝔸𝕌𝕎𝕀ℕ.","Di jalan liat stiker motor, eh ada tulisan ℙ 𝕌𝕃𝔸𝕌𝕎𝕀ℕ.",True,SUCCESS,,1,0.0192,1
DS4_003827_O3_WHITESPACE_STRONG,DS4_003827,DS4_kyyyy8_platform,1,O3_WHITESPACE,STRONG,42,"Di jalan liat stiker motor, eh ada tulisan ℙ𝕌𝕃𝔸𝕌𝕎𝕀ℕ.","Di jalan liat stik er motor, eh ada tulisan ℙ𝕌𝕃 𝔸𝕌𝕎𝕀ℕ.",True,SUCCESS,,2,0.0385,2
DS4_003827_O4_UNICODE_ORTHOGRAPHIC_MILD,DS4_003827,DS4_kyyyy8_platform,1,O4_UNICODE_ORTHOGRAPHIC,MILD,42,"Di jalan liat stiker motor, eh ada tulisan ℙ𝕌𝕃𝔸𝕌𝕎𝕀ℕ.","Di jalan liat stiker motor, eh ada tulisаn ℙ𝕌𝕃𝔸𝕌𝕎𝕀ℕ.",True,SUCCESS,,1,0.0192,1
DS4_003827_O4_UNICODE_ORTHOGRAPHIC_STRONG,DS4_003827,DS4_kyyyy8_platform,1,O4_UNICODE_ORTHOGRAPHIC,STRONG,42,"Di jalan liat stiker motor, eh ada tulisan ℙ𝕌𝕃𝔸𝕌𝕎𝕀ℕ.","Di jalan liаt stiker motоr, eh ada tulisan ℙ𝕌𝕃𝔸𝕌𝕎𝕀ℕ.",True,SUCCESS,,2,0.0385,2
DS4_003923_NORMAL_NORMAL,DS4_003923,DS4_kyyyy8_platform,0,NORMAL,NORMAL,42,Lebih ke onde - onde tanpa wijen ga sih,Lebih ke onde - onde tanpa wijen ga sih,False,SUCCESS,,0,0.0,0
DS4_003923_O1_CHAR_SUBSTITUTION_MILD,DS4_003923,DS4_kyyyy8_platform,0,O1_CHAR_SUBSTITUTION,MILD,42,Lebih ke onde - onde tanpa wijen ga sih,Lebih ke onde - onde tanp4 wijen ga sih,True,SUCCESS,,1,0.0256,1
DS4_003923_O1_CHAR_SUBSTITUTION_STRONG,DS4_003923,DS4_kyyyy8_platform,0,O1_CHAR_SUBSTITUTION,STRONG,42,Lebih ke onde - onde tanpa wijen ga sih,L3b1h ke 0nd3 - onde tanpa wijen ga sih,True,SUCCESS,,4,0.1026,2
DS4_003923_O2_CHAR_INSERT_DELETE_MILD,DS4_003923,DS4_kyyyy8_platform,0,O2_CHAR_INSERT_DELETE,MILD,42,Lebih ke onde - onde tanpa wijen ga sih,Lbih ke onde - onde tanpa wijen ga sih,True,SUCCESS,,1,0.0256,1
DS4_003923_O2_CHAR_INSERT_DELETE_STRONG,DS4_003923,DS4_kyyyy8_platform,0,O2_CHAR_INSERT_DELETE,STRONG,42,Lebih ke onde - onde tanpa wijen ga sih,Lebih ke onde - onnde tanppa wijen ga sih,True,SUCCESS,,2,0.0513,2
DS4_003923_O3_WHITESPACE_MILD,DS4_003923,DS4_kyyyy8_platform,0,O3_WHITESPACE,MILD,42,Lebih ke onde - onde tanpa wijen ga sih,Lebih ke onde - on de tanpa wijen ga sih,True,SUCCESS,,1,0.0256,1
DS4_003923_O3_WHITESPACE_STRONG,DS4_003923,DS4_kyyyy8_platform,0,O3_WHITESPACE,STRONG,42,Lebih ke onde - onde tanpa wijen ga sih,L ebih ke onde - onde ta npa wijen ga sih,True,SUCCESS,,2,0.0513,2
DS4_003923_O4_UNICODE_ORTHOGRAPHIC_MILD,DS4_003923,DS4_kyyyy8_platform,0,O4_UNICODE_ORTHOGRAPHIC,MILD,42,Lebih ke onde - onde tanpa wijen ga sih,Lebih ke onde - onde tanpa wijеn ga sih,True,SUCCESS,,1,0.0256,1
DS4_003923_O4_UNICODE_ORTHOGRAPHIC_STRONG,DS4_003923,DS4_kyyyy8_platform,0,O4_UNICODE_ORTHOGRAPHIC,STRONG,42,Lebih ke onde - onde tanpa wijen ga sih,Lеbih ke ondе - onde tanpa wijen ga sih,True,SUCCESS,,2,0.0513,2
DS4_004142_NORMAL_NORMAL,DS4_004142,DS4_kyyyy8_platform,0,NORMAL,NORMAL,42,"Kenapa akhir² ini lu sering pake thumbnail yang lama sih ketua? Gw kangen video lu yang dulu lebih lucu dan menghibur kebanding sekarang yang lebih fokus ke sawerian daripada gameplay Miya nya, ayolah comeback kembali ketua🔥😎","Kenapa akhir² ini lu sering pake thumbnail yang lama sih ketua? Gw kangen video lu yang dulu lebih lucu dan menghibur kebanding sekarang yang lebih fokus ke sawerian daripada gameplay Miya nya, ayolah comeback kembali ketua🔥😎",False,SUCCESS,,0,0.0,0
DS4_004142_O1_CHAR_SUBSTITUTION_MILD,DS4_004142,DS4_kyyyy8_platform,0,O1_CHAR_SUBSTITUTION,MILD,42,"Kenapa akhir² ini lu sering pake thumbnail yang lama sih ketua? Gw kangen video lu yang dulu lebih lucu dan menghibur kebanding sekarang yang lebih fokus ke sawerian daripada gameplay Miya nya, ayolah comeback kembali ketua🔥😎","Kenapa akhir² ini lu sering p4ke thumbnail yang lama sih ketua? Gw kangen video lu yang dulu lebih lucu dan menghibur kebanding sekarang yang lebih fokus ke sawerian daripada gameplay Miya nya, ayolah comeback kembali ketua🔥😎",True,SUCCESS,,1,0.0044,1
DS4_004142_O1_CHAR_SUBSTITUTION_STRONG,DS4_004142,DS4_kyyyy8_platform,0,O1_CHAR_SUBSTITUTION,STRONG,42,"Kenapa akhir² ini lu sering pake thumbnail yang lama sih ketua? Gw kangen video lu yang dulu lebih lucu dan menghibur kebanding sekarang yang lebih fokus ke sawerian daripada gameplay Miya nya, ayolah comeback kembali ketua🔥😎","Kenapa akhir² ini lu sering pake thumbnail yang l4m4 sih ketua? Gw kangen video lu yang dulu lebih lucu dan menghibur kebanding sekarang yang lebih fokus ke sawerian daripada gameplay Miya nya, ayolah c0m3back kembali ketua🔥😎",True,SUCCESS,,4,0.0178,2
DS4_004142_O2_CHAR_INSERT_DELETE_MILD,DS4_004142,DS4_kyyyy8_platform,0,O2_CHAR_INSERT_DELETE,MILD,42,"Kenapa akhir² ini lu sering pake thumbnail yang lama sih ketua? Gw kangen video lu yang dulu lebih lucu dan menghibur kebanding sekarang yang lebih fokus ke sawerian daripada gameplay Miya nya, ayolah comeback kembali ketua🔥😎","Kenapa akhir² ini lu sering pake thumbnail yanng lama sih ketua? Gw kangen video lu yang dulu lebih lucu dan menghibur kebanding sekarang yang lebih fokus ke sawerian daripada gameplay Miya nya, ayolah comeback kembali ketua🔥😎",True,SUCCESS,,1,0.0044,1
DS4_004142_O2_CHAR_INSERT_DELETE_STRONG,DS4_004142,DS4_kyyyy8_platform,0,O2_CHAR_INSERT_DELETE,STRONG,42,"Kenapa akhir² ini lu sering pake thumbnail yang lama sih ketua? Gw kangen video lu yang dulu lebih lucu dan menghibur kebanding sekarang yang lebih fokus ke sawerian daripada gameplay Miya nya, ayolah comeback kembali ketua🔥😎","Kenaapa akhir² ini lu sering pake thumbnail yang lama sih ketua? Gw kangen video lu yang dulu lebih lucu dan menghibur kebanding sekarang yang lebih fokus ke saerian daripada gameplay Miya nya, ayolah comeback kembali ketua🔥😎",True,SUCCESS,,2,0.0089,2
DS4_004142_O3_WHITESPACE_MILD,DS4_004142,DS4_kyyyy8_platform,0,O3_WHITESPACE,MILD,42,"Kenapa akhir² ini lu sering pake thumbnail yang lama sih ketua? Gw kangen video lu yang dulu lebih lucu dan menghibur kebanding sekarang yang lebih fokus ke sawerian daripada gameplay Miya nya, ayolah comeback kembali ketua🔥😎","Kenapa akhir ² ini lu sering pake thumbnail yang lama sih ketua? Gw kangen video lu yang dulu lebih lucu dan menghibur kebanding sekarang yang lebih fokus ke sawerian daripada gameplay Miya nya, ayolah comeback kembali ketua🔥😎",True,SUCCESS,,1,0.0044,1
DS4_004142_O3_WHITESPACE_STRONG,DS4_004142,DS4_kyyyy8_platform,0,O3_WHITESPACE,STRONG,42,"Kenapa akhir² ini lu sering pake thumbnail yang lama sih ketua? Gw kangen video lu yang dulu lebih lucu dan menghibur kebanding sekarang yang lebih fokus ke sawerian daripada gameplay Miya nya, ayolah comeback kembali ketua🔥😎","Kenapa akhir² ini lu sering pake thum bnail yang lama sih ketua? Gw kangen video lu yang dulu lebih lucu dan menghibur kebanding sekarang yang lebih fokus ke sawerian daripada gameplay Miya nya, ayolah comeback kembal i ketua🔥😎",True,SUCCESS,,2,0.0089,2
DS4_004142_O4_UNICODE_ORTHOGRAPHIC_MILD,DS4_004142,DS4_kyyyy8_platform,0,O4_UNICODE_ORTHOGRAPHIC,MILD,42,"Kenapa akhir² ini lu sering pake thumbnail yang lama sih ketua? Gw kangen video lu yang dulu lebih lucu dan menghibur kebanding sekarang yang lebih fokus ke sawerian daripada gameplay Miya nya, ayolah comeback kembali ketua🔥😎","Kenapa akhir² ini lu sering pake thumbnail yang lama sih ketua? Gw kangen video lu yang dulu lebih lucu dan menghibur kebanding sekarang yаng lebih fokus ke sawerian daripada gameplay Miya nya, ayolah comeback kembali ketua🔥😎",True,SUCCESS,,1,0.0044,1
DS4_004142_O4_UNICODE_ORTHOGRAPHIC_STRONG,DS4_004142,DS4_kyyyy8_platform,0,O4_UNICODE_ORTHOGRAPHIC,STRONG,42,"Kenapa akhir² ini lu sering pake thumbnail yang lama sih ketua? Gw kangen video lu yang dulu lebih lucu dan menghibur kebanding sekarang yang lebih fokus ke sawerian daripada gameplay Miya nya, ayolah comeback kembali ketua🔥😎","Kenapa akhir² ini lu sеring pake thumbnail yang lama sih ketua? Gw kangen video lu yang dulu lebih luсu dan menghibur kebanding sekarang yang lebih fokus ke sawerian daripada gameplay Miya nya, ayolah comeback kembali ketua🔥😎",True,SUCCESS,,2,0.0089,2
DS4_004320_NORMAL_NORMAL,DS4_004320,DS4_kyyyy8_platform,1,NORMAL,NORMAL,42,Hari ini saya membuka diri untuk rezeki baru yang datang lewat 🍷 KYT 4D 🍷,Hari ini saya membuka diri untuk rezeki baru yang datang lewat 🍷 KYT 4D 🍷,False,SUCCESS,,0,0.0,0
DS4_004320_O1_CHAR_SUBSTITUTION_MILD,DS4_004320,DS4_kyyyy8_platform,1,O1_CHAR_SUBSTITUTION,MILD,42,Hari ini saya membuka diri untuk rezeki baru yang datang lewat 🍷 KYT 4D 🍷,Hari ini saya membuka diri untuk rezeki baru yang datang lew4t 🍷 KYT 4D 🍷,True,SUCCESS,,1,0.0137,1
DS4_004320_O1_CHAR_SUBSTITUTION_STRONG,DS4_004320,DS4_kyyyy8_platform,1,O1_CHAR_SUBSTITUTION,STRONG,42,Hari ini saya membuka diri untuk rezeki baru yang datang lewat 🍷 KYT 4D 🍷,H4r1 ini saya membuka diri untuk rezeki baru yang datang l3wa7 🍷 KYT 4D 🍷,True,SUCCESS,,4,0.0548,2
DS4_004320_O2_CHAR_INSERT_DELETE_MILD,DS4_004320,DS4_kyyyy8_platform,1,O2_CHAR_INSERT_DELETE,MILD,42,Hari ini saya membuka diri untuk rezeki baru yang datang lewat 🍷 KYT 4D 🍷,Hari ini saya membuka dirri untuk rezeki baru yang datang lewat 🍷 KYT 4D 🍷,True,SUCCESS,,1,0.0137,1
DS4_004320_O2_CHAR_INSERT_DELETE_STRONG,DS4_004320,DS4_kyyyy8_platform,1,O2_CHAR_INSERT_DELETE,STRONG,42,Hari ini saya membuka diri untuk rezeki baru yang datang lewat 🍷 KYT 4D 🍷,Hari ini saya membuka diri untuk rezeki baru yanng datang lwat 🍷 KYT 4D 🍷,True,SUCCESS,,2,0.0274,2
DS4_004320_O3_WHITESPACE_MILD,DS4_004320,DS4_kyyyy8_platform,1,O3_WHITESPACE,MILD,42,Hari ini saya membuka diri untuk rezeki baru yang datang lewat 🍷 KYT 4D 🍷,Hari ini saya membuka diri untuk rezeki baru yang datang lew at 🍷 KYT 4D 🍷,True,SUCCESS,,1,0.0137,1
DS4_004320_O3_WHITESPACE_STRONG,DS4_004320,DS4_kyyyy8_platform,1,O3_WHITESPACE,STRONG,42,Hari ini saya membuka diri untuk rezeki baru yang datang lewat 🍷 KYT 4D 🍷,Hari ini saya membuka dir i untuk rezeki baru yang datang l ewat 🍷 KYT 4D 🍷,True,SUCCESS,,2,0.0274,2
DS4_004320_O4_UNICODE_ORTHOGRAPHIC_MILD,DS4_004320,DS4_kyyyy8_platform,1,O4_UNICODE_ORTHOGRAPHIC,MILD,42,Hari ini saya membuka diri untuk rezeki baru yang datang lewat 🍷 KYT 4D 🍷,Hari ini saya membuka diri untuk rezeki baru yang dаtang lewat 🍷 KYT 4D 🍷,True,SUCCESS,,1,0.0137,1
DS4_004320_O4_UNICODE_ORTHOGRAPHIC_STRONG,DS4_004320,DS4_kyyyy8_platform,1,O4_UNICODE_ORTHOGRAPHIC,STRONG,42,Hari ini saya membuka diri untuk rezeki baru yang datang lewat 🍷 KYT 4D 🍷,Hari ini saya membuka diri untuk rezeki baru yаng datang lеwat 🍷 KYT 4D 🍷,True,SUCCESS,,2,0.0274,2
DS4_004720_NORMAL_NORMAL,DS4_004720,DS4_kyyyy8_platform,0,NORMAL,NORMAL,42,Pascol nafsu😂,Pascol nafsu😂,False,SUCCESS,,0,0.0,0
DS4_004720_O1_CHAR_SUBSTITUTION_MILD,DS4_004720,DS4_kyyyy8_platform,0,O1_CHAR_SUBSTITUTION,MILD,42,Pascol nafsu😂,Pa5col nafsu😂,True,SUCCESS,,1,0.0769,1
DS4_004720_O1_CHAR_SUBSTITUTION_STRONG,DS4_004720,DS4_kyyyy8_platform,0,O1_CHAR_SUBSTITUTION,STRONG,42,Pascol nafsu😂,P4sc0l n4f5u😂,True,SUCCESS,,4,0.3077,2
DS4_004720_O2_CHAR_INSERT_DELETE_MILD,DS4_004720,DS4_kyyyy8_platform,0,O2_CHAR_INSERT_DELETE,MILD,42,Pascol nafsu😂,Pascol nfsu😂,True,SUCCESS,,1,0.0769,1
DS4_004720_O2_CHAR_INSERT_DELETE_STRONG,DS4_004720,DS4_kyyyy8_platform,0,O2_CHAR_INSERT_DELETE,STRONG,42,Pascol nafsu😂,Pasol nafsuu😂,True,SUCCESS,,2,0.1538,2
DS4_004720_O3_WHITESPACE_MILD,DS4_004720,DS4_kyyyy8_platform,0,O3_WHITESPACE,MILD,42,Pascol nafsu😂,Pascol naf su😂,True,SUCCESS,,1,0.0769,1
DS4_004720_O3_WHITESPACE_STRONG,DS4_004720,DS4_kyyyy8_platform,0,O3_WHITESPACE,STRONG,42,Pascol nafsu😂,Pasc ol na fsu😂,True,SUCCESS,,2,0.1538,2
DS4_004720_O4_UNICODE_ORTHOGRAPHIC_MILD,DS4_004720,DS4_kyyyy8_platform,0,O4_UNICODE_ORTHOGRAPHIC,MILD,42,Pascol nafsu😂,Pascоl nafsu😂,True,SUCCESS,,1,0.0769,1
DS4_004720_O4_UNICODE_ORTHOGRAPHIC_STRONG,DS4_004720,DS4_kyyyy8_platform,0,O4_UNICODE_ORTHOGRAPHIC,STRONG,42,Pascol nafsu😂,Pasсol nаfsu😂,True,SUCCESS,,2,0.1538,2
DS4_004723_NORMAL_NORMAL,DS4_004723,DS4_kyyyy8_platform,0,NORMAL,NORMAL,42,3:04 ampe ade nya be like 🗣️ bising banget si ni leher😅,3:04 ampe ade nya be like 🗣️ bising banget si ni leher😅,False,SUCCESS,,0,0.0,0
DS4_004723_O1_CHAR_SUBSTITUTION_MILD,DS4_004723,DS4_kyyyy8_platform,0,O1_CHAR_SUBSTITUTION,MILD,42,3:04 ampe ade nya be like 🗣️ bising banget si ni leher😅,3:04 ampe ade nya be like 🗣️ bising bang3t si ni leher😅,True,SUCCESS,,1,0.0182,1
DS4_004723_O1_CHAR_SUBSTITUTION_STRONG,DS4_004723,DS4_kyyyy8_platform,0,O1_CHAR_SUBSTITUTION,STRONG,42,3:04 ampe ade nya be like 🗣️ bising banget si ni leher😅,3:04 ampe ade nya be like 🗣️ 8i5ing 84nget si ni leher😅,True,SUCCESS,,4,0.0727,2
DS4_004723_O2_CHAR_INSERT_DELETE_MILD,DS4_004723,DS4_kyyyy8_platform,0,O2_CHAR_INSERT_DELETE,MILD,42,3:04 ampe ade nya be like 🗣️ bising banget si ni leher😅,3:04 ampe ade nya be like 🗣️ bising bannget si ni leher😅,True,SUCCESS,,1,0.0182,1
DS4_004723_O2_CHAR_INSERT_DELETE_STRONG,DS4_004723,DS4_kyyyy8_platform,0,O2_CHAR_INSERT_DELETE,STRONG,42,3:04 ampe ade nya be like 🗣️ bising banget si ni leher😅,3:04 ampe ade nya be liike 🗣️ bising banget si ni lehe😅,True,SUCCESS,,2,0.0364,2
DS4_004723_O3_WHITESPACE_MILD,DS4_004723,DS4_kyyyy8_platform,0,O3_WHITESPACE,MILD,42,3:04 ampe ade nya be like 🗣️ bising banget si ni leher😅,3:04 ampe ade nya be like 🗣️ bising banget si ni leh er😅,True,SUCCESS,,1,0.0182,1
DS4_004723_O3_WHITESPACE_STRONG,DS4_004723,DS4_kyyyy8_platform,0,O3_WHITESPACE,STRONG,42,3:04 ampe ade nya be like 🗣️ bising banget si ni leher😅,3:04 ampe ade nya be li ke 🗣️ bising bang et si ni leher😅,True,SUCCESS,,2,0.0364,2
DS4_004723_O4_UNICODE_ORTHOGRAPHIC_MILD,DS4_004723,DS4_kyyyy8_platform,0,O4_UNICODE_ORTHOGRAPHIC,MILD,42,3:04 ampe ade nya be like 🗣️ bising banget si ni leher😅,3:04 ampe ade nya be like 🗣️ bising bаnget si ni leher😅,True,SUCCESS,,1,0.0182,1
DS4_004723_O4_UNICODE_ORTHOGRAPHIC_STRONG,DS4_004723,DS4_kyyyy8_platform,0,O4_UNICODE_ORTHOGRAPHIC,STRONG,42,3:04 ampe ade nya be like 🗣️ bising banget si ni leher😅,3:04 ampe ade nya be like 🗣️ biising bangеt si ni leher😅,True,SUCCESS,,2,0.0364,2
DS4_004748_NORMAL_NORMAL,DS4_004748,DS4_kyyyy8_platform,0,NORMAL,NORMAL,42,0:00 laporkan istri Ketua debby,0:00 laporkan istri Ketua debby,False,SUCCESS,,0,0.0,0
DS4_004748_O1_CHAR_SUBSTITUTION_MILD,DS4_004748,DS4_kyyyy8_platform,0,O1_CHAR_SUBSTITUTION,MILD,42,0:00 laporkan istri Ketua debby,0:00 laporkan istri Ketua d3bby,True,SUCCESS,,1,0.0323,1
DS4_004748_O1_CHAR_SUBSTITUTION_STRONG,DS4_004748,DS4_kyyyy8_platform,0,O1_CHAR_SUBSTITUTION,STRONG,42,0:00 laporkan istri Ketua debby,0:00 laporkan istri Ke7u4 d38by,True,SUCCESS,,4,0.129,2
DS4_004748_O2_CHAR_INSERT_DELETE_MILD,DS4_004748,DS4_kyyyy8_platform,0,O2_CHAR_INSERT_DELETE,MILD,42,0:00 laporkan istri Ketua debby,0:00 laporkaan istri Ketua debby,True,SUCCESS,,1,0.0323,1
DS4_004748_O2_CHAR_INSERT_DELETE_STRONG,DS4_004748,DS4_kyyyy8_platform,0,O2_CHAR_INSERT_DELETE,STRONG,42,0:00 laporkan istri Ketua debby,0:00 laporkan isti Keua debby,True,SUCCESS,,2,0.0645,2
DS4_004748_O3_WHITESPACE_MILD,DS4_004748,DS4_kyyyy8_platform,0,O3_WHITESPACE,MILD,42,0:00 laporkan istri Ketua debby,0:00 laporkan istri Ket ua debby,True,SUCCESS,,1,0.0323,1
DS4_004748_O3_WHITESPACE_STRONG,DS4_004748,DS4_kyyyy8_platform,0,O3_WHITESPACE,STRONG,42,0:00 laporkan istri Ketua debby,0:00 l aporkan istri Ketua de bby,True,SUCCESS,,2,0.0645,2
DS4_004748_O4_UNICODE_ORTHOGRAPHIC_MILD,DS4_004748,DS4_kyyyy8_platform,0,O4_UNICODE_ORTHOGRAPHIC,MILD,42,0:00 laporkan istri Ketua debby,0:00 laporkan istrii Ketua debby,True,SUCCESS,,1,0.0323,1
DS4_004748_O4_UNICODE_ORTHOGRAPHIC_STRONG,DS4_004748,DS4_kyyyy8_platform,0,O4_UNICODE_ORTHOGRAPHIC,STRONG,42,0:00 laporkan istri Ketua debby,0:00 laporkan istrii Kеtua debby,True,SUCCESS,,2,0.0645,2
DS4_004815_NORMAL_NORMAL,DS4_004815,DS4_kyyyy8_platform,1,NORMAL,NORMAL,42,"Ini konten peminat terbanyak di indonesia cuma ini 😂😅
𝐁𝐔𝐊𝐈𝐓𝟒𝐃","Ini konten peminat terbanyak di indonesia cuma ini 😂😅
𝐁𝐔𝐊𝐈𝐓𝟒𝐃",False,SUCCESS,,0,0.0,0
DS4_004815_O1_CHAR_SUBSTITUTION_MILD,DS4_004815,DS4_kyyyy8_platform,1,O1_CHAR_SUBSTITUTION,MILD,42,"Ini konten peminat terbanyak di indonesia cuma ini 😂😅
𝐁𝐔𝐊𝐈𝐓𝟒𝐃","Ini konten peminat ter8anyak di indonesia cuma ini 😂😅
𝐁𝐔𝐊𝐈𝐓𝟒𝐃",True,SUCCESS,,1,0.0164,1
DS4_004815_O1_CHAR_SUBSTITUTION_STRONG,DS4_004815,DS4_kyyyy8_platform,1,O1_CHAR_SUBSTITUTION,STRONG,42,"Ini konten peminat terbanyak di indonesia cuma ini 😂😅
𝐁𝐔𝐊𝐈𝐓𝟒𝐃","Ini konten peminat t3rb4nyak di indonesia cum4 ini 😂😅
𝐁𝐔𝐊𝐈𝐓𝟒𝐃",True,SUCCESS,,3,0.0492,2
DS4_004815_O2_CHAR_INSERT_DELETE_MILD,DS4_004815,DS4_kyyyy8_platform,1,O2_CHAR_INSERT_DELETE,MILD,42,"Ini konten peminat terbanyak di indonesia cuma ini 😂😅
𝐁𝐔𝐊𝐈𝐓𝟒𝐃","Ini knten peminat terbanyak di indonesia cuma ini 😂😅
𝐁𝐔𝐊𝐈𝐓𝟒𝐃",True,SUCCESS,,1,0.0164,1
DS4_004815_O2_CHAR_INSERT_DELETE_STRONG,DS4_004815,DS4_kyyyy8_platform,1,O2_CHAR_INSERT_DELETE,STRONG,42,"Ini konten peminat terbanyak di indonesia cuma ini 😂😅
𝐁𝐔𝐊𝐈𝐓𝟒𝐃","Ini konten peminat terbaanyak di indonesia cumma ini 😂😅
𝐁𝐔𝐊𝐈𝐓𝟒𝐃",True,SUCCESS,,2,0.0328,2
DS4_004815_O3_WHITESPACE_MILD,DS4_004815,DS4_kyyyy8_platform,1,O3_WHITESPACE,MILD,42,"Ini konten peminat terbanyak di indonesia cuma ini 😂😅
𝐁𝐔𝐊𝐈𝐓𝟒𝐃","Ini konten peminat terbanyak di indonesia cum a ini 😂😅
𝐁𝐔𝐊𝐈𝐓𝟒𝐃",True,SUCCESS,,1,0.0164,1
DS4_004815_O3_WHITESPACE_STRONG,DS4_004815,DS4_kyyyy8_platform,1,O3_WHITESPACE,STRONG,42,"Ini konten peminat terbanyak di indonesia cuma ini 😂😅
𝐁𝐔𝐊𝐈𝐓𝟒𝐃","Ini konten peminat terban yak di indonesia cu ma ini 😂😅
𝐁𝐔𝐊𝐈𝐓𝟒𝐃",True,SUCCESS,,2,0.0328,2
DS4_004815_O4_UNICODE_ORTHOGRAPHIC_MILD,DS4_004815,DS4_kyyyy8_platform,1,O4_UNICODE_ORTHOGRAPHIC,MILD,42,"Ini konten peminat terbanyak di indonesia cuma ini 😂😅
𝐁𝐔𝐊𝐈𝐓𝟒𝐃","Ini konten pеminat terbanyak di indonesia cuma ini 😂😅
𝐁𝐔𝐊𝐈𝐓𝟒𝐃",True,SUCCESS,,1,0.0164,1
DS4_004815_O4_UNICODE_ORTHOGRAPHIC_STRONG,DS4_004815,DS4_kyyyy8_platform,1,O4_UNICODE_ORTHOGRAPHIC,STRONG,42,"Ini konten peminat terbanyak di indonesia cuma ini 😂😅
𝐁𝐔𝐊𝐈𝐓𝟒𝐃","Ini kontеn peminat terbanyak di indonesia cumа ini 😂😅
𝐁𝐔𝐊𝐈𝐓𝟒𝐃",True,SUCCESS,,2,0.0328,2
DS4_005456_NORMAL_NORMAL,DS4_005456,DS4_kyyyy8_platform,1,NORMAL,NORMAL,42,"🤎𝐏𝐑𝐎𝐁𝐄𝐓 𝟖𝟓𝟓🤎 Banyak channel bagus, tapi gak semua punya nilai kayak channel kamu Terus berkarya ya, semoga makin banyak yang nemu dan support !!","🤎𝐏𝐑𝐎𝐁𝐄𝐓 𝟖𝟓𝟓🤎 Banyak channel bagus, tapi gak semua punya nilai kayak channel kamu Terus berkarya ya, semoga makin banyak yang nemu dan support !!",False,SUCCESS,,0,0.0,0
DS4_005456_O1_CHAR_SUBSTITUTION_MILD,DS4_005456,DS4_kyyyy8_platform,1,O1_CHAR_SUBSTITUTION,MILD,42,"🤎𝐏𝐑𝐎𝐁𝐄𝐓 𝟖𝟓𝟓🤎 Banyak channel bagus, tapi gak semua punya nilai kayak channel kamu Terus berkarya ya, semoga makin banyak yang nemu dan support !!","🤎𝐏𝐑𝐎𝐁𝐄𝐓 𝟖𝟓𝟓🤎 Banyak channel bagus, tapi gak semua punya nilai kayak channel kamu Terus berkary4 ya, semoga makin banyak yang nemu dan support !!",True,SUCCESS,,1,0.0069,1
DS4_005456_O1_CHAR_SUBSTITUTION_STRONG,DS4_005456,DS4_kyyyy8_platform,1,O1_CHAR_SUBSTITUTION,STRONG,42,"🤎𝐏𝐑𝐎𝐁𝐄𝐓 𝟖𝟓𝟓🤎 Banyak channel bagus, tapi gak semua punya nilai kayak channel kamu Terus berkarya ya, semoga makin banyak yang nemu dan support !!","🤎𝐏𝐑𝐎𝐁𝐄𝐓 𝟖𝟓𝟓🤎 Banyak channel bagus, tapi gak semua punya nilai k4y4k ch4nn3l kamu Terus berkarya ya, semoga makin banyak yang nemu dan support !!",True,SUCCESS,,4,0.0278,2
DS4_005456_O2_CHAR_INSERT_DELETE_MILD,DS4_005456,DS4_kyyyy8_platform,1,O2_CHAR_INSERT_DELETE,MILD,42,"🤎𝐏𝐑𝐎𝐁𝐄𝐓 𝟖𝟓𝟓🤎 Banyak channel bagus, tapi gak semua punya nilai kayak channel kamu Terus berkarya ya, semoga makin banyak yang nemu dan support !!","🤎𝐏𝐑𝐎𝐁𝐄𝐓 𝟖𝟓𝟓🤎 Banyak channel bagus, tapi gak semua pnya nilai kayak channel kamu Terus berkarya ya, semoga makin banyak yang nemu dan support !!",True,SUCCESS,,1,0.0069,1
DS4_005456_O2_CHAR_INSERT_DELETE_STRONG,DS4_005456,DS4_kyyyy8_platform,1,O2_CHAR_INSERT_DELETE,STRONG,42,"🤎𝐏𝐑𝐎𝐁𝐄𝐓 𝟖𝟓𝟓🤎 Banyak channel bagus, tapi gak semua punya nilai kayak channel kamu Terus berkarya ya, semoga makin banyak yang nemu dan support !!","🤎𝐏𝐑𝐎𝐁𝐄𝐓 𝟖𝟓𝟓🤎 Banyak chanel bagus, tapi gak semua punya nilai kayak channel kamu Terus berkarya ya, semoga makiin banyak yang nemu dan support !!",True,SUCCESS,,2,0.0139,2
DS4_005456_O3_WHITESPACE_MILD,DS4_005456,DS4_kyyyy8_platform,1,O3_WHITESPACE,MILD,42,"🤎𝐏𝐑𝐎𝐁𝐄𝐓 𝟖𝟓𝟓🤎 Banyak channel bagus, tapi gak semua punya nilai kayak channel kamu Terus berkarya ya, semoga makin banyak yang nemu dan support !!","🤎𝐏𝐑𝐎𝐁𝐄𝐓 𝟖𝟓𝟓🤎 B anyak channel bagus, tapi gak semua punya nilai kayak channel kamu Terus berkarya ya, semoga makin banyak yang nemu dan support !!",True,SUCCESS,,1,0.0069,1
DS4_005456_O3_WHITESPACE_STRONG,DS4_005456,DS4_kyyyy8_platform,1,O3_WHITESPACE,STRONG,42,"🤎𝐏𝐑𝐎𝐁𝐄𝐓 𝟖𝟓𝟓🤎 Banyak channel bagus, tapi gak semua punya nilai kayak channel kamu Terus berkarya ya, semoga makin banyak yang nemu dan support !!","🤎𝐏𝐑𝐎𝐁𝐄𝐓 𝟖𝟓𝟓🤎 Banyak channel bagus, t api gak semua punya nilai kayak channel kamu Terus berkarya ya, semoga makin ba nyak yang nemu dan support !!",True,SUCCESS,,2,0.0139,2
DS4_005456_O4_UNICODE_ORTHOGRAPHIC_MILD,DS4_005456,DS4_kyyyy8_platform,1,O4_UNICODE_ORTHOGRAPHIC,MILD,42,"🤎𝐏𝐑𝐎𝐁𝐄𝐓 𝟖𝟓𝟓🤎 Banyak channel bagus, tapi gak semua punya nilai kayak channel kamu Terus berkarya ya, semoga makin banyak yang nemu dan support !!","🤎𝐏𝐑𝐎𝐁𝐄𝐄𝐓 𝟖𝟓𝟓🤎 Banyak channel bagus, tapi gak semua punya nilai kayak channel kamu Terus berkarya ya, semoga makin banyak yang nemu dan support !!",True,SUCCESS,,1,0.0069,1
DS4_005456_O4_UNICODE_ORTHOGRAPHIC_STRONG,DS4_005456,DS4_kyyyy8_platform,1,O4_UNICODE_ORTHOGRAPHIC,STRONG,42,"🤎𝐏𝐑𝐎𝐁𝐄𝐓 𝟖𝟓𝟓🤎 Banyak channel bagus, tapi gak semua punya nilai kayak channel kamu Terus berkarya ya, semoga makin banyak yang nemu dan support !!","🤎𝐏𝐑𝐎𝐁𝐄𝐓 𝟖𝟓𝟓🤎 Banyak channel bagus, tapi gak semua punya nilаi kayak channel kamu Terus berkarya ya, semoga makin banyаk yang nemu dan support !!",True,SUCCESS,,2,0.0139,2
DS4_005526_NORMAL_NORMAL,DS4_005526,DS4_kyyyy8_platform,1,NORMAL,NORMAL,42,Ini baru YouTuber idola! 𝓦𝓔𝓣0𝓝88,Ini baru YouTuber idola! 𝓦𝓔𝓣0𝓝88,False,SUCCESS,,0,0.0,0
DS4_005526_O1_CHAR_SUBSTITUTION_MILD,DS4_005526,DS4_kyyyy8_platform,1,O1_CHAR_SUBSTITUTION,MILD,42,Ini baru YouTuber idola! 𝓦𝓔𝓣0𝓝88,Ini baru YouTuber idol4! 𝓦𝓔𝓣0𝓝88,True,SUCCESS,,1,0.0312,1
DS4_005526_O1_CHAR_SUBSTITUTION_STRONG,DS4_005526,DS4_kyyyy8_platform,1,O1_CHAR_SUBSTITUTION,STRONG,42,Ini baru YouTuber idola! 𝓦𝓔𝓣0𝓝88,Ini 84ru YouTuber 1d0la! 𝓦𝓔𝓣0𝓝88,True,SUCCESS,,4,0.125,2
DS4_005526_O2_CHAR_INSERT_DELETE_MILD,DS4_005526,DS4_kyyyy8_platform,1,O2_CHAR_INSERT_DELETE,MILD,42,Ini baru YouTuber idola! 𝓦𝓔𝓣0𝓝88,Ini barru YouTuber idola! 𝓦𝓔𝓣0𝓝88,True,SUCCESS,,1,0.0312,1
DS4_005526_O2_CHAR_INSERT_DELETE_STRONG,DS4_005526,DS4_kyyyy8_platform,1,O2_CHAR_INSERT_DELETE,STRONG,42,Ini baru YouTuber idola! 𝓦𝓔𝓣0𝓝88,Ini baaru YouTubr idola! 𝓦𝓔𝓣0𝓝88,True,SUCCESS,,2,0.0625,2
DS4_005526_O3_WHITESPACE_MILD,DS4_005526,DS4_kyyyy8_platform,1,O3_WHITESPACE,MILD,42,Ini baru YouTuber idola! 𝓦𝓔𝓣0𝓝88,Ini baru YouTuber idola! 𝓦𝓔𝓣 0𝓝88,True,SUCCESS,,1,0.0312,1
DS4_005526_O3_WHITESPACE_STRONG,DS4_005526,DS4_kyyyy8_platform,1,O3_WHITESPACE,STRONG,42,Ini baru YouTuber idola! 𝓦𝓔𝓣0𝓝88,Ini baru You Tuber idol a! 𝓦𝓔𝓣0𝓝88,True,SUCCESS,,2,0.0625,2
DS4_005526_O4_UNICODE_ORTHOGRAPHIC_MILD,DS4_005526,DS4_kyyyy8_platform,1,O4_UNICODE_ORTHOGRAPHIC,MILD,42,Ini baru YouTuber idola! 𝓦𝓔𝓣0𝓝88,Ini baru YouTuber idolа! 𝓦𝓔𝓣0𝓝88,True,SUCCESS,,1,0.0312,1
DS4_005526_O4_UNICODE_ORTHOGRAPHIC_STRONG,DS4_005526,DS4_kyyyy8_platform,1,O4_UNICODE_ORTHOGRAPHIC,STRONG,42,Ini baru YouTuber idola! 𝓦𝓔𝓣0𝓝88,Ini baru YouTuber idоla! 𝓦𝓔𝓣0𝓝𝓝88,True,SUCCESS,,2,0.0625,2
DS4_005565_NORMAL_NORMAL,DS4_005565,DS4_kyyyy8_platform,0,NORMAL,NORMAL,42,Pertama ketua botak😮,Pertama ketua botak😮,False,SUCCESS,,0,0.0,0
DS4_005565_O1_CHAR_SUBSTITUTION_MILD,DS4_005565,DS4_kyyyy8_platform,0,O1_CHAR_SUBSTITUTION,MILD,42,Pertama ketua botak😮,Pertama k3tua botak😮,True,SUCCESS,,1,0.05,1
DS4_005565_O1_CHAR_SUBSTITUTION_STRONG,DS4_005565,DS4_kyyyy8_platform,0,O1_CHAR_SUBSTITUTION,STRONG,42,Pertama ketua botak😮,Pertama k37ua 80tak😮,True,SUCCESS,,4,0.2,2
DS4_005565_O2_CHAR_INSERT_DELETE_MILD,DS4_005565,DS4_kyyyy8_platform,0,O2_CHAR_INSERT_DELETE,MILD,42,Pertama ketua botak😮,Pertama ketua botk😮,True,SUCCESS,,1,0.05,1
DS4_005565_O2_CHAR_INSERT_DELETE_STRONG,DS4_005565,DS4_kyyyy8_platform,0,O2_CHAR_INSERT_DELETE,STRONG,42,Pertama ketua botak😮,Perrtama ktua botak😮,True,SUCCESS,,2,0.1,2
DS4_005565_O3_WHITESPACE_MILD,DS4_005565,DS4_kyyyy8_platform,0,O3_WHITESPACE,MILD,42,Pertama ketua botak😮,Pert ama ketua botak😮,True,SUCCESS,,1,0.05,1
DS4_005565_O3_WHITESPACE_STRONG,DS4_005565,DS4_kyyyy8_platform,0,O3_WHITESPACE,STRONG,42,Pertama ketua botak😮,Pe rtama ketua bot ak😮,True,SUCCESS,,2,0.1,2
DS4_005565_O4_UNICODE_ORTHOGRAPHIC_MILD,DS4_005565,DS4_kyyyy8_platform,0,O4_UNICODE_ORTHOGRAPHIC,MILD,42,Pertama ketua botak😮,Pеrtama ketua botak😮,True,SUCCESS,,1,0.05,1
DS4_005565_O4_UNICODE_ORTHOGRAPHIC_STRONG,DS4_005565,DS4_kyyyy8_platform,0,O4_UNICODE_ORTHOGRAPHIC,STRONG,42,Pertama ketua botak😮,Рertama ketuа botak😮,True,SUCCESS,,2,0.1,2
DS4_005625_NORMAL_NORMAL,DS4_005625,DS4_kyyyy8_platform,1,NORMAL,NORMAL,42,𝔾𝔸 ℝ𝕌 𝔻𝔸 ℍ𝕆 𝕂𝕀..Dijamin Profit,𝔾𝔸 ℝ𝕌 𝔻𝔸 ℍ𝕆 𝕂𝕀..Dijamin Profit,False,SUCCESS,,0,0.0,0
DS4_005625_O1_CHAR_SUBSTITUTION_MILD,DS4_005625,DS4_kyyyy8_platform,1,O1_CHAR_SUBSTITUTION,MILD,42,𝔾𝔸 ℝ𝕌 𝔻𝔸 ℍ𝕆 𝕂𝕀..Dijamin Profit,𝔾𝔸 ℝ𝕌 𝔻𝔸 ℍ𝕆 𝕂𝕀..Dijamin Pr0fit,True,SUCCESS,,1,0.0333,1
DS4_005625_O1_CHAR_SUBSTITUTION_STRONG,DS4_005625,DS4_kyyyy8_platform,1,O1_CHAR_SUBSTITUTION,STRONG,42,𝔾𝔸 ℝ𝕌 𝔻𝔸 ℍ𝕆 𝕂𝕀..Dijamin Profit,𝔾𝔸 ℝ𝕌 𝔻𝔸 ℍ𝕆 𝕂𝕀..D1jam1n Pr0f1t,True,SUCCESS,,4,0.1333,2
DS4_005625_O2_CHAR_INSERT_DELETE_MILD,DS4_005625,DS4_kyyyy8_platform,1,O2_CHAR_INSERT_DELETE,MILD,42,𝔾𝔸 ℝ𝕌 𝔻𝔸 ℍ𝕆 𝕂𝕀..Dijamin Profit,𝔾𝔸 ℝ𝕌 𝔻𝔸 ℍ𝕆 𝕂𝕀..Dijamin Proofit,True,SUCCESS,,1,0.0333,1
DS4_005625_O2_CHAR_INSERT_DELETE_STRONG,DS4_005625,DS4_kyyyy8_platform,1,O2_CHAR_INSERT_DELETE,STRONG,42,𝔾𝔸 ℝ𝕌 𝔻𝔸 ℍ𝕆 𝕂𝕀..Dijamin Profit,𝔾𝔸 ℝ𝕌 𝔻𝔸 ℍ𝕆 𝕂𝕀..Dijaamin Proffit,True,SUCCESS,,2,0.0667,2
DS4_005625_O3_WHITESPACE_MILD,DS4_005625,DS4_kyyyy8_platform,1,O3_WHITESPACE,MILD,42,𝔾𝔸 ℝ𝕌 𝔻𝔸 ℍ𝕆 𝕂𝕀..Dijamin Profit,𝔾𝔸 ℝ𝕌 𝔻𝔸 ℍ𝕆 𝕂𝕀..Dijamin Profi t,True,SUCCESS,,1,0.0333,1
DS4_005625_O3_WHITESPACE_STRONG,DS4_005625,DS4_kyyyy8_platform,1,O3_WHITESPACE,STRONG,42,𝔾𝔸 ℝ𝕌 𝔻𝔸 ℍ𝕆 𝕂𝕀..Dijamin Profit,𝔾𝔸 ℝ𝕌 𝔻𝔸 ℍ𝕆 𝕂𝕀..Dija min Pr ofit,True,SUCCESS,,2,0.0667,2
DS4_005625_O4_UNICODE_ORTHOGRAPHIC_MILD,DS4_005625,DS4_kyyyy8_platform,1,O4_UNICODE_ORTHOGRAPHIC,MILD,42,𝔾𝔸 ℝ𝕌 𝔻𝔸 ℍ𝕆 𝕂𝕀..Dijamin Profit,𝔾𝔸 ℝ𝕌 𝔻𝔸 ℍ𝕆 𝕂𝕀..Dijamin Рrofit,True,SUCCESS,,1,0.0333,1
DS4_005625_O4_UNICODE_ORTHOGRAPHIC_STRONG,DS4_005625,DS4_kyyyy8_platform,1,O4_UNICODE_ORTHOGRAPHIC,STRONG,42,𝔾𝔸 ℝ𝕌 𝔻𝔸 ℍ𝕆 𝕂𝕀..Dijamin Profit,𝔾𝔸 ℝ𝕌 𝔻𝔸 ℍ𝕆 𝕂𝕀..Dijаmin Prоfit,True,SUCCESS,,2,0.0667,2
DS4_006043_NORMAL_NORMAL,DS4_006043,DS4_kyyyy8_platform,0,NORMAL,NORMAL,42,Selama di pake musuh semua hero gak ada yg bener😂 sekalipun hero andalannya sendiri😂,Selama di pake musuh semua hero gak ada yg bener😂 sekalipun hero andalannya sendiri😂,False,SUCCESS,,0,0.0,0
DS4_006043_O1_CHAR_SUBSTITUTION_MILD,DS4_006043,DS4_kyyyy8_platform,0,O1_CHAR_SUBSTITUTION,MILD,42,Selama di pake musuh semua hero gak ada yg bener😂 sekalipun hero andalannya sendiri😂,Selama di pake musuh semua h3ro gak ada yg bener😂 sekalipun hero andalannya sendiri😂,True,SUCCESS,,1,0.0119,1
DS4_006043_O1_CHAR_SUBSTITUTION_STRONG,DS4_006043,DS4_kyyyy8_platform,0,O1_CHAR_SUBSTITUTION,STRONG,42,Selama di pake musuh semua hero gak ada yg bener😂 sekalipun hero andalannya sendiri😂,5elam4 di pake musuh semua hero gak ada yg bener😂 53kalipun hero andalannya sendiri😂,True,SUCCESS,,4,0.0476,2
DS4_006043_O2_CHAR_INSERT_DELETE_MILD,DS4_006043,DS4_kyyyy8_platform,0,O2_CHAR_INSERT_DELETE,MILD,42,Selama di pake musuh semua hero gak ada yg bener😂 sekalipun hero andalannya sendiri😂,Selama di pake musuh semua hero gak ada yg bener😂 sekalipun hero andalanya sendiri😂,True,SUCCESS,,1,0.0119,1
DS4_006043_O2_CHAR_INSERT_DELETE_STRONG,DS4_006043,DS4_kyyyy8_platform,0,O2_CHAR_INSERT_DELETE,STRONG,42,Selama di pake musuh semua hero gak ada yg bener😂 sekalipun hero andalannya sendiri😂,Selama di pake musuh sema hero gak ada yg bener😂 sekalipun hero andalannya sndiri😂,True,SUCCESS,,2,0.0238,2
DS4_006043_O3_WHITESPACE_MILD,DS4_006043,DS4_kyyyy8_platform,0,O3_WHITESPACE,MILD,42,Selama di pake musuh semua hero gak ada yg bener😂 sekalipun hero andalannya sendiri😂,Selama di pake musuh sem ua hero gak ada yg bener😂 sekalipun hero andalannya sendiri😂,True,SUCCESS,,1,0.0119,1
DS4_006043_O3_WHITESPACE_STRONG,DS4_006043,DS4_kyyyy8_platform,0,O3_WHITESPACE,STRONG,42,Selama di pake musuh semua hero gak ada yg bener😂 sekalipun hero andalannya sendiri😂,Selam a di pa ke musuh semua hero gak ada yg bener😂 sekalipun hero andalannya sendiri😂,True,SUCCESS,,2,0.0238,2
DS4_006043_O4_UNICODE_ORTHOGRAPHIC_MILD,DS4_006043,DS4_kyyyy8_platform,0,O4_UNICODE_ORTHOGRAPHIC,MILD,42,Selama di pake musuh semua hero gak ada yg bener😂 sekalipun hero andalannya sendiri😂,Selama di pake musuh semua hero gak ada yg bener😂 sekalipun hero аndalannya sendiri😂,True,SUCCESS,,1,0.0119,1
DS4_006043_O4_UNICODE_ORTHOGRAPHIC_STRONG,DS4_006043,DS4_kyyyy8_platform,0,O4_UNICODE_ORTHOGRAPHIC,STRONG,42,Selama di pake musuh semua hero gak ada yg bener😂 sekalipun hero andalannya sendiri😂,Selama di pаke musuh semuа hero gak ada yg bener😂 sekalipun hero andalannya sendiri😂,True,SUCCESS,,2,0.0238,2
DS4_006312_NORMAL_NORMAL,DS4_006312,DS4_kyyyy8_platform,0,NORMAL,NORMAL,42,"Mantap...., ini baru pejuang rakyat","Mantap...., ini baru pejuang rakyat",False,SUCCESS,,0,0.0,0
DS4_006312_O1_CHAR_SUBSTITUTION_MILD,DS4_006312,DS4_kyyyy8_platform,0,O1_CHAR_SUBSTITUTION,MILD,42,"Mantap...., ini baru pejuang rakyat","Mantap...., ini 8aru pejuang rakyat",True,SUCCESS,,1,0.0286,1
DS4_006312_O1_CHAR_SUBSTITUTION_STRONG,DS4_006312,DS4_kyyyy8_platform,0,O1_CHAR_SUBSTITUTION,STRONG,42,"Mantap...., ini baru pejuang rakyat","M4n7ap...., ini 84ru pejuang rakyat",True,SUCCESS,,4,0.1143,2
DS4_006312_O2_CHAR_INSERT_DELETE_MILD,DS4_006312,DS4_kyyyy8_platform,0,O2_CHAR_INSERT_DELETE,MILD,42,"Mantap...., ini baru pejuang rakyat","Manap...., ini baru pejuang rakyat",True,SUCCESS,,1,0.0286,1
DS4_006312_O2_CHAR_INSERT_DELETE_STRONG,DS4_006312,DS4_kyyyy8_platform,0,O2_CHAR_INSERT_DELETE,STRONG,42,"Mantap...., ini baru pejuang rakyat","Manntap...., ini baru pjuang rakyat",True,SUCCESS,,2,0.0571,2
DS4_006312_O3_WHITESPACE_MILD,DS4_006312,DS4_kyyyy8_platform,0,O3_WHITESPACE,MILD,42,"Mantap...., ini baru pejuang rakyat","Mantap...., ini baru pejua ng rakyat",True,SUCCESS,,1,0.0286,1
DS4_006312_O3_WHITESPACE_STRONG,DS4_006312,DS4_kyyyy8_platform,0,O3_WHITESPACE,STRONG,42,"Mantap...., ini baru pejuang rakyat","M antap...., ini baru pe juang rakyat",True,SUCCESS,,2,0.0571,2
DS4_006312_O4_UNICODE_ORTHOGRAPHIC_MILD,DS4_006312,DS4_kyyyy8_platform,0,O4_UNICODE_ORTHOGRAPHIC,MILD,42,"Mantap...., ini baru pejuang rakyat","Mantaр...., ini baru pejuang rakyat",True,SUCCESS,,1,0.0286,1
DS4_006312_O4_UNICODE_ORTHOGRAPHIC_STRONG,DS4_006312,DS4_kyyyy8_platform,0,O4_UNICODE_ORTHOGRAPHIC,STRONG,42,"Mantap...., ini baru pejuang rakyat","Mantaр...., ini baru pеjuang rakyat",True,SUCCESS,,2,0.0571,2
DS4_006463_NORMAL_NORMAL,DS4_006463,DS4_kyyyy8_platform,0,NORMAL,NORMAL,42,"Kasih keras ketua, pecah lagi layar nya wkwk","Kasih keras ketua, pecah lagi layar nya wkwk",False,SUCCESS,,0,0.0,0
DS4_006463_O1_CHAR_SUBSTITUTION_MILD,DS4_006463,DS4_kyyyy8_platform,0,O1_CHAR_SUBSTITUTION,MILD,42,"Kasih keras ketua, pecah lagi layar nya wkwk","Kasih ker4s ketua, pecah lagi layar nya wkwk",True,SUCCESS,,1,0.0227,1
DS4_006463_O1_CHAR_SUBSTITUTION_STRONG,DS4_006463,DS4_kyyyy8_platform,0,O1_CHAR_SUBSTITUTION,STRONG,42,"Kasih keras ketua, pecah lagi layar nya wkwk","Kasih k3ra5 ketua, pecah l4g1 layar nya wkwk",True,SUCCESS,,4,0.0909,2
DS4_006463_O2_CHAR_INSERT_DELETE_MILD,DS4_006463,DS4_kyyyy8_platform,0,O2_CHAR_INSERT_DELETE,MILD,42,"Kasih keras ketua, pecah lagi layar nya wkwk","Kaih keras ketua, pecah lagi layar nya wkwk",True,SUCCESS,,1,0.0227,1
DS4_006463_O2_CHAR_INSERT_DELETE_STRONG,DS4_006463,DS4_kyyyy8_platform,0,O2_CHAR_INSERT_DELETE,STRONG,42,"Kasih keras ketua, pecah lagi layar nya wkwk","Kasih keraas ketua, pecah lagi laar nya wkwk",True,SUCCESS,,2,0.0455,2
DS4_006463_O3_WHITESPACE_MILD,DS4_006463,DS4_kyyyy8_platform,0,O3_WHITESPACE,MILD,42,"Kasih keras ketua, pecah lagi layar nya wkwk","Kasi h keras ketua, pecah lagi layar nya wkwk",True,SUCCESS,,1,0.0227,1
DS4_006463_O3_WHITESPACE_STRONG,DS4_006463,DS4_kyyyy8_platform,0,O3_WHITESPACE,STRONG,42,"Kasih keras ketua, pecah lagi layar nya wkwk","Ka sih keras ketua, pec ah lagi layar nya wkwk",True,SUCCESS,,2,0.0455,2
DS4_006463_O4_UNICODE_ORTHOGRAPHIC_MILD,DS4_006463,DS4_kyyyy8_platform,0,O4_UNICODE_ORTHOGRAPHIC,MILD,42,"Kasih keras ketua, pecah lagi layar nya wkwk","Kasih keras ketua, pecah lagi layаr nya wkwk",True,SUCCESS,,1,0.0227,1
DS4_006463_O4_UNICODE_ORTHOGRAPHIC_STRONG,DS4_006463,DS4_kyyyy8_platform,0,O4_UNICODE_ORTHOGRAPHIC,STRONG,42,"Kasih keras ketua, pecah lagi layar nya wkwk","Kasih keras ketua, рecah lаgi layar nya wkwk",True,SUCCESS,,2,0.0455,2
DS4_006634_NORMAL_NORMAL,DS4_006634,DS4_kyyyy8_platform,1,NORMAL,NORMAL,42,tempat para player dapet maxwin tiada henti ❤𝐌𝐀𝐇𝐀𝐊𝐀𝐌𝟒𝐃❤,tempat para player dapet maxwin tiada henti ❤𝐌𝐀𝐇𝐀𝐊𝐀𝐌𝟒𝐃❤,False,SUCCESS,,0,0.0,0
DS4_006634_O1_CHAR_SUBSTITUTION_MILD,DS4_006634,DS4_kyyyy8_platform,1,O1_CHAR_SUBSTITUTION,MILD,42,tempat para player dapet maxwin tiada henti ❤𝐌𝐀𝐇𝐀𝐊𝐀𝐌𝟒𝐃❤,tempat para player dap3t maxwin tiada henti ❤𝐌𝐀𝐇𝐀𝐊𝐀𝐌𝟒𝐃❤,True,SUCCESS,,1,0.0182,1
DS4_006634_O1_CHAR_SUBSTITUTION_STRONG,DS4_006634,DS4_kyyyy8_platform,1,O1_CHAR_SUBSTITUTION,STRONG,42,tempat para player dapet maxwin tiada henti ❤𝐌𝐀𝐇𝐀𝐊𝐀𝐌𝟒𝐃❤,tempat para player dapet maxwin t1ad4 hen71 ❤𝐌𝐀𝐇𝐀𝐊𝐀𝐌𝟒𝐃❤,True,SUCCESS,,4,0.0727,2
DS4_006634_O2_CHAR_INSERT_DELETE_MILD,DS4_006634,DS4_kyyyy8_platform,1,O2_CHAR_INSERT_DELETE,MILD,42,tempat para player dapet maxwin tiada henti ❤𝐌𝐀𝐇𝐀𝐊𝐀𝐌𝟒𝐃❤,tempat para player dapet maxwin tiadda henti ❤𝐌𝐀𝐇𝐀𝐊𝐀𝐌𝟒𝐃❤,True,SUCCESS,,1,0.0182,1
DS4_006634_O2_CHAR_INSERT_DELETE_STRONG,DS4_006634,DS4_kyyyy8_platform,1,O2_CHAR_INSERT_DELETE,STRONG,42,tempat para player dapet maxwin tiada henti ❤𝐌𝐀𝐇𝐀𝐊𝐀𝐌𝟒𝐃❤,tempat para playeer dapet maxwin tiiada henti ❤𝐌𝐀𝐇𝐀𝐊𝐀𝐌𝟒𝐃❤,True,SUCCESS,,2,0.0364,2
DS4_006634_O3_WHITESPACE_MILD,DS4_006634,DS4_kyyyy8_platform,1,O3_WHITESPACE,MILD,42,tempat para player dapet maxwin tiada henti ❤𝐌𝐀𝐇𝐀𝐊𝐀𝐌𝟒𝐃❤,tempat para player dapet m axwin tiada henti ❤𝐌𝐀𝐇𝐀𝐊𝐀𝐌𝟒𝐃❤,True,SUCCESS,,1,0.0182,1
DS4_006634_O3_WHITESPACE_STRONG,DS4_006634,DS4_kyyyy8_platform,1,O3_WHITESPACE,STRONG,42,tempat para player dapet maxwin tiada henti ❤𝐌𝐀𝐇𝐀𝐊𝐀𝐌𝟒𝐃❤,te mpat para player dapet maxwin tiad a henti ❤𝐌𝐀𝐇𝐀𝐊𝐀𝐌𝟒𝐃❤,True,SUCCESS,,2,0.0364,2
DS4_006634_O4_UNICODE_ORTHOGRAPHIC_MILD,DS4_006634,DS4_kyyyy8_platform,1,O4_UNICODE_ORTHOGRAPHIC,MILD,42,tempat para player dapet maxwin tiada henti ❤𝐌𝐀𝐇𝐀𝐊𝐀𝐌𝟒𝐃❤,tempat para player dapet maxwin tiadа henti ❤𝐌𝐀𝐇𝐀𝐊𝐀𝐌𝟒𝐃❤,True,SUCCESS,,1,0.0182,1
DS4_006634_O4_UNICODE_ORTHOGRAPHIC_STRONG,DS4_006634,DS4_kyyyy8_platform,1,O4_UNICODE_ORTHOGRAPHIC,STRONG,42,tempat para player dapet maxwin tiada henti ❤𝐌𝐀𝐇𝐀𝐊𝐀𝐌𝟒𝐃❤,tempat para рlayer dapet mаxwin tiada henti ❤𝐌𝐀𝐇𝐀𝐊𝐀𝐌𝟒𝐃❤,True,SUCCESS,,2,0.0364,2
DS4_006869_NORMAL_NORMAL,DS4_006869,DS4_kyyyy8_platform,1,NORMAL,NORMAL,42,Pulau777 menghantui lawan-lawan 🔥,Pulau777 menghantui lawan-lawan 🔥,False,SUCCESS,,0,0.0,0
DS4_006869_O1_CHAR_SUBSTITUTION_MILD,DS4_006869,DS4_kyyyy8_platform,1,O1_CHAR_SUBSTITUTION,MILD,42,Pulau777 menghantui lawan-lawan 🔥,Pulau777 menghantui l4wan-lawan 🔥,True,SUCCESS,,1,0.0303,1
DS4_006869_O1_CHAR_SUBSTITUTION_STRONG,DS4_006869,DS4_kyyyy8_platform,1,O1_CHAR_SUBSTITUTION,STRONG,42,Pulau777 menghantui lawan-lawan 🔥,Pulau777 men9han7ui l4wan-l4wan 🔥,True,SUCCESS,,4,0.1212,2
DS4_006869_O2_CHAR_INSERT_DELETE_MILD,DS4_006869,DS4_kyyyy8_platform,1,O2_CHAR_INSERT_DELETE,MILD,42,Pulau777 menghantui lawan-lawan 🔥,Pulu777 menghantui lawan-lawan 🔥,True,SUCCESS,,1,0.0303,1
DS4_006869_O2_CHAR_INSERT_DELETE_STRONG,DS4_006869,DS4_kyyyy8_platform,1,O2_CHAR_INSERT_DELETE,STRONG,42,Pulau777 menghantui lawan-lawan 🔥,Pulau777 mnghantui lawaan-lawan 🔥,True,SUCCESS,,2,0.0606,2
DS4_006869_O3_WHITESPACE_MILD,DS4_006869,DS4_kyyyy8_platform,1,O3_WHITESPACE,MILD,42,Pulau777 menghantui lawan-lawan 🔥,P ulau777 menghantui lawan-lawan 🔥,True,SUCCESS,,1,0.0303,1
DS4_006869_O3_WHITESPACE_STRONG,DS4_006869,DS4_kyyyy8_platform,1,O3_WHITESPACE,STRONG,42,Pulau777 menghantui lawan-lawan 🔥,Pulau7 77 menghantui la wan-lawan 🔥,True,SUCCESS,,2,0.0606,2
DS4_006869_O4_UNICODE_ORTHOGRAPHIC_MILD,DS4_006869,DS4_kyyyy8_platform,1,O4_UNICODE_ORTHOGRAPHIC,MILD,42,Pulau777 menghantui lawan-lawan 🔥,Рulau777 menghantui lawan-lawan 🔥,True,SUCCESS,,1,0.0303,1
DS4_006869_O4_UNICODE_ORTHOGRAPHIC_STRONG,DS4_006869,DS4_kyyyy8_platform,1,O4_UNICODE_ORTHOGRAPHIC,STRONG,42,Pulau777 menghantui lawan-lawan 🔥,Pulau777 mеnghantui lawаn-lawan 🔥,True,SUCCESS,,2,0.0606,2
DS4_006901_NORMAL_NORMAL,DS4_006901,DS4_kyyyy8_platform,1,NORMAL,NORMAL,42,06:00 Bergabunglah dengan P U L A U 7 7 7 dan buktikan keberuntunganmu,06:00 Bergabunglah dengan P U L A U 7 7 7 dan buktikan keberuntunganmu,False,SUCCESS,,0,0.0,0
DS4_006901_O1_CHAR_SUBSTITUTION_MILD,DS4_006901,DS4_kyyyy8_platform,1,O1_CHAR_SUBSTITUTION,MILD,42,06:00 Bergabunglah dengan P U L A U 7 7 7 dan buktikan keberuntunganmu,06:00 Bergabunglah dengan P U L A U 7 7 7 dan 8uktikan keberuntunganmu,True,SUCCESS,,1,0.0143,1
DS4_006901_O1_CHAR_SUBSTITUTION_STRONG,DS4_006901,DS4_kyyyy8_platform,1,O1_CHAR_SUBSTITUTION,STRONG,42,06:00 Bergabunglah dengan P U L A U 7 7 7 dan buktikan keberuntunganmu,06:00 Bergabunglah d3ng4n P U L A U 7 7 7 dan buktikan k38eruntunganmu,True,SUCCESS,,4,0.0571,2
DS4_006901_O2_CHAR_INSERT_DELETE_MILD,DS4_006901,DS4_kyyyy8_platform,1,O2_CHAR_INSERT_DELETE,MILD,42,06:00 Bergabunglah dengan P U L A U 7 7 7 dan buktikan keberuntunganmu,06:00 Bergabunglah dengan P U L A U 7 7 7 dan buktikan keeberuntunganmu,True,SUCCESS,,1,0.0143,1
DS4_006901_O2_CHAR_INSERT_DELETE_STRONG,DS4_006901,DS4_kyyyy8_platform,1,O2_CHAR_INSERT_DELETE,STRONG,42,06:00 Bergabunglah dengan P U L A U 7 7 7 dan buktikan keberuntunganmu,06:00 Bergaabunglah dengan P U L A U 7 7 7 dan buktikan keberuntunanmu,True,SUCCESS,,2,0.0286,2
DS4_006901_O3_WHITESPACE_MILD,DS4_006901,DS4_kyyyy8_platform,1,O3_WHITESPACE,MILD,42,06:00 Bergabunglah dengan P U L A U 7 7 7 dan buktikan keberuntunganmu,06:00 Bergabunglah dengan P U L A U 7 7 7 dan buktika n keberuntunganmu,True,SUCCESS,,1,0.0143,1
DS4_006901_O3_WHITESPACE_STRONG,DS4_006901,DS4_kyyyy8_platform,1,O3_WHITESPACE,STRONG,42,06:00 Bergabunglah dengan P U L A U 7 7 7 dan buktikan keberuntunganmu,06:00 Bergabunglah dengan P U L A U 7 7 7 dan buktik an k eberuntunganmu,True,SUCCESS,,2,0.0286,2
DS4_006901_O4_UNICODE_ORTHOGRAPHIC_MILD,DS4_006901,DS4_kyyyy8_platform,1,O4_UNICODE_ORTHOGRAPHIC,MILD,42,06:00 Bergabunglah dengan P U L A U 7 7 7 dan buktikan keberuntunganmu,06:00 Bergabunglаh dengan P U L A U 7 7 7 dan buktikan keberuntunganmu,True,SUCCESS,,1,0.0143,1
DS4_006901_O4_UNICODE_ORTHOGRAPHIC_STRONG,DS4_006901,DS4_kyyyy8_platform,1,O4_UNICODE_ORTHOGRAPHIC,STRONG,42,06:00 Bergabunglah dengan P U L A U 7 7 7 dan buktikan keberuntunganmu,06:00 Bеrgabunglah dеngan P U L A U 7 7 7 dan buktikan keberuntunganmu,True,SUCCESS,,2,0.0286,2
DS4_006908_NORMAL_NORMAL,DS4_006908,DS4_kyyyy8_platform,1,NORMAL,NORMAL,42,"[̲̅P][̲̅U][̲̅L][̲̅A][̲̅U][̲̅7][̲̅7][̲̅7], tempat terbaik untuk pemain sejati","[̲̅P][̲̅U][̲̅L][̲̅A][̲̅U][̲̅7][̲̅7][̲̅7], tempat terbaik untuk pemain sejati",False,SUCCESS,,0,0.0,0
DS4_006908_O1_CHAR_SUBSTITUTION_MILD,DS4_006908,DS4_kyyyy8_platform,1,O1_CHAR_SUBSTITUTION,MILD,42,"[̲̅P][̲̅U][̲̅L][̲̅A][̲̅U][̲̅7][̲̅7][̲̅7], tempat terbaik untuk pemain sejati","[̲̅P][̲̅U][̲̅L][̲̅A][̲̅U][̲̅7][̲̅7][̲̅7], tempat terbaik untuk pemain sej4ti",True,SUCCESS,,1,0.0132,1
DS4_006908_O1_CHAR_SUBSTITUTION_STRONG,DS4_006908,DS4_kyyyy8_platform,1,O1_CHAR_SUBSTITUTION,STRONG,42,"[̲̅P][̲̅U][̲̅L][̲̅A][̲̅U][̲̅7][̲̅7][̲̅7], tempat terbaik untuk pemain sejati","[̲̅P][̲̅U][̲̅L][̲̅A][̲̅U][̲̅7][̲̅7][̲̅7], tempat terbaik untuk p3ma1n seja71",True,SUCCESS,,4,0.0526,2
DS4_006908_O2_CHAR_INSERT_DELETE_MILD,DS4_006908,DS4_kyyyy8_platform,1,O2_CHAR_INSERT_DELETE,MILD,42,"[̲̅P][̲̅U][̲̅L][̲̅A][̲̅U][̲̅7][̲̅7][̲̅7], tempat terbaik untuk pemain sejati","[̲̅P][̲̅U][̲̅L][̲̅A][̲̅U][̲̅7][̲̅7][̲̅7], tempat terbaik untuk pemain sejati",False,NO_CHANGE,No eligible target or token found for transformation.,0,0.0,0
DS4_006908_O2_CHAR_INSERT_DELETE_STRONG,DS4_006908,DS4_kyyyy8_platform,1,O2_CHAR_INSERT_DELETE,STRONG,42,"[̲̅P][̲̅U][̲̅L][̲̅A][̲̅U][̲̅7][̲̅7][̲̅7], tempat terbaik untuk pemain sejati","[̲̅P][̲̅U][̲̅L][̲̅A][̲̅U][̲̅7][̲̅7][̲̅7], tepat terbaik untuk pemain sejati",True,SUCCESS,,1,0.0132,1
DS4_006908_O3_WHITESPACE_MILD,DS4_006908,DS4_kyyyy8_platform,1,O3_WHITESPACE,MILD,42,"[̲̅P][̲̅U][̲̅L][̲̅A][̲̅U][̲̅7][̲̅7][̲̅7], tempat terbaik untuk pemain sejati","[̲̅P][̲̅U][̲̅L][̲̅A][̲̅U][̲̅7][̲̅7][̲̅7], tempat terbaik untuk pema in sejati",True,SUCCESS,,1,0.0132,1
DS4_006908_O3_WHITESPACE_STRONG,DS4_006908,DS4_kyyyy8_platform,1,O3_WHITESPACE,STRONG,42,"[̲̅P][̲̅U][̲̅L][̲̅A][̲̅U][̲̅7][̲̅7][̲̅7], tempat terbaik untuk pemain sejati","[̲̅P][̲̅U][̲̅L][̲̅A][̲̅U][̲̅7][̲̅7][̲̅7], tempat terbaik untuk pemain sej ati",True,SUCCESS,,1,0.0132,1
DS4_006908_O4_UNICODE_ORTHOGRAPHIC_MILD,DS4_006908,DS4_kyyyy8_platform,1,O4_UNICODE_ORTHOGRAPHIC,MILD,42,"[̲̅P][̲̅U][̲̅L][̲̅A][̲̅U][̲̅7][̲̅7][̲̅7], tempat terbaik untuk pemain sejati","[̲̅P][̲̅U][̲̅L][̲̅А][̲̅U][̲̅7][̲̅7][̲̅7], tempat terbaik untuk pemain sejati",True,SUCCESS,,1,0.0132,1
DS4_006908_O4_UNICODE_ORTHOGRAPHIC_STRONG,DS4_006908,DS4_kyyyy8_platform,1,O4_UNICODE_ORTHOGRAPHIC,STRONG,42,"[̲̅P][̲̅U][̲̅L][̲̅A][̲̅U][̲̅7][̲̅7][̲̅7], tempat terbaik untuk pemain sejati","[̲̅P][̲̅U][̲̅L][̲̅А][̲̅U][̲̅7][̲̅7][̲̅7], tempat terbaik untuuk pemain sejati",True,SUCCESS,,2,0.0263,2
DS4_006927_NORMAL_NORMAL,DS4_006927,DS4_kyyyy8_platform,1,NORMAL,NORMAL,42,Bergabunglah sekarang di ρüℓAυ777 dan nikmati berbagai keuntungan,Bergabunglah sekarang di ρüℓAυ777 dan nikmati berbagai keuntungan,False,SUCCESS,,0,0.0,0
DS4_006927_O1_CHAR_SUBSTITUTION_MILD,DS4_006927,DS4_kyyyy8_platform,1,O1_CHAR_SUBSTITUTION,MILD,42,Bergabunglah sekarang di ρüℓAυ777 dan nikmati berbagai keuntungan,Bergabunglah sekarang di ρüℓ4υ777 dan nikmati berbagai keuntungan,True,SUCCESS,,1,0.0154,1
DS4_006927_O1_CHAR_SUBSTITUTION_STRONG,DS4_006927,DS4_kyyyy8_platform,1,O1_CHAR_SUBSTITUTION,STRONG,42,Bergabunglah sekarang di ρüℓAυ777 dan nikmati berbagai keuntungan,Bergabunglah sekarang di ρüℓAυ777 dan nikmati b3r8agai k3untun9an,True,SUCCESS,,4,0.0615,2
DS4_006927_O2_CHAR_INSERT_DELETE_MILD,DS4_006927,DS4_kyyyy8_platform,1,O2_CHAR_INSERT_DELETE,MILD,42,Bergabunglah sekarang di ρüℓAυ777 dan nikmati berbagai keuntungan,Bergabunglah sekarang di ρüℓυ777 dan nikmati berbagai keuntungan,True,SUCCESS,,1,0.0154,1
DS4_006927_O2_CHAR_INSERT_DELETE_STRONG,DS4_006927,DS4_kyyyy8_platform,1,O2_CHAR_INSERT_DELETE,STRONG,42,Bergabunglah sekarang di ρüℓAυ777 dan nikmati berbagai keuntungan,Bergabunglah sekarang di ρüℓAυ777 dan nikmati berbagi kentungan,True,SUCCESS,,2,0.0308,2
DS4_006927_O3_WHITESPACE_MILD,DS4_006927,DS4_kyyyy8_platform,1,O3_WHITESPACE,MILD,42,Bergabunglah sekarang di ρüℓAυ777 dan nikmati berbagai keuntungan,Bergabunglah sekarang di ρüℓAυ777 dan nikmati be rbagai keuntungan,True,SUCCESS,,1,0.0154,1
DS4_006927_O3_WHITESPACE_STRONG,DS4_006927,DS4_kyyyy8_platform,1,O3_WHITESPACE,STRONG,42,Bergabunglah sekarang di ρüℓAυ777 dan nikmati berbagai keuntungan,Be rgabunglah sekarang di ρüℓAυ777 dan nikmati b erbagai keuntungan,True,SUCCESS,,2,0.0308,2
DS4_006927_O4_UNICODE_ORTHOGRAPHIC_MILD,DS4_006927,DS4_kyyyy8_platform,1,O4_UNICODE_ORTHOGRAPHIC,MILD,42,Bergabunglah sekarang di ρüℓAυ777 dan nikmati berbagai keuntungan,Bergabunglah sekarang di ρüℓAυ777 dan nikmati berbаgai keuntungan,True,SUCCESS,,1,0.0154,1
DS4_006927_O4_UNICODE_ORTHOGRAPHIC_STRONG,DS4_006927,DS4_kyyyy8_platform,1,O4_UNICODE_ORTHOGRAPHIC,STRONG,42,Bergabunglah sekarang di ρüℓAυ777 dan nikmati berbagai keuntungan,Bergabunglah sekarang di ρüℓAυ777 dan nikmаti bеrbagai keuntungan,True,SUCCESS,,2,0.0308,2
DS4_006928_NORMAL_NORMAL,DS4_006928,DS4_kyyyy8_platform,1,NORMAL,NORMAL,42,"P U L A U 7 7 7, jadilah bagian dari komunitas pemenang","P U L A U 7 7 7, jadilah bagian dari komunitas pemenang",False,SUCCESS,,0,0.0,0
DS4_006928_O1_CHAR_SUBSTITUTION_MILD,DS4_006928,DS4_kyyyy8_platform,1,O1_CHAR_SUBSTITUTION,MILD,42,"P U L A U 7 7 7, jadilah bagian dari komunitas pemenang","P U L A U 7 7 7, jadilah ba9ian dari komunitas pemenang",True,SUCCESS,,1,0.0182,1
DS4_006928_O1_CHAR_SUBSTITUTION_STRONG,DS4_006928,DS4_kyyyy8_platform,1,O1_CHAR_SUBSTITUTION,STRONG,42,"P U L A U 7 7 7, jadilah bagian dari komunitas pemenang","P U L A U 7 7 7, jad1l4h bag14n dari komunitas pemenang",True,SUCCESS,,4,0.0727,2
DS4_006928_O2_CHAR_INSERT_DELETE_MILD,DS4_006928,DS4_kyyyy8_platform,1,O2_CHAR_INSERT_DELETE,MILD,42,"P U L A U 7 7 7, jadilah bagian dari komunitas pemenang","P U L A U 7 7 7, jadilah bagian daari komunitas pemenang",True,SUCCESS,,1,0.0182,1
DS4_006928_O2_CHAR_INSERT_DELETE_STRONG,DS4_006928,DS4_kyyyy8_platform,1,O2_CHAR_INSERT_DELETE,STRONG,42,"P U L A U 7 7 7, jadilah bagian dari komunitas pemenang","P U L A U 7 7 7, jadilah bagiian dari komunitas pmenang",True,SUCCESS,,2,0.0364,2
DS4_006928_O3_WHITESPACE_MILD,DS4_006928,DS4_kyyyy8_platform,1,O3_WHITESPACE,MILD,42,"P U L A U 7 7 7, jadilah bagian dari komunitas pemenang","P U L A U 7 7 7, jadilah bagian d ari komunitas pemenang",True,SUCCESS,,1,0.0182,1
DS4_006928_O3_WHITESPACE_STRONG,DS4_006928,DS4_kyyyy8_platform,1,O3_WHITESPACE,STRONG,42,"P U L A U 7 7 7, jadilah bagian dari komunitas pemenang","P U L A U 7 7 7, jad ilah bagian dari komunitas pemen ang",True,SUCCESS,,2,0.0364,2
DS4_006928_O4_UNICODE_ORTHOGRAPHIC_MILD,DS4_006928,DS4_kyyyy8_platform,1,O4_UNICODE_ORTHOGRAPHIC,MILD,42,"P U L A U 7 7 7, jadilah bagian dari komunitas pemenang","P U L A U 7 7 7, jadilah bаgian dari komunitas pemenang",True,SUCCESS,,1,0.0182,1
DS4_006928_O4_UNICODE_ORTHOGRAPHIC_STRONG,DS4_006928,DS4_kyyyy8_platform,1,O4_UNICODE_ORTHOGRAPHIC,STRONG,42,"P U L A U 7 7 7, jadilah bagian dari komunitas pemenang","P U L A U 7 7 7, jаdilah bаgian dari komunitas pemenang",True,SUCCESS,,2,0.0364,2
DS4_007206_NORMAL_NORMAL,DS4_007206,DS4_kyyyy8_platform,1,NORMAL,NORMAL,42,"INSYA ALLAH  liat video memasak, 🤎𝐏𝐑𝐎𝐁𝐄𝐓 𝟖𝟓𝟓🤎 menyiapkan segala video apapun itu !!","INSYA ALLAH  liat video memasak, 🤎𝐏𝐑𝐎𝐁𝐄𝐓 𝟖𝟓𝟓🤎 menyiapkan segala video apapun itu !!",False,SUCCESS,,0,0.0,0
DS4_007206_O1_CHAR_SUBSTITUTION_MILD,DS4_007206,DS4_kyyyy8_platform,1,O1_CHAR_SUBSTITUTION,MILD,42,"INSYA ALLAH  liat video memasak, 🤎𝐏𝐑𝐎𝐁𝐄𝐓 𝟖𝟓𝟓🤎 menyiapkan segala video apapun itu !!","INSYA ALLAH  liat video m3masak, 🤎𝐏𝐑𝐎𝐁𝐄𝐓 𝟖𝟓𝟓🤎 menyiapkan segala video apapun itu !!",True,SUCCESS,,1,0.012,1
DS4_007206_O1_CHAR_SUBSTITUTION_STRONG,DS4_007206,DS4_kyyyy8_platform,1,O1_CHAR_SUBSTITUTION,STRONG,42,"INSYA ALLAH  liat video memasak, 🤎𝐏𝐑𝐎𝐁𝐄𝐓 𝟖𝟓𝟓🤎 menyiapkan segala video apapun itu !!","1NSY4 ALLAH  liat video memasak, 🤎𝐏𝐑𝐎𝐁𝐄𝐓 𝟖𝟓𝟓🤎 menyiapkan segala video 4p4pun itu !!",True,SUCCESS,,4,0.0482,2
DS4_007206_O2_CHAR_INSERT_DELETE_MILD,DS4_007206,DS4_kyyyy8_platform,1,O2_CHAR_INSERT_DELETE,MILD,42,"INSYA ALLAH  liat video memasak, 🤎𝐏𝐑𝐎𝐁𝐄𝐓 𝟖𝟓𝟓🤎 menyiapkan segala video apapun itu !!","INSYA ALLAH  liiat video memasak, 🤎𝐏𝐑𝐎𝐁𝐄𝐓 𝟖𝟓𝟓🤎 menyiapkan segala video apapun itu !!",True,SUCCESS,,1,0.012,1
DS4_007206_O2_CHAR_INSERT_DELETE_STRONG,DS4_007206,DS4_kyyyy8_platform,1,O2_CHAR_INSERT_DELETE,STRONG,42,"INSYA ALLAH  liat video memasak, 🤎𝐏𝐑𝐎𝐁𝐄𝐓 𝟖𝟓𝟓🤎 menyiapkan segala video apapun itu !!","INSYA ALLAH  liat video memasak, 🤎𝐏𝐑𝐎𝐁𝐄𝐓 𝟖𝟓𝟓🤎 menyiappkan segala vido apapun itu !!",True,SUCCESS,,2,0.0241,2
DS4_007206_O3_WHITESPACE_MILD,DS4_007206,DS4_kyyyy8_platform,1,O3_WHITESPACE,MILD,42,"INSYA ALLAH  liat video memasak, 🤎𝐏𝐑𝐎𝐁𝐄𝐓 𝟖𝟓𝟓🤎 menyiapkan segala video apapun itu !!","INSYA ALL AH  liat video memasak, 🤎𝐏𝐑𝐎𝐁𝐄𝐓 𝟖𝟓𝟓🤎 menyiapkan segala video apapun itu !!",True,SUCCESS,,1,0.012,1
DS4_007206_O3_WHITESPACE_STRONG,DS4_007206,DS4_kyyyy8_platform,1,O3_WHITESPACE,STRONG,42,"INSYA ALLAH  liat video memasak, 🤎𝐏𝐑𝐎𝐁𝐄𝐓 𝟖𝟓𝟓🤎 menyiapkan segala video apapun itu !!","INSYA ALLAH  liat vide o me masak, 🤎𝐏𝐑𝐎𝐁𝐄𝐓 𝟖𝟓𝟓🤎 menyiapkan segala video apapun itu !!",True,SUCCESS,,2,0.0241,2
DS4_007206_O4_UNICODE_ORTHOGRAPHIC_MILD,DS4_007206,DS4_kyyyy8_platform,1,O4_UNICODE_ORTHOGRAPHIC,MILD,42,"INSYA ALLAH  liat video memasak, 🤎𝐏𝐑𝐎𝐁𝐄𝐓 𝟖𝟓𝟓🤎 menyiapkan segala video apapun itu !!","INSYA ALLAH  liat video memasak, 🤎𝐏𝐑𝐎𝐁𝐄𝐓 𝟖𝟓𝟓🤎 menyiapkan segala video apаpun itu !!",True,SUCCESS,,1,0.012,1
DS4_007206_O4_UNICODE_ORTHOGRAPHIC_STRONG,DS4_007206,DS4_kyyyy8_platform,1,O4_UNICODE_ORTHOGRAPHIC,STRONG,42,"INSYA ALLAH  liat video memasak, 🤎𝐏𝐑𝐎𝐁𝐄𝐓 𝟖𝟓𝟓🤎 menyiapkan segala video apapun itu !!","INSYA ALLAH  liat videо memasak, 🤎𝐏𝐑𝐎𝐁𝐄𝐓 𝟖𝟓𝟓🤎 menyiapkan segala video apaрun itu !!",True,SUCCESS,,2,0.0241,2
DS4_007230_NORMAL_NORMAL,DS4_007230,DS4_kyyyy8_platform,1,NORMAL,NORMAL,42,Bagus kreatif nih💙P R O B E T  8 5 5💙,Bagus kreatif nih💙P R O B E T  8 5 5💙,False,SUCCESS,,0,0.0,0
DS4_007230_O1_CHAR_SUBSTITUTION_MILD,DS4_007230,DS4_kyyyy8_platform,1,O1_CHAR_SUBSTITUTION,MILD,42,Bagus kreatif nih💙P R O B E T  8 5 5💙,B4gus kreatif nih💙P R O B E T  8 5 5💙,True,SUCCESS,,1,0.027,1
DS4_007230_O1_CHAR_SUBSTITUTION_STRONG,DS4_007230,DS4_kyyyy8_platform,1,O1_CHAR_SUBSTITUTION,STRONG,42,Bagus kreatif nih💙P R O B E T  8 5 5💙,B49us kr34tif nih💙P R O B E T  8 5 5💙,True,SUCCESS,,4,0.1081,2
DS4_007230_O2_CHAR_INSERT_DELETE_MILD,DS4_007230,DS4_kyyyy8_platform,1,O2_CHAR_INSERT_DELETE,MILD,42,Bagus kreatif nih💙P R O B E T  8 5 5💙,Bags kreatif nih💙P R O B E T  8 5 5💙,True,SUCCESS,,1,0.027,1
DS4_007230_O2_CHAR_INSERT_DELETE_STRONG,DS4_007230,DS4_kyyyy8_platform,1,O2_CHAR_INSERT_DELETE,STRONG,42,Bagus kreatif nih💙P R O B E T  8 5 5💙,Bagus kreeatif nihh💙P R O B E T  8 5 5💙,True,SUCCESS,,2,0.0541,2
DS4_007230_O3_WHITESPACE_MILD,DS4_007230,DS4_kyyyy8_platform,1,O3_WHITESPACE,MILD,42,Bagus kreatif nih💙P R O B E T  8 5 5💙,Bagus kreati f nih💙P R O B E T  8 5 5💙,True,SUCCESS,,1,0.027,1
DS4_007230_O3_WHITESPACE_STRONG,DS4_007230,DS4_kyyyy8_platform,1,O3_WHITESPACE,STRONG,42,Bagus kreatif nih💙P R O B E T  8 5 5💙,Bagus kre atif n ih💙P R O B E T  8 5 5💙,True,SUCCESS,,2,0.0541,2
DS4_007230_O4_UNICODE_ORTHOGRAPHIC_MILD,DS4_007230,DS4_kyyyy8_platform,1,O4_UNICODE_ORTHOGRAPHIC,MILD,42,Bagus kreatif nih💙P R O B E T  8 5 5💙,Bagus kreаtif nih💙P R O B E T  8 5 5💙,True,SUCCESS,,1,0.027,1
DS4_007230_O4_UNICODE_ORTHOGRAPHIC_STRONG,DS4_007230,DS4_kyyyy8_platform,1,O4_UNICODE_ORTHOGRAPHIC,STRONG,42,Bagus kreatif nih💙P R O B E T  8 5 5💙,Bаgus kreatif nih💙Р R O B E T  8 5 5💙,True,SUCCESS,,2,0.0541,2
DS4_007540_NORMAL_NORMAL,DS4_007540,DS4_kyyyy8_platform,1,NORMAL,NORMAL,42,"Gak ada yang ngalahin reaction ini! Tapi kalo soal cuan, 𝐖𝐄𝐓𝐎𝐍-𝟖𝟖 juaranya! 🏆💎","Gak ada yang ngalahin reaction ini! Tapi kalo soal cuan, 𝐖𝐄𝐓𝐎𝐍-𝟖𝟖 juaranya! 🏆💎",False,SUCCESS,,0,0.0,0
DS4_007540_O1_CHAR_SUBSTITUTION_MILD,DS4_007540,DS4_kyyyy8_platform,1,O1_CHAR_SUBSTITUTION,MILD,42,"Gak ada yang ngalahin reaction ini! Tapi kalo soal cuan, 𝐖𝐄𝐓𝐎𝐍-𝟖𝟖 juaranya! 🏆💎","Gak ada yang ngalahin reaction ini! Tapi kalo s0al cuan, 𝐖𝐄𝐓𝐎𝐍-𝟖𝟖 juaranya! 🏆💎",True,SUCCESS,,1,0.0128,1
DS4_007540_O1_CHAR_SUBSTITUTION_STRONG,DS4_007540,DS4_kyyyy8_platform,1,O1_CHAR_SUBSTITUTION,STRONG,42,"Gak ada yang ngalahin reaction ini! Tapi kalo soal cuan, 𝐖𝐄𝐓𝐎𝐍-𝟖𝟖 juaranya! 🏆💎","Gak ada yang ngalahin r3act1on ini! T4p1 kalo soal cuan, 𝐖𝐄𝐓𝐎𝐍-𝟖𝟖 juaranya! 🏆💎",True,SUCCESS,,4,0.0513,2
DS4_007540_O2_CHAR_INSERT_DELETE_MILD,DS4_007540,DS4_kyyyy8_platform,1,O2_CHAR_INSERT_DELETE,MILD,42,"Gak ada yang ngalahin reaction ini! Tapi kalo soal cuan, 𝐖𝐄𝐓𝐎𝐍-𝟖𝟖 juaranya! 🏆💎","Gak ada yang ngalahin reaction ini! Tapi kallo soal cuan, 𝐖𝐄𝐓𝐎𝐍-𝟖𝟖 juaranya! 🏆💎",True,SUCCESS,,1,0.0128,1
DS4_007540_O2_CHAR_INSERT_DELETE_STRONG,DS4_007540,DS4_kyyyy8_platform,1,O2_CHAR_INSERT_DELETE,STRONG,42,"Gak ada yang ngalahin reaction ini! Tapi kalo soal cuan, 𝐖𝐄𝐓𝐎𝐍-𝟖𝟖 juaranya! 🏆💎","Gak ada yang ngalahin reaction ini! Tapi kalo soal cuan, 𝐖𝐄𝐎𝐍-𝟖𝟖 juaranyaa! 🏆💎",True,SUCCESS,,2,0.0256,2
DS4_007540_O3_WHITESPACE_MILD,DS4_007540,DS4_kyyyy8_platform,1,O3_WHITESPACE,MILD,42,"Gak ada yang ngalahin reaction ini! Tapi kalo soal cuan, 𝐖𝐄𝐓𝐎𝐍-𝟖𝟖 juaranya! 🏆💎","Gak ada yang n galahin reaction ini! Tapi kalo soal cuan, 𝐖𝐄𝐓𝐎𝐍-𝟖𝟖 juaranya! 🏆💎",True,SUCCESS,,1,0.0128,1
DS4_007540_O3_WHITESPACE_STRONG,DS4_007540,DS4_kyyyy8_platform,1,O3_WHITESPACE,STRONG,42,"Gak ada yang ngalahin reaction ini! Tapi kalo soal cuan, 𝐖𝐄𝐓𝐎𝐍-𝟖𝟖 juaranya! 🏆💎","Gak ada yang ngalahin reaction ini! Tapi kalo soal cuan, 𝐖𝐄𝐓𝐎 𝐍-𝟖𝟖 juaran ya! 🏆💎",True,SUCCESS,,2,0.0256,2
DS4_007540_O4_UNICODE_ORTHOGRAPHIC_MILD,DS4_007540,DS4_kyyyy8_platform,1,O4_UNICODE_ORTHOGRAPHIC,MILD,42,"Gak ada yang ngalahin reaction ini! Tapi kalo soal cuan, 𝐖𝐄𝐓𝐎𝐍-𝟖𝟖 juaranya! 🏆💎","Gak ada yang ngalahin reaction ini! Taрi kalo soal cuan, 𝐖𝐄𝐓𝐎𝐍-𝟖𝟖 juaranya! 🏆💎",True,SUCCESS,,1,0.0128,1
DS4_007540_O4_UNICODE_ORTHOGRAPHIC_STRONG,DS4_007540,DS4_kyyyy8_platform,1,O4_UNICODE_ORTHOGRAPHIC,STRONG,42,"Gak ada yang ngalahin reaction ini! Tapi kalo soal cuan, 𝐖𝐄𝐓𝐎𝐍-𝟖𝟖 juaranya! 🏆💎","Gak ada yang ngalahin reaction ini! Tapi kalo soal cuаn, 𝐖𝐄𝐓𝐎𝐍𝐍-𝟖𝟖 juaranya! 🏆💎",True,SUCCESS,,2,0.0256,2
DS4_007547_NORMAL_NORMAL,DS4_007547,DS4_kyyyy8_platform,1,NORMAL,NORMAL,42,"Konten seperti ini yang dibutuhkan di YouTube. Sukses terus!,𝙬-𝙚-𝙩-𝙤-𝙣-88!","Konten seperti ini yang dibutuhkan di YouTube. Sukses terus!,𝙬-𝙚-𝙩-𝙤-𝙣-88!",False,SUCCESS,,0,0.0,0
DS4_007547_O1_CHAR_SUBSTITUTION_MILD,DS4_007547,DS4_kyyyy8_platform,1,O1_CHAR_SUBSTITUTION,MILD,42,"Konten seperti ini yang dibutuhkan di YouTube. Sukses terus!,𝙬-𝙚-𝙩-𝙤-𝙣-88!","Kon7en seperti ini yang dibutuhkan di YouTube. Sukses terus!,𝙬-𝙚-𝙩-𝙤-𝙣-88!",True,SUCCESS,,1,0.0135,1
DS4_007547_O1_CHAR_SUBSTITUTION_STRONG,DS4_007547,DS4_kyyyy8_platform,1,O1_CHAR_SUBSTITUTION,STRONG,42,"Konten seperti ini yang dibutuhkan di YouTube. Sukses terus!,𝙬-𝙚-𝙩-𝙤-𝙣-88!","Konten seper71 ini yang dibutuhkan di YouTube. 5uks3s terus!,𝙬-𝙚-𝙩-𝙤-𝙣-88!",True,SUCCESS,,4,0.0541,2
DS4_007547_O2_CHAR_INSERT_DELETE_MILD,DS4_007547,DS4_kyyyy8_platform,1,O2_CHAR_INSERT_DELETE,MILD,42,"Konten seperti ini yang dibutuhkan di YouTube. Sukses terus!,𝙬-𝙚-𝙩-𝙤-𝙣-88!","Konten seperti ini yang dibutuhkkan di YouTube. Sukses terus!,𝙬-𝙚-𝙩-𝙤-𝙣-88!",True,SUCCESS,,1,0.0135,1
DS4_007547_O2_CHAR_INSERT_DELETE_STRONG,DS4_007547,DS4_kyyyy8_platform,1,O2_CHAR_INSERT_DELETE,STRONG,42,"Konten seperti ini yang dibutuhkan di YouTube. Sukses terus!,𝙬-𝙚-𝙩-𝙤-𝙣-88!","Konten sepperti ini yang dibutuhkan di YoTube. Sukses terus!,𝙬-𝙚-𝙩-𝙤-𝙣-88!",True,SUCCESS,,2,0.027,2
DS4_007547_O3_WHITESPACE_MILD,DS4_007547,DS4_kyyyy8_platform,1,O3_WHITESPACE,MILD,42,"Konten seperti ini yang dibutuhkan di YouTube. Sukses terus!,𝙬-𝙚-𝙩-𝙤-𝙣-88!","Konten s eperti ini yang dibutuhkan di YouTube. Sukses terus!,𝙬-𝙚-𝙩-𝙤-𝙣-88!",True,SUCCESS,,1,0.0135,1
DS4_007547_O3_WHITESPACE_STRONG,DS4_007547,DS4_kyyyy8_platform,1,O3_WHITESPACE,STRONG,42,"Konten seperti ini yang dibutuhkan di YouTube. Sukses terus!,𝙬-𝙚-𝙩-𝙤-𝙣-88!","Konten seperti ini yang dib utuhkan di YouTube. Sukses t erus!,𝙬-𝙚-𝙩-𝙤-𝙣-88!",True,SUCCESS,,2,0.027,2
DS4_007547_O4_UNICODE_ORTHOGRAPHIC_MILD,DS4_007547,DS4_kyyyy8_platform,1,O4_UNICODE_ORTHOGRAPHIC,MILD,42,"Konten seperti ini yang dibutuhkan di YouTube. Sukses terus!,𝙬-𝙚-𝙩-𝙤-𝙣-88!","Konten seperti ini yang dibutuhkan di YouTubе. Sukses terus!,𝙬-𝙚-𝙩-𝙤-𝙣-88!",True,SUCCESS,,1,0.0135,1
DS4_007547_O4_UNICODE_ORTHOGRAPHIC_STRONG,DS4_007547,DS4_kyyyy8_platform,1,O4_UNICODE_ORTHOGRAPHIC,STRONG,42,"Konten seperti ini yang dibutuhkan di YouTube. Sukses terus!,𝙬-𝙚-𝙩-𝙤-𝙣-88!","Konten seperti ini yаng dibutuhkan di YouTube. Sukses tеrus!,𝙬-𝙚-𝙩-𝙤-𝙣-88!",True,SUCCESS,,2,0.027,2
DS4_007564_NORMAL_NORMAL,DS4_007564,DS4_kyyyy8_platform,1,NORMAL,NORMAL,42,Ronde berikut coba di 𝐖𝐄𝐓𝐎𝐍𝟖𝟖 bang,Ronde berikut coba di 𝐖𝐄𝐓𝐎𝐍𝟖𝟖 bang,False,SUCCESS,,0,0.0,0
DS4_007564_O1_CHAR_SUBSTITUTION_MILD,DS4_007564,DS4_kyyyy8_platform,1,O1_CHAR_SUBSTITUTION,MILD,42,Ronde berikut coba di 𝐖𝐄𝐓𝐎𝐍𝟖𝟖 bang,Ronde beriku7 coba di 𝐖𝐄𝐓𝐎𝐍𝟖𝟖 bang,True,SUCCESS,,1,0.0294,1
DS4_007564_O1_CHAR_SUBSTITUTION_STRONG,DS4_007564,DS4_kyyyy8_platform,1,O1_CHAR_SUBSTITUTION,STRONG,42,Ronde berikut coba di 𝐖𝐄𝐓𝐎𝐍𝟖𝟖 bang,Ronde berikut c08a di 𝐖𝐄𝐓𝐎𝐍𝟖𝟖 84ng,True,SUCCESS,,4,0.1176,2
DS4_007564_O2_CHAR_INSERT_DELETE_MILD,DS4_007564,DS4_kyyyy8_platform,1,O2_CHAR_INSERT_DELETE,MILD,42,Ronde berikut coba di 𝐖𝐄𝐓𝐎𝐍𝟖𝟖 bang,Ronde berikut coba di 𝐖𝐄𝐓𝐎𝐍𝟖 bang,True,SUCCESS,,1,0.0294,1
DS4_007564_O2_CHAR_INSERT_DELETE_STRONG,DS4_007564,DS4_kyyyy8_platform,1,O2_CHAR_INSERT_DELETE,STRONG,42,Ronde berikut coba di 𝐖𝐄𝐓𝐎𝐍𝟖𝟖 bang,Ronde berikut coba di 𝐖𝐄𝐓𝐎𝐍𝟖𝟖𝟖 banng,True,SUCCESS,,2,0.0588,2
DS4_007564_O3_WHITESPACE_MILD,DS4_007564,DS4_kyyyy8_platform,1,O3_WHITESPACE,MILD,42,Ronde berikut coba di 𝐖𝐄𝐓𝐎𝐍𝟖𝟖 bang,Ronde ber ikut coba di 𝐖𝐄𝐓𝐎𝐍𝟖𝟖 bang,True,SUCCESS,,1,0.0294,1
DS4_007564_O3_WHITESPACE_STRONG,DS4_007564,DS4_kyyyy8_platform,1,O3_WHITESPACE,STRONG,42,Ronde berikut coba di 𝐖𝐄𝐓𝐎𝐍𝟖𝟖 bang,R onde berikut c oba di 𝐖𝐄𝐓𝐎𝐍𝟖𝟖 bang,True,SUCCESS,,2,0.0588,2
DS4_007564_O4_UNICODE_ORTHOGRAPHIC_MILD,DS4_007564,DS4_kyyyy8_platform,1,O4_UNICODE_ORTHOGRAPHIC,MILD,42,Ronde berikut coba di 𝐖𝐄𝐓𝐎𝐍𝟖𝟖 bang,Rоnde berikut coba di 𝐖𝐄𝐓𝐎𝐍𝟖𝟖 bang,True,SUCCESS,,1,0.0294,1
DS4_007564_O4_UNICODE_ORTHOGRAPHIC_STRONG,DS4_007564,DS4_kyyyy8_platform,1,O4_UNICODE_ORTHOGRAPHIC,STRONG,42,Ronde berikut coba di 𝐖𝐄𝐓𝐎𝐍𝟖𝟖 bang,Ronde berikut coba di 𝐖𝐄𝐓𝐎𝐍𝟖𝟖𝟖 bаng,True,SUCCESS,,2,0.0588,2
DS4_007955_NORMAL_NORMAL,DS4_007955,DS4_kyyyy8_platform,1,NORMAL,NORMAL,42,"Setiap kill-nya epic banget, skillnya OP ❤𝐒𝐔𝐑𝐘𝐀𝟖𝟖❤ 😲🎮","Setiap kill-nya epic banget, skillnya OP ❤𝐒𝐔𝐑𝐘𝐀𝟖𝟖❤ 😲🎮",False,SUCCESS,,0,0.0,0
DS4_007955_O1_CHAR_SUBSTITUTION_MILD,DS4_007955,DS4_kyyyy8_platform,1,O1_CHAR_SUBSTITUTION,MILD,42,"Setiap kill-nya epic banget, skillnya OP ❤𝐒𝐔𝐑𝐘𝐀𝟖𝟖❤ 😲🎮","Setiap kill-nya ep1c banget, skillnya OP ❤𝐒𝐔𝐑𝐘𝐀𝟖𝟖❤ 😲🎮",True,SUCCESS,,1,0.0189,1
DS4_007955_O1_CHAR_SUBSTITUTION_STRONG,DS4_007955,DS4_kyyyy8_platform,1,O1_CHAR_SUBSTITUTION,STRONG,42,"Setiap kill-nya epic banget, skillnya OP ❤𝐒𝐔𝐑𝐘𝐀𝟖𝟖❤ 😲🎮","Setiap kill-nya 3p1c 84nget, skillnya OP ❤𝐒𝐔𝐑𝐘𝐀𝟖𝟖❤ 😲🎮",True,SUCCESS,,4,0.0755,2
DS4_007955_O2_CHAR_INSERT_DELETE_MILD,DS4_007955,DS4_kyyyy8_platform,1,O2_CHAR_INSERT_DELETE,MILD,42,"Setiap kill-nya epic banget, skillnya OP ❤𝐒𝐔𝐑𝐘𝐀𝟖𝟖❤ 😲🎮","Setiap kill-nya epic banget, skillnya OP ❤𝐒𝐔𝐑𝐘𝐀𝟖❤ 😲🎮",True,SUCCESS,,1,0.0189,1
DS4_007955_O2_CHAR_INSERT_DELETE_STRONG,DS4_007955,DS4_kyyyy8_platform,1,O2_CHAR_INSERT_DELETE,STRONG,42,"Setiap kill-nya epic banget, skillnya OP ❤𝐒𝐔𝐑𝐘𝐀𝟖𝟖❤ 😲🎮","Setiap kill-nya eppic banget, skillnnya OP ❤𝐒𝐔𝐑𝐘𝐀𝟖𝟖❤ 😲🎮",True,SUCCESS,,2,0.0377,2
DS4_007955_O3_WHITESPACE_MILD,DS4_007955,DS4_kyyyy8_platform,1,O3_WHITESPACE,MILD,42,"Setiap kill-nya epic banget, skillnya OP ❤𝐒𝐔𝐑𝐘𝐀𝟖𝟖❤ 😲🎮","S etiap kill-nya epic banget, skillnya OP ❤𝐒𝐔𝐑𝐘𝐀𝟖𝟖❤ 😲🎮",True,SUCCESS,,1,0.0189,1
DS4_007955_O3_WHITESPACE_STRONG,DS4_007955,DS4_kyyyy8_platform,1,O3_WHITESPACE,STRONG,42,"Setiap kill-nya epic banget, skillnya OP ❤𝐒𝐔𝐑𝐘𝐀𝟖𝟖❤ 😲🎮","Setiap kill-nya epic banget, skillny a OP ❤𝐒𝐔𝐑𝐘𝐀𝟖 𝟖❤ 😲🎮",True,SUCCESS,,2,0.0377,2
DS4_007955_O4_UNICODE_ORTHOGRAPHIC_MILD,DS4_007955,DS4_kyyyy8_platform,1,O4_UNICODE_ORTHOGRAPHIC,MILD,42,"Setiap kill-nya epic banget, skillnya OP ❤𝐒𝐔𝐑𝐘𝐀𝟖𝟖❤ 😲🎮","Setiаp kill-nya epic banget, skillnya OP ❤𝐒𝐔𝐑𝐘𝐀𝟖𝟖❤ 😲🎮",True,SUCCESS,,1,0.0189,1
DS4_007955_O4_UNICODE_ORTHOGRAPHIC_STRONG,DS4_007955,DS4_kyyyy8_platform,1,O4_UNICODE_ORTHOGRAPHIC,STRONG,42,"Setiap kill-nya epic banget, skillnya OP ❤𝐒𝐔𝐑𝐘𝐀𝟖𝟖❤ 😲🎮","Setiap kill-nya eрic bangеt, skillnya OP ❤𝐒𝐔𝐑𝐘𝐀𝟖𝟖❤ 😲🎮",True,SUCCESS,,2,0.0377,2
DS4_009222_NORMAL_NORMAL,DS4_009222,DS4_kyyyy8_platform,1,NORMAL,NORMAL,42,"5:48 Aku nonton tanpa skip karena emang sebagus itu,🏴‍☠️𝓟𝓡𝓞𝓑𝓔𝓣855🏴‍☠️Mulai dari visual, suara, sampai pesan yang disampaikan semuanya pas banget. Makasih udah bikin hari ini lebih bermakna!💯","5:48 Aku nonton tanpa skip karena emang sebagus itu,🏴‍☠️𝓟𝓡𝓞𝓑𝓔𝓣855🏴‍☠️Mulai dari visual, suara, sampai pesan yang disampaikan semuanya pas banget. Makasih udah bikin hari ini lebih bermakna!💯",False,SUCCESS,,0,0.0,0
DS4_009222_O1_CHAR_SUBSTITUTION_MILD,DS4_009222,DS4_kyyyy8_platform,1,O1_CHAR_SUBSTITUTION,MILD,42,"5:48 Aku nonton tanpa skip karena emang sebagus itu,🏴‍☠️𝓟𝓡𝓞𝓑𝓔𝓣855🏴‍☠️Mulai dari visual, suara, sampai pesan yang disampaikan semuanya pas banget. Makasih udah bikin hari ini lebih bermakna!💯","5:48 Aku nonton tanpa skip karena emang sebagus itu,🏴‍☠️𝓟𝓡𝓞𝓑𝓔𝓣855🏴‍☠️Mulai dari visual, suara, sampai pesan yang disampaikan semuanya pas banget. Makasih udah bikin hari ini lebih b3rmakna!💯",True,SUCCESS,,1,0.0053,1
DS4_009222_O1_CHAR_SUBSTITUTION_STRONG,DS4_009222,DS4_kyyyy8_platform,1,O1_CHAR_SUBSTITUTION,STRONG,42,"5:48 Aku nonton tanpa skip karena emang sebagus itu,🏴‍☠️𝓟𝓡𝓞𝓑𝓔𝓣855🏴‍☠️Mulai dari visual, suara, sampai pesan yang disampaikan semuanya pas banget. Makasih udah bikin hari ini lebih bermakna!💯","5:48 Aku nonton tanpa skip karena emang sebagus itu,🏴‍☠️𝓟𝓡𝓞𝓑𝓔𝓣855🏴‍☠️Mulai dari visual, suara, sampai pesan yang disampaikan semuanya pas banget. Makasih udah bikin hari ini l38ih berm4kn4!💯",True,SUCCESS,,4,0.0211,2
DS4_009222_O2_CHAR_INSERT_DELETE_MILD,DS4_009222,DS4_kyyyy8_platform,1,O2_CHAR_INSERT_DELETE,MILD,42,"5:48 Aku nonton tanpa skip karena emang sebagus itu,🏴‍☠️𝓟𝓡𝓞𝓑𝓔𝓣855🏴‍☠️Mulai dari visual, suara, sampai pesan yang disampaikan semuanya pas banget. Makasih udah bikin hari ini lebih bermakna!💯","5:48 Aku nonton tanpa skip karena emang sebagus itu,🏴‍☠️𝓟𝓡𝓞𝓑𝓔𝓣855🏴‍☠️Mulai dari visual, suara, sampai pessan yang disampaikan semuanya pas banget. Makasih udah bikin hari ini lebih bermakna!💯",True,SUCCESS,,1,0.0053,1
DS4_009222_O2_CHAR_INSERT_DELETE_STRONG,DS4_009222,DS4_kyyyy8_platform,1,O2_CHAR_INSERT_DELETE,STRONG,42,"5:48 Aku nonton tanpa skip karena emang sebagus itu,🏴‍☠️𝓟𝓡𝓞𝓑𝓔𝓣855🏴‍☠️Mulai dari visual, suara, sampai pesan yang disampaikan semuanya pas banget. Makasih udah bikin hari ini lebih bermakna!💯","5:48 Aku nonton tanpa skip kareena emang sebagus itu,🏴‍☠️𝓟𝓡𝓞𝓑𝓔𝓣855🏴‍☠️Mulai dari visual, suara, sampai pesan yang disampaikan semuanya pas banget. Makasih udah bikin haari ini lebih bermakna!💯",True,SUCCESS,,2,0.0105,2
DS4_009222_O3_WHITESPACE_MILD,DS4_009222,DS4_kyyyy8_platform,1,O3_WHITESPACE,MILD,42,"5:48 Aku nonton tanpa skip karena emang sebagus itu,🏴‍☠️𝓟𝓡𝓞𝓑𝓔𝓣855🏴‍☠️Mulai dari visual, suara, sampai pesan yang disampaikan semuanya pas banget. Makasih udah bikin hari ini lebih bermakna!💯","5:48 Aku nonton tanpa skip karena emang sebagus itu,🏴‍☠️𝓟𝓡𝓞𝓑𝓔𝓣855🏴‍☠️Mulai dari visual, suara, sampai pesan yang disampaikan semuanya pas banget. Makasih udah b ikin hari ini lebih bermakna!💯",True,SUCCESS,,1,0.0053,1
DS4_009222_O3_WHITESPACE_STRONG,DS4_009222,DS4_kyyyy8_platform,1,O3_WHITESPACE,STRONG,42,"5:48 Aku nonton tanpa skip karena emang sebagus itu,🏴‍☠️𝓟𝓡𝓞𝓑𝓔𝓣855🏴‍☠️Mulai dari visual, suara, sampai pesan yang disampaikan semuanya pas banget. Makasih udah bikin hari ini lebih bermakna!💯","5:48 Aku nonton tanpa skip karena emang sebagus itu,🏴‍☠️𝓟𝓡𝓞𝓑𝓔𝓣85 5🏴‍☠️Mulai dari visual, suara, sampai pesan yang disampaikan semuanya pas banget. Makasih udah bikin har i ini lebih bermakna!💯",True,SUCCESS,,2,0.0105,2
DS4_009222_O4_UNICODE_ORTHOGRAPHIC_MILD,DS4_009222,DS4_kyyyy8_platform,1,O4_UNICODE_ORTHOGRAPHIC,MILD,42,"5:48 Aku nonton tanpa skip karena emang sebagus itu,🏴‍☠️𝓟𝓡𝓞𝓑𝓔𝓣855🏴‍☠️Mulai dari visual, suara, sampai pesan yang disampaikan semuanya pas banget. Makasih udah bikin hari ini lebih bermakna!💯","5:48 Aku nonton tanpa skip karena emang sebagus itu,🏴‍☠️𝓟𝓡𝓞𝓑𝓔𝓣855🏴‍☠️Mulai dаri visual, suara, sampai pesan yang disampaikan semuanya pas banget. Makasih udah bikin hari ini lebih bermakna!💯",True,SUCCESS,,1,0.0053,1
DS4_009222_O4_UNICODE_ORTHOGRAPHIC_STRONG,DS4_009222,DS4_kyyyy8_platform,1,O4_UNICODE_ORTHOGRAPHIC,STRONG,42,"5:48 Aku nonton tanpa skip karena emang sebagus itu,🏴‍☠️𝓟𝓡𝓞𝓑𝓔𝓣855🏴‍☠️Mulai dari visual, suara, sampai pesan yang disampaikan semuanya pas banget. Makasih udah bikin hari ini lebih bermakna!💯","5:48 Aku nonton tanpa skip karena еmang sebagus itu,🏴‍☠️𝓟𝓡𝓞𝓑𝓔𝓣855🏴‍☠️Mulai dari visual, suara, sampai pesan yang disampaikan semuanya pas bаnget. Makasih udah bikin hari ini lebih bermakna!💯",True,SUCCESS,,2,0.0105,2
DS4_009265_NORMAL_NORMAL,DS4_009265,DS4_kyyyy8_platform,1,NORMAL,NORMAL,42,"Videonya kocak banget! 😂
Tadi abis scroll 🅳🅴🅰🅻🅼🅰🆇🆆🅸🅽, eh nyasar ke sini. Worth it!","Videonya kocak banget! 😂
Tadi abis scroll 🅳🅴🅰🅻🅼🅰🆇🆆🅸🅽, eh nyasar ke sini. Worth it!",False,SUCCESS,,0,0.0,0
DS4_009265_O1_CHAR_SUBSTITUTION_MILD,DS4_009265,DS4_kyyyy8_platform,1,O1_CHAR_SUBSTITUTION,MILD,42,"Videonya kocak banget! 😂
Tadi abis scroll 🅳🅴🅰🅻🅼🅰🆇🆆🅸🅽, eh nyasar ke sini. Worth it!","Videonya kocak 8anget! 😂
Tadi abis scroll 🅳🅴🅰🅻🅼🅰🆇🆆🅸🅽, eh nyasar ke sini. Worth it!",True,SUCCESS,,1,0.0122,1
DS4_009265_O1_CHAR_SUBSTITUTION_STRONG,DS4_009265,DS4_kyyyy8_platform,1,O1_CHAR_SUBSTITUTION,STRONG,42,"Videonya kocak banget! 😂
Tadi abis scroll 🅳🅴🅰🅻🅼🅰🆇🆆🅸🅽, eh nyasar ke sini. Worth it!","Vid30nya kocak banget! 😂
T4d1 abis scroll 🅳🅴🅰🅻🅼🅰🆇🆆🅸🅽, eh nyasar ke sini. Worth it!",True,SUCCESS,,4,0.0488,2
DS4_009265_O2_CHAR_INSERT_DELETE_MILD,DS4_009265,DS4_kyyyy8_platform,1,O2_CHAR_INSERT_DELETE,MILD,42,"Videonya kocak banget! 😂
Tadi abis scroll 🅳🅴🅰🅻🅼🅰🆇🆆🅸🅽, eh nyasar ke sini. Worth it!","Videonya kocak banget! 😂
Tadi abis scrroll 🅳🅴🅰🅻🅼🅰🆇🆆🅸🅽, eh nyasar ke sini. Worth it!",True,SUCCESS,,1,0.0122,1
DS4_009265_O2_CHAR_INSERT_DELETE_STRONG,DS4_009265,DS4_kyyyy8_platform,1,O2_CHAR_INSERT_DELETE,STRONG,42,"Videonya kocak banget! 😂
Tadi abis scroll 🅳🅴🅰🅻🅼🅰🆇🆆🅸🅽, eh nyasar ke sini. Worth it!","Videonya kocak bangett! 😂
Tadi abbis scroll 🅳🅴🅰🅻🅼🅰🆇🆆🅸🅽, eh nyasar ke sini. Worth it!",True,SUCCESS,,2,0.0244,2
DS4_009265_O3_WHITESPACE_MILD,DS4_009265,DS4_kyyyy8_platform,1,O3_WHITESPACE,MILD,42,"Videonya kocak banget! 😂
Tadi abis scroll 🅳🅴🅰🅻🅼🅰🆇🆆🅸🅽, eh nyasar ke sini. Worth it!","Videonya kocak ban get! 😂
Tadi abis scroll 🅳🅴🅰🅻🅼🅰🆇🆆🅸🅽, eh nyasar ke sini. Worth it!",True,SUCCESS,,1,0.0122,1
DS4_009265_O3_WHITESPACE_STRONG,DS4_009265,DS4_kyyyy8_platform,1,O3_WHITESPACE,STRONG,42,"Videonya kocak banget! 😂
Tadi abis scroll 🅳🅴🅰🅻🅼🅰🆇🆆🅸🅽, eh nyasar ke sini. Worth it!","Videonya kocak banget! 😂
Tadi abis s croll 🅳🅴🅰🅻🅼🅰🆇🆆🅸🅽, eh nyasar ke si ni. Worth it!",True,SUCCESS,,2,0.0244,2
DS4_009265_O4_UNICODE_ORTHOGRAPHIC_MILD,DS4_009265,DS4_kyyyy8_platform,1,O4_UNICODE_ORTHOGRAPHIC,MILD,42,"Videonya kocak banget! 😂
Tadi abis scroll 🅳🅴🅰🅻🅼🅰🆇🆆🅸🅽, eh nyasar ke sini. Worth it!","Videonya kocak banget! 😂
Tadi abis sсroll 🅳🅴🅰🅻🅼🅰🆇🆆🅸🅽, eh nyasar ke sini. Worth it!",True,SUCCESS,,1,0.0122,1
DS4_009265_O4_UNICODE_ORTHOGRAPHIC_STRONG,DS4_009265,DS4_kyyyy8_platform,1,O4_UNICODE_ORTHOGRAPHIC,STRONG,42,"Videonya kocak banget! 😂
Tadi abis scroll 🅳🅴🅰🅻🅼🅰🆇🆆🅸🅽, eh nyasar ke sini. Worth it!","Videonya kocаk banget! 😂
Tadi abis scroll 🅳🅴🅰🅻🅼🅰🆇🆆🅸🅽, eh nyasаr ke sini. Worth it!",True,SUCCESS,,2,0.0244,2
DS4_009377_NORMAL_NORMAL,DS4_009377,DS4_kyyyy8_platform,1,NORMAL,NORMAL,42,Bikin ngakak 𝐀⁠⁠𝐄‌‌𝐑‌𝐎⁠𝟖⁠𝟖 gak berhenti.,Bikin ngakak 𝐀⁠⁠𝐄‌‌𝐑‌𝐎⁠𝟖⁠𝟖 gak berhenti.,False,SUCCESS,,0,0.0,0
DS4_009377_O1_CHAR_SUBSTITUTION_MILD,DS4_009377,DS4_kyyyy8_platform,1,O1_CHAR_SUBSTITUTION,MILD,42,Bikin ngakak 𝐀⁠⁠𝐄‌‌𝐑‌𝐎⁠𝟖⁠𝟖 gak berhenti.,Bikin n9akak 𝐀⁠⁠𝐄‌‌𝐑‌𝐎⁠𝟖⁠𝟖 gak berhenti.,True,SUCCESS,,1,0.025,1
DS4_009377_O1_CHAR_SUBSTITUTION_STRONG,DS4_009377,DS4_kyyyy8_platform,1,O1_CHAR_SUBSTITUTION,STRONG,42,Bikin ngakak 𝐀⁠⁠𝐄‌‌𝐑‌𝐎⁠𝟖⁠𝟖 gak berhenti.,Bikin n9ak4k 𝐀⁠⁠𝐄‌‌𝐑‌𝐎⁠𝟖⁠𝟖 gak b3rhent1.,True,SUCCESS,,4,0.1,2
DS4_009377_O2_CHAR_INSERT_DELETE_MILD,DS4_009377,DS4_kyyyy8_platform,1,O2_CHAR_INSERT_DELETE,MILD,42,Bikin ngakak 𝐀⁠⁠𝐄‌‌𝐑‌𝐎⁠𝟖⁠𝟖 gak berhenti.,Bikin ngakak 𝐀⁠⁠𝐄‌‌𝐑‌𝐎⁠𝟖⁠𝟖 gak berhenti.,False,NO_CHANGE,No eligible target or token found for transformation.,0,0.0,0
DS4_009377_O2_CHAR_INSERT_DELETE_STRONG,DS4_009377,DS4_kyyyy8_platform,1,O2_CHAR_INSERT_DELETE,STRONG,42,Bikin ngakak 𝐀⁠⁠𝐄‌‌𝐑‌𝐎⁠𝟖⁠𝟖 gak berhenti.,Bikin ngkak 𝐀⁠⁠𝐄‌‌𝐑‌𝐎⁠𝟖⁠𝟖 gak beerhenti.,True,SUCCESS,,2,0.05,2
DS4_009377_O3_WHITESPACE_MILD,DS4_009377,DS4_kyyyy8_platform,1,O3_WHITESPACE,MILD,42,Bikin ngakak 𝐀⁠⁠𝐄‌‌𝐑‌𝐎⁠𝟖⁠𝟖 gak berhenti.,Bikin nga kak 𝐀⁠⁠𝐄‌‌𝐑‌𝐎⁠𝟖⁠𝟖 gak berhenti.,True,SUCCESS,,1,0.025,1
DS4_009377_O3_WHITESPACE_STRONG,DS4_009377,DS4_kyyyy8_platform,1,O3_WHITESPACE,STRONG,42,Bikin ngakak 𝐀⁠⁠𝐄‌‌𝐑‌𝐎⁠𝟖⁠𝟖 gak berhenti.,B ikin ngakak 𝐀⁠⁠𝐄‌‌𝐑‌𝐎⁠𝟖⁠𝟖 gak berhen ti.,True,SUCCESS,,2,0.05,2
DS4_009377_O4_UNICODE_ORTHOGRAPHIC_MILD,DS4_009377,DS4_kyyyy8_platform,1,O4_UNICODE_ORTHOGRAPHIC,MILD,42,Bikin ngakak 𝐀⁠⁠𝐄‌‌𝐑‌𝐎⁠𝟖⁠𝟖 gak berhenti.,Bikiin ngakak 𝐀⁠⁠𝐄‌‌𝐑‌𝐎⁠𝟖⁠𝟖 gak berhenti.,True,SUCCESS,,1,0.025,1
DS4_009377_O4_UNICODE_ORTHOGRAPHIC_STRONG,DS4_009377,DS4_kyyyy8_platform,1,O4_UNICODE_ORTHOGRAPHIC,STRONG,42,Bikin ngakak 𝐀⁠⁠𝐄‌‌𝐑‌𝐎⁠𝟖⁠𝟖 gak berhenti.,Bikin ngakak 𝐀⁠⁠𝐄𝐄‌‌𝐑‌𝐎⁠𝟖⁠𝟖 gak bеrhenti.,True,SUCCESS,,2,0.05,2
DS4_010455_NORMAL_NORMAL,DS4_010455,DS4_kyyyy8_platform,1,NORMAL,NORMAL,42,Selamat merayakan kesuksesan! Semoga🌍ℙℝ𝕆𝔹𝔼𝕋855🌍terus menjadi bagian dari perjalanan Anda!💯,Selamat merayakan kesuksesan! Semoga🌍ℙℝ𝕆𝔹𝔼𝕋855🌍terus menjadi bagian dari perjalanan Anda!💯,False,SUCCESS,,0,0.0,0
DS4_010455_O1_CHAR_SUBSTITUTION_MILD,DS4_010455,DS4_kyyyy8_platform,1,O1_CHAR_SUBSTITUTION,MILD,42,Selamat merayakan kesuksesan! Semoga🌍ℙℝ𝕆𝔹𝔼𝕋855🌍terus menjadi bagian dari perjalanan Anda!💯,Selamat merayakan kesuksesan! Semoga🌍ℙℝ𝕆𝔹𝔼𝕋855🌍terus m3njadi bagian dari perjalanan Anda!💯,True,SUCCESS,,1,0.0111,1
DS4_010455_O1_CHAR_SUBSTITUTION_STRONG,DS4_010455,DS4_kyyyy8_platform,1,O1_CHAR_SUBSTITUTION,STRONG,42,Selamat merayakan kesuksesan! Semoga🌍ℙℝ𝕆𝔹𝔼𝕋855🌍terus menjadi bagian dari perjalanan Anda!💯,Selamat merayakan kesuksesan! Sem0g4🌍ℙℝ𝕆𝔹𝔼𝕋855🌍terus menjadi bagian dari p3rj4lanan Anda!💯,True,SUCCESS,,4,0.0444,2
DS4_010455_O2_CHAR_INSERT_DELETE_MILD,DS4_010455,DS4_kyyyy8_platform,1,O2_CHAR_INSERT_DELETE,MILD,42,Selamat merayakan kesuksesan! Semoga🌍ℙℝ𝕆𝔹𝔼𝕋855🌍terus menjadi bagian dari perjalanan Anda!💯,Selamat merayakan kesuksesan! Semoga🌍ℙℝ𝕆𝔹𝔼𝕋855🌍terus meenjadi bagian dari perjalanan Anda!💯,True,SUCCESS,,1,0.0111,1
DS4_010455_O2_CHAR_INSERT_DELETE_STRONG,DS4_010455,DS4_kyyyy8_platform,1,O2_CHAR_INSERT_DELETE,STRONG,42,Selamat merayakan kesuksesan! Semoga🌍ℙℝ𝕆𝔹𝔼𝕋855🌍terus menjadi bagian dari perjalanan Anda!💯,Selamat merayakan kesuksesan! Semoga🌍ℙℝ𝕆𝔹𝔼𝕋855🌍teerus menjadi bagian daari perjalanan Anda!💯,True,SUCCESS,,2,0.0222,2
DS4_010455_O3_WHITESPACE_MILD,DS4_010455,DS4_kyyyy8_platform,1,O3_WHITESPACE,MILD,42,Selamat merayakan kesuksesan! Semoga🌍ℙℝ𝕆𝔹𝔼𝕋855🌍terus menjadi bagian dari perjalanan Anda!💯,Selamat merayakan kesuksesan! Semoga🌍ℙℝ𝕆𝔹𝔼𝕋855🌍terus menjadi b agian dari perjalanan Anda!💯,True,SUCCESS,,1,0.0111,1
DS4_010455_O3_WHITESPACE_STRONG,DS4_010455,DS4_kyyyy8_platform,1,O3_WHITESPACE,STRONG,42,Selamat merayakan kesuksesan! Semoga🌍ℙℝ𝕆𝔹𝔼𝕋855🌍terus menjadi bagian dari perjalanan Anda!💯,Selamat merayakan kesuksesan! Semoga🌍ℙℝ𝕆𝔹𝔼𝕋855🌍terus menjadi bagian d ari perjalanan A nda!💯,True,SUCCESS,,2,0.0222,2
DS4_010455_O4_UNICODE_ORTHOGRAPHIC_MILD,DS4_010455,DS4_kyyyy8_platform,1,O4_UNICODE_ORTHOGRAPHIC,MILD,42,Selamat merayakan kesuksesan! Semoga🌍ℙℝ𝕆𝔹𝔼𝕋855🌍terus menjadi bagian dari perjalanan Anda!💯,Selamat merayakan kesuksesan! Semoga🌍ℙℝ𝕆𝔹𝔼𝕋855🌍terus menjadi bagian dаri perjalanan Anda!💯,True,SUCCESS,,1,0.0111,1
DS4_010455_O4_UNICODE_ORTHOGRAPHIC_STRONG,DS4_010455,DS4_kyyyy8_platform,1,O4_UNICODE_ORTHOGRAPHIC,STRONG,42,Selamat merayakan kesuksesan! Semoga🌍ℙℝ𝕆𝔹𝔼𝕋855🌍terus menjadi bagian dari perjalanan Anda!💯,Selamаt merayakan kesuksesan! Semoga🌍ℙℝ𝕆𝔹𝔼𝕋855🌍terus menjadi bаgian dari perjalanan Anda!💯,True,SUCCESS,,2,0.0222,2
DS4_010646_NORMAL_NORMAL,DS4_010646,DS4_kyyyy8_platform,1,NORMAL,NORMAL,42,Gameplay epic di ❤𝐌𝐀𝐗𝐖𝐈𝐍𝟖𝟖❤ bikin pengen ikut main.,Gameplay epic di ❤𝐌𝐀𝐗𝐖𝐈𝐍𝟖𝟖❤ bikin pengen ikut main.,False,SUCCESS,,0,0.0,0
DS4_010646_O1_CHAR_SUBSTITUTION_MILD,DS4_010646,DS4_kyyyy8_platform,1,O1_CHAR_SUBSTITUTION,MILD,42,Gameplay epic di ❤𝐌𝐀𝐗𝐖𝐈𝐍𝟖𝟖❤ bikin pengen ikut main.,Gameplay ep1c di ❤𝐌𝐀𝐗𝐖𝐈𝐍𝟖𝟖❤ bikin pengen ikut main.,True,SUCCESS,,1,0.0196,1
DS4_010646_O1_CHAR_SUBSTITUTION_STRONG,DS4_010646,DS4_kyyyy8_platform,1,O1_CHAR_SUBSTITUTION,STRONG,42,Gameplay epic di ❤𝐌𝐀𝐗𝐖𝐈𝐍𝟖𝟖❤ bikin pengen ikut main.,Gameplay 3p1c di ❤𝐌𝐀𝐗𝐖𝐈𝐍𝟖𝟖❤ 8ik1n pengen ikut main.,True,SUCCESS,,4,0.0784,2
DS4_010646_O2_CHAR_INSERT_DELETE_MILD,DS4_010646,DS4_kyyyy8_platform,1,O2_CHAR_INSERT_DELETE,MILD,42,Gameplay epic di ❤𝐌𝐀𝐗𝐖𝐈𝐍𝟖𝟖❤ bikin pengen ikut main.,Gamepllay epic di ❤𝐌𝐀𝐗𝐖𝐈𝐍𝟖𝟖❤ bikin pengen ikut main.,True,SUCCESS,,1,0.0196,1
DS4_010646_O2_CHAR_INSERT_DELETE_STRONG,DS4_010646,DS4_kyyyy8_platform,1,O2_CHAR_INSERT_DELETE,STRONG,42,Gameplay epic di ❤𝐌𝐀𝐗𝐖𝐈𝐍𝟖𝟖❤ bikin pengen ikut main.,Gameplay epiic di ❤𝐌𝐀𝐗𝐖𝐈𝐍𝟖𝟖❤ bikin pengen ikut maain.,True,SUCCESS,,2,0.0392,2
DS4_010646_O3_WHITESPACE_MILD,DS4_010646,DS4_kyyyy8_platform,1,O3_WHITESPACE,MILD,42,Gameplay epic di ❤𝐌𝐀𝐗𝐖𝐈𝐍𝟖𝟖❤ bikin pengen ikut main.,Gameplay epic di ❤𝐌𝐀𝐗𝐖𝐈𝐍𝟖𝟖❤ bikin pengen iku t main.,True,SUCCESS,,1,0.0196,1
DS4_010646_O3_WHITESPACE_STRONG,DS4_010646,DS4_kyyyy8_platform,1,O3_WHITESPACE,STRONG,42,Gameplay epic di ❤𝐌𝐀𝐗𝐖𝐈𝐍𝟖𝟖❤ bikin pengen ikut main.,Gameplay epic di ❤𝐌𝐀𝐗𝐖𝐈𝐍𝟖𝟖❤ bi kin pengen ikut mai n.,True,SUCCESS,,2,0.0392,2
DS4_010646_O4_UNICODE_ORTHOGRAPHIC_MILD,DS4_010646,DS4_kyyyy8_platform,1,O4_UNICODE_ORTHOGRAPHIC,MILD,42,Gameplay epic di ❤𝐌𝐀𝐗𝐖𝐈𝐍𝟖𝟖❤ bikin pengen ikut main.,Gameplay eрic di ❤𝐌𝐀𝐗𝐖𝐈𝐍𝟖𝟖❤ bikin pengen ikut main.,True,SUCCESS,,1,0.0196,1
DS4_010646_O4_UNICODE_ORTHOGRAPHIC_STRONG,DS4_010646,DS4_kyyyy8_platform,1,O4_UNICODE_ORTHOGRAPHIC,STRONG,42,Gameplay epic di ❤𝐌𝐀𝐗𝐖𝐈𝐍𝟖𝟖❤ bikin pengen ikut main.,Gameplay epic di ❤𝐌𝐀𝐗𝐖𝐈𝐍𝟖𝟖❤ biikin pengеn ikut main.,True,SUCCESS,,2,0.0392,2
DS4_010897_NORMAL_NORMAL,DS4_010897,DS4_kyyyy8_platform,0,NORMAL,NORMAL,42,GERCEP,GERCEP,False,SUCCESS,,0,0.0,0
DS4_010897_O1_CHAR_SUBSTITUTION_MILD,DS4_010897,DS4_kyyyy8_platform,0,O1_CHAR_SUBSTITUTION,MILD,42,GERCEP,GERC3P,True,SUCCESS,,1,0.1667,1
DS4_010897_O1_CHAR_SUBSTITUTION_STRONG,DS4_010897,DS4_kyyyy8_platform,0,O1_CHAR_SUBSTITUTION,STRONG,42,GERCEP,9ERC3P,True,SUCCESS,,2,0.3333,1
DS4_010897_O2_CHAR_INSERT_DELETE_MILD,DS4_010897,DS4_kyyyy8_platform,0,O2_CHAR_INSERT_DELETE,MILD,42,GERCEP,GECEP,True,SUCCESS,,1,0.1667,1
DS4_010897_O2_CHAR_INSERT_DELETE_STRONG,DS4_010897,DS4_kyyyy8_platform,0,O2_CHAR_INSERT_DELETE,STRONG,42,GERCEP,GRCEP,True,SUCCESS,,1,0.1667,1
DS4_010897_O3_WHITESPACE_MILD,DS4_010897,DS4_kyyyy8_platform,0,O3_WHITESPACE,MILD,42,GERCEP,GERCE P,True,SUCCESS,,1,0.1667,1
DS4_010897_O3_WHITESPACE_STRONG,DS4_010897,DS4_kyyyy8_platform,0,O3_WHITESPACE,STRONG,42,GERCEP,GERCE P,True,SUCCESS,,1,0.1667,1
DS4_010897_O4_UNICODE_ORTHOGRAPHIC_MILD,DS4_010897,DS4_kyyyy8_platform,0,O4_UNICODE_ORTHOGRAPHIC,MILD,42,GERCEP,GERСEP,True,SUCCESS,,1,0.1667,1
DS4_010897_O4_UNICODE_ORTHOGRAPHIC_STRONG,DS4_010897,DS4_kyyyy8_platform,0,O4_UNICODE_ORTHOGRAPHIC,STRONG,42,GERCEP,GERCЕP,True,SUCCESS,,1,0.1667,1
DS4_011009_NORMAL_NORMAL,DS4_011009,DS4_kyyyy8_platform,0,NORMAL,NORMAL,42,"Abis Eko tuu emang lucu jg 
Jd donkey nya pengen liat reaksi Eko tuu pas marah2 cute dah wkwkwk🤣😂
Bikin ngakak🎉","Abis Eko tuu emang lucu jg 
Jd donkey nya pengen liat reaksi Eko tuu pas marah2 cute dah wkwkwk🤣😂
Bikin ngakak🎉",False,SUCCESS,,0,0.0,0
DS4_011009_O1_CHAR_SUBSTITUTION_MILD,DS4_011009,DS4_kyyyy8_platform,0,O1_CHAR_SUBSTITUTION,MILD,42,"Abis Eko tuu emang lucu jg 
Jd donkey nya pengen liat reaksi Eko tuu pas marah2 cute dah wkwkwk🤣😂
Bikin ngakak🎉","Abis Eko tuu emang lucu jg 
Jd donkey nya pen9en liat reaksi Eko tuu pas marah2 cute dah wkwkwk🤣😂
Bikin ngakak🎉",True,SUCCESS,,1,0.009,1
DS4_011009_O1_CHAR_SUBSTITUTION_STRONG,DS4_011009,DS4_kyyyy8_platform,0,O1_CHAR_SUBSTITUTION,STRONG,42,"Abis Eko tuu emang lucu jg 
Jd donkey nya pengen liat reaksi Eko tuu pas marah2 cute dah wkwkwk🤣😂
Bikin ngakak🎉","A8i5 Eko tuu emang lucu jg 
Jd donkey nya pengen liat reaksi Eko tuu pas marah2 cu73 dah wkwkwk🤣😂
Bikin ngakak🎉",True,SUCCESS,,4,0.036,2
DS4_011009_O2_CHAR_INSERT_DELETE_MILD,DS4_011009,DS4_kyyyy8_platform,0,O2_CHAR_INSERT_DELETE,MILD,42,"Abis Eko tuu emang lucu jg 
Jd donkey nya pengen liat reaksi Eko tuu pas marah2 cute dah wkwkwk🤣😂
Bikin ngakak🎉","Abis Eko tuu emang lucu jg 
Jd donkey nya pengen liat reaksi Eko tuu pas marh2 cute dah wkwkwk🤣😂
Bikin ngakak🎉",True,SUCCESS,,1,0.009,1
DS4_011009_O2_CHAR_INSERT_DELETE_STRONG,DS4_011009,DS4_kyyyy8_platform,0,O2_CHAR_INSERT_DELETE,STRONG,42,"Abis Eko tuu emang lucu jg 
Jd donkey nya pengen liat reaksi Eko tuu pas marah2 cute dah wkwkwk🤣😂
Bikin ngakak🎉","Abis Eko tuu emang lucu jg 
Jd donkey nya pengeen liat reaksi Eko tuu pas marah2 cute dah wkwkwkk🤣😂
Bikin ngakak🎉",True,SUCCESS,,2,0.018,2
DS4_011009_O3_WHITESPACE_MILD,DS4_011009,DS4_kyyyy8_platform,0,O3_WHITESPACE,MILD,42,"Abis Eko tuu emang lucu jg 
Jd donkey nya pengen liat reaksi Eko tuu pas marah2 cute dah wkwkwk🤣😂
Bikin ngakak🎉","Abis Eko tuu emang lucu jg 
Jd donkey nya pengen lia t reaksi Eko tuu pas marah2 cute dah wkwkwk🤣😂
Bikin ngakak🎉",True,SUCCESS,,1,0.009,1
DS4_011009_O3_WHITESPACE_STRONG,DS4_011009,DS4_kyyyy8_platform,0,O3_WHITESPACE,STRONG,42,"Abis Eko tuu emang lucu jg 
Jd donkey nya pengen liat reaksi Eko tuu pas marah2 cute dah wkwkwk🤣😂
Bikin ngakak🎉","Abis Eko tuu emang lucu jg 
Jd donkey nya pen gen liat reaksi Eko tuu pas marah2 cute dah wkwkwk🤣😂
Bikin n gakak🎉",True,SUCCESS,,2,0.018,2
DS4_011009_O4_UNICODE_ORTHOGRAPHIC_MILD,DS4_011009,DS4_kyyyy8_platform,0,O4_UNICODE_ORTHOGRAPHIC,MILD,42,"Abis Eko tuu emang lucu jg 
Jd donkey nya pengen liat reaksi Eko tuu pas marah2 cute dah wkwkwk🤣😂
Bikin ngakak🎉","Abis Eko tuu emang lucu jg 
Jd donkey nya pengen liаt reaksi Eko tuu pas marah2 cute dah wkwkwk🤣😂
Bikin ngakak🎉",True,SUCCESS,,1,0.009,1
DS4_011009_O4_UNICODE_ORTHOGRAPHIC_STRONG,DS4_011009,DS4_kyyyy8_platform,0,O4_UNICODE_ORTHOGRAPHIC,STRONG,42,"Abis Eko tuu emang lucu jg 
Jd donkey nya pengen liat reaksi Eko tuu pas marah2 cute dah wkwkwk🤣😂
Bikin ngakak🎉","Abis Eko tuu emang luсu jg 
Jd donkey nya pengen liat reaksi Eko tuu pas mаrah2 cute dah wkwkwk🤣😂
Bikin ngakak🎉",True,SUCCESS,,2,0.018,2
DS4_011208_NORMAL_NORMAL,DS4_011208,DS4_kyyyy8_platform,1,NORMAL,NORMAL,42,"Keren parah! 🔥𝑰𝑺𝑻𝑨𝑵𝑨𝑩𝑬𝑻17🔥, video ini bikin saya takjub sama kualitasnya. Semangat bikin konten begini!","Keren parah! 🔥𝑰𝑺𝑻𝑨𝑵𝑨𝑩𝑬𝑻17🔥, video ini bikin saya takjub sama kualitasnya. Semangat bikin konten begini!",False,SUCCESS,,0,0.0,0
DS4_011208_O1_CHAR_SUBSTITUTION_MILD,DS4_011208,DS4_kyyyy8_platform,1,O1_CHAR_SUBSTITUTION,MILD,42,"Keren parah! 🔥𝑰𝑺𝑻𝑨𝑵𝑨𝑩𝑬𝑻17🔥, video ini bikin saya takjub sama kualitasnya. Semangat bikin konten begini!","Keren parah! 🔥𝑰𝑺𝑻𝑨𝑵𝑨𝑩𝑬𝑻17🔥, video ini bik1n saya takjub sama kualitasnya. Semangat bikin konten begini!",True,SUCCESS,,1,0.0097,1
DS4_011208_O1_CHAR_SUBSTITUTION_STRONG,DS4_011208,DS4_kyyyy8_platform,1,O1_CHAR_SUBSTITUTION,STRONG,42,"Keren parah! 🔥𝑰𝑺𝑻𝑨𝑵𝑨𝑩𝑬𝑻17🔥, video ini bikin saya takjub sama kualitasnya. Semangat bikin konten begini!","Keren parah! 🔥𝑰𝑺𝑻𝑨𝑵𝑨𝑩𝑬𝑻17🔥, video ini bikin s4y4 74kjub sama kualitasnya. Semangat bikin konten begini!",True,SUCCESS,,4,0.0388,2
DS4_011208_O2_CHAR_INSERT_DELETE_MILD,DS4_011208,DS4_kyyyy8_platform,1,O2_CHAR_INSERT_DELETE,MILD,42,"Keren parah! 🔥𝑰𝑺𝑻𝑨𝑵𝑨𝑩𝑬𝑻17🔥, video ini bikin saya takjub sama kualitasnya. Semangat bikin konten begini!","Keren parah! 🔥𝑰𝑺𝑻𝑨𝑵𝑨𝑩𝑬𝑻17🔥, video ini bikin saya takjub sama kualitasnya. Semangat bikn konten begini!",True,SUCCESS,,1,0.0097,1
DS4_011208_O2_CHAR_INSERT_DELETE_STRONG,DS4_011208,DS4_kyyyy8_platform,1,O2_CHAR_INSERT_DELETE,STRONG,42,"Keren parah! 🔥𝑰𝑺𝑻𝑨𝑵𝑨𝑩𝑬𝑻17🔥, video ini bikin saya takjub sama kualitasnya. Semangat bikin konten begini!","Keren parah! 🔥𝑰𝑺𝑻𝑨𝑵𝑨𝑩𝑬𝑻17🔥, viddeo ini bikin saya takjub sama kualitasnya. Semangat bikin konten begii!",True,SUCCESS,,2,0.0194,2
DS4_011208_O3_WHITESPACE_MILD,DS4_011208,DS4_kyyyy8_platform,1,O3_WHITESPACE,MILD,42,"Keren parah! 🔥𝑰𝑺𝑻𝑨𝑵𝑨𝑩𝑬𝑻17🔥, video ini bikin saya takjub sama kualitasnya. Semangat bikin konten begini!","Keren parah! 🔥𝑰𝑺𝑻𝑨𝑵𝑨𝑩𝑬𝑻17🔥, video ini bikin saya takjub sam a kualitasnya. Semangat bikin konten begini!",True,SUCCESS,,1,0.0097,1
DS4_011208_O3_WHITESPACE_STRONG,DS4_011208,DS4_kyyyy8_platform,1,O3_WHITESPACE,STRONG,42,"Keren parah! 🔥𝑰𝑺𝑻𝑨𝑵𝑨𝑩𝑬𝑻17🔥, video ini bikin saya takjub sama kualitasnya. Semangat bikin konten begini!","Kere n parah! 🔥𝑰 𝑺𝑻𝑨𝑵𝑨𝑩𝑬𝑻17🔥, video ini bikin saya takjub sama kualitasnya. Semangat bikin konten begini!",True,SUCCESS,,2,0.0194,2
DS4_011208_O4_UNICODE_ORTHOGRAPHIC_MILD,DS4_011208,DS4_kyyyy8_platform,1,O4_UNICODE_ORTHOGRAPHIC,MILD,42,"Keren parah! 🔥𝑰𝑺𝑻𝑨𝑵𝑨𝑩𝑬𝑻17🔥, video ini bikin saya takjub sama kualitasnya. Semangat bikin konten begini!","Keren parah! 🔥𝑰𝑺𝑻𝑨𝑵𝑨𝑩𝑬𝑻17🔥, vidеo ini bikin saya takjub sama kualitasnya. Semangat bikin konten begini!",True,SUCCESS,,1,0.0097,1
DS4_011208_O4_UNICODE_ORTHOGRAPHIC_STRONG,DS4_011208,DS4_kyyyy8_platform,1,O4_UNICODE_ORTHOGRAPHIC,STRONG,42,"Keren parah! 🔥𝑰𝑺𝑻𝑨𝑵𝑨𝑩𝑬𝑻17🔥, video ini bikin saya takjub sama kualitasnya. Semangat bikin konten begini!","Keren parаh! 🔥𝑰𝑺𝑻𝑨𝑵𝑨𝑩𝑬𝑻17🔥, video ini bikin saya takjub sama kualitasnya. Semangat bikin kоnten begini!",True,SUCCESS,,2,0.0194,2
DS4_011825_NORMAL_NORMAL,DS4_011825,DS4_kyyyy8_platform,0,NORMAL,NORMAL,42,BANG OURA COBA NONTON DRAW MY LIFE LU BANG PLISSS,BANG OURA COBA NONTON DRAW MY LIFE LU BANG PLISSS,False,SUCCESS,,0,0.0,0
DS4_011825_O1_CHAR_SUBSTITUTION_MILD,DS4_011825,DS4_kyyyy8_platform,0,O1_CHAR_SUBSTITUTION,MILD,42,BANG OURA COBA NONTON DRAW MY LIFE LU BANG PLISSS,BANG OURA COBA NONTON DR4W MY LIFE LU BANG PLISSS,True,SUCCESS,,1,0.0204,1
DS4_011825_O1_CHAR_SUBSTITUTION_STRONG,DS4_011825,DS4_kyyyy8_platform,0,O1_CHAR_SUBSTITUTION,STRONG,42,BANG OURA COBA NONTON DRAW MY LIFE LU BANG PLISSS,BANG 0UR4 COBA NONTON DR4W MY LIFE LU BANG PLISSS,True,SUCCESS,,3,0.0612,2
DS4_011825_O2_CHAR_INSERT_DELETE_MILD,DS4_011825,DS4_kyyyy8_platform,0,O2_CHAR_INSERT_DELETE,MILD,42,BANG OURA COBA NONTON DRAW MY LIFE LU BANG PLISSS,BANG OURA COBA NONTON DRAAW MY LIFE LU BANG PLISSS,True,SUCCESS,,1,0.0204,1
DS4_011825_O2_CHAR_INSERT_DELETE_STRONG,DS4_011825,DS4_kyyyy8_platform,0,O2_CHAR_INSERT_DELETE,STRONG,42,BANG OURA COBA NONTON DRAW MY LIFE LU BANG PLISSS,BANG OUURA COBA NONTTON DRAW MY LIFE LU BANG PLISSS,True,SUCCESS,,2,0.0408,2
DS4_011825_O3_WHITESPACE_MILD,DS4_011825,DS4_kyyyy8_platform,0,O3_WHITESPACE,MILD,42,BANG OURA COBA NONTON DRAW MY LIFE LU BANG PLISSS,BANG OURA COBA NONTON DRAW MY LIFE LU BANG PL ISSS,True,SUCCESS,,1,0.0204,1
DS4_011825_O3_WHITESPACE_STRONG,DS4_011825,DS4_kyyyy8_platform,0,O3_WHITESPACE,STRONG,42,BANG OURA COBA NONTON DRAW MY LIFE LU BANG PLISSS,BANG OURA COBA NONT ON DRAW MY LIFE LU BAN G PLISSS,True,SUCCESS,,2,0.0408,2
DS4_011825_O4_UNICODE_ORTHOGRAPHIC_MILD,DS4_011825,DS4_kyyyy8_platform,0,O4_UNICODE_ORTHOGRAPHIC,MILD,42,BANG OURA COBA NONTON DRAW MY LIFE LU BANG PLISSS,BANG OURA COBA NONTON DRАW MY LIFE LU BANG PLISSS,True,SUCCESS,,1,0.0204,1
DS4_011825_O4_UNICODE_ORTHOGRAPHIC_STRONG,DS4_011825,DS4_kyyyy8_platform,0,O4_UNICODE_ORTHOGRAPHIC,STRONG,42,BANG OURA COBA NONTON DRAW MY LIFE LU BANG PLISSS,BANG ОURA COBA NONTON DRAW MY LIFE LU BANG РLISSS,True,SUCCESS,,2,0.0408,2
DS4_012026_NORMAL_NORMAL,DS4_012026,DS4_kyyyy8_platform,0,NORMAL,NORMAL,42,Apa hujan apiii,Apa hujan apiii,False,SUCCESS,,0,0.0,0
DS4_012026_O1_CHAR_SUBSTITUTION_MILD,DS4_012026,DS4_kyyyy8_platform,0,O1_CHAR_SUBSTITUTION,MILD,42,Apa hujan apiii,Apa hujan 4piii,True,SUCCESS,,1,0.0667,1
DS4_012026_O1_CHAR_SUBSTITUTION_STRONG,DS4_012026,DS4_kyyyy8_platform,0,O1_CHAR_SUBSTITUTION,STRONG,42,Apa hujan apiii,Apa huj4n api11,True,SUCCESS,,3,0.2,2
DS4_012026_O2_CHAR_INSERT_DELETE_MILD,DS4_012026,DS4_kyyyy8_platform,0,O2_CHAR_INSERT_DELETE,MILD,42,Apa hujan apiii,Apa hujn apiii,True,SUCCESS,,1,0.0667,1
DS4_012026_O2_CHAR_INSERT_DELETE_STRONG,DS4_012026,DS4_kyyyy8_platform,0,O2_CHAR_INSERT_DELETE,STRONG,42,Apa hujan apiii,Apa huan apiiii,True,SUCCESS,,2,0.1333,2
DS4_012026_O3_WHITESPACE_MILD,DS4_012026,DS4_kyyyy8_platform,0,O3_WHITESPACE,MILD,42,Apa hujan apiii,Apa hujan a piii,True,SUCCESS,,1,0.0667,1
DS4_012026_O3_WHITESPACE_STRONG,DS4_012026,DS4_kyyyy8_platform,0,O3_WHITESPACE,STRONG,42,Apa hujan apiii,Apa hu jan ap iii,True,SUCCESS,,2,0.1333,2
DS4_012026_O4_UNICODE_ORTHOGRAPHIC_MILD,DS4_012026,DS4_kyyyy8_platform,0,O4_UNICODE_ORTHOGRAPHIC,MILD,42,Apa hujan apiii,Apa hujan aрiii,True,SUCCESS,,1,0.0667,1
DS4_012026_O4_UNICODE_ORTHOGRAPHIC_STRONG,DS4_012026,DS4_kyyyy8_platform,0,O4_UNICODE_ORTHOGRAPHIC,STRONG,42,Apa hujan apiii,Apa hujаn aрiii,True,SUCCESS,,2,0.1333,2
DS4_013194_NORMAL_NORMAL,DS4_013194,DS4_kyyyy8_platform,1,NORMAL,NORMAL,42,Temukan asiknya di Pulau777 🏝️,Temukan asiknya di Pulau777 🏝️,False,SUCCESS,,0,0.0,0
DS4_013194_O1_CHAR_SUBSTITUTION_MILD,DS4_013194,DS4_kyyyy8_platform,1,O1_CHAR_SUBSTITUTION,MILD,42,Temukan asiknya di Pulau777 🏝️,7emukan asiknya di Pulau777 🏝️,True,SUCCESS,,1,0.0333,1
DS4_013194_O1_CHAR_SUBSTITUTION_STRONG,DS4_013194,DS4_kyyyy8_platform,1,O1_CHAR_SUBSTITUTION,STRONG,42,Temukan asiknya di Pulau777 🏝️,7emuk4n asiknya di Pul4u777 🏝️,True,SUCCESS,,3,0.1,2
DS4_013194_O2_CHAR_INSERT_DELETE_MILD,DS4_013194,DS4_kyyyy8_platform,1,O2_CHAR_INSERT_DELETE,MILD,42,Temukan asiknya di Pulau777 🏝️,Temukaan asiknya di Pulau777 🏝️,True,SUCCESS,,1,0.0333,1
DS4_013194_O2_CHAR_INSERT_DELETE_STRONG,DS4_013194,DS4_kyyyy8_platform,1,O2_CHAR_INSERT_DELETE,STRONG,42,Temukan asiknya di Pulau777 🏝️,Temukan asiknnya di Puulau777 🏝️,True,SUCCESS,,2,0.0667,2
DS4_013194_O3_WHITESPACE_MILD,DS4_013194,DS4_kyyyy8_platform,1,O3_WHITESPACE,MILD,42,Temukan asiknya di Pulau777 🏝️,Temukan asiknya di Pulau 777 🏝️,True,SUCCESS,,1,0.0333,1
DS4_013194_O3_WHITESPACE_STRONG,DS4_013194,DS4_kyyyy8_platform,1,O3_WHITESPACE,STRONG,42,Temukan asiknya di Pulau777 🏝️,Temu kan a siknya di Pulau777 🏝️,True,SUCCESS,,2,0.0667,2
DS4_013194_O4_UNICODE_ORTHOGRAPHIC_MILD,DS4_013194,DS4_kyyyy8_platform,1,O4_UNICODE_ORTHOGRAPHIC,MILD,42,Temukan asiknya di Pulau777 🏝️,Temukan asiknya di Pulаu777 🏝️,True,SUCCESS,,1,0.0333,1
DS4_013194_O4_UNICODE_ORTHOGRAPHIC_STRONG,DS4_013194,DS4_kyyyy8_platform,1,O4_UNICODE_ORTHOGRAPHIC,STRONG,42,Temukan asiknya di Pulau777 🏝️,Tеmukan аsiknya di Pulau777 🏝️,True,SUCCESS,,2,0.0667,2
DS4_014090_NORMAL_NORMAL,DS4_014090,DS4_kyyyy8_platform,1,NORMAL,NORMAL,42,"Konten fresh, beda dari yang lain ❤𝐌𝐀𝐁𝐀𝐑𝟖𝟖❤ ✨🎮","Konten fresh, beda dari yang lain ❤𝐌𝐀𝐁𝐀𝐑𝟖𝟖❤ ✨🎮",False,SUCCESS,,0,0.0,0
DS4_014090_O1_CHAR_SUBSTITUTION_MILD,DS4_014090,DS4_kyyyy8_platform,1,O1_CHAR_SUBSTITUTION,MILD,42,"Konten fresh, beda dari yang lain ❤𝐌𝐀𝐁𝐀𝐑𝟖𝟖❤ ✨🎮","Konten fresh, 8eda dari yang lain ❤𝐌𝐀𝐁𝐀𝐑𝟖𝟖❤ ✨🎮",True,SUCCESS,,1,0.0217,1
DS4_014090_O1_CHAR_SUBSTITUTION_STRONG,DS4_014090,DS4_kyyyy8_platform,1,O1_CHAR_SUBSTITUTION,STRONG,42,"Konten fresh, beda dari yang lain ❤𝐌𝐀𝐁𝐀𝐑𝟖𝟖❤ ✨🎮","K0nt3n fr35h, beda dari yang lain ❤𝐌𝐀𝐁𝐀𝐑𝟖𝟖❤ ✨🎮",True,SUCCESS,,4,0.087,2
DS4_014090_O2_CHAR_INSERT_DELETE_MILD,DS4_014090,DS4_kyyyy8_platform,1,O2_CHAR_INSERT_DELETE,MILD,42,"Konten fresh, beda dari yang lain ❤𝐌𝐀𝐁𝐀𝐑𝟖𝟖❤ ✨🎮","Konten fresh, beda dari yang lain ❤𝐌𝐀𝐁𝐑𝟖𝟖❤ ✨🎮",True,SUCCESS,,1,0.0217,1
DS4_014090_O2_CHAR_INSERT_DELETE_STRONG,DS4_014090,DS4_kyyyy8_platform,1,O2_CHAR_INSERT_DELETE,STRONG,42,"Konten fresh, beda dari yang lain ❤𝐌𝐀𝐁𝐀𝐑𝟖𝟖❤ ✨🎮","Konten fresh, bedda dari yang laain ❤𝐌𝐀𝐁𝐀𝐑𝟖𝟖❤ ✨🎮",True,SUCCESS,,2,0.0435,2
DS4_014090_O3_WHITESPACE_MILD,DS4_014090,DS4_kyyyy8_platform,1,O3_WHITESPACE,MILD,42,"Konten fresh, beda dari yang lain ❤𝐌𝐀𝐁𝐀𝐑𝟖𝟖❤ ✨🎮","Konten fresh, beda dari yang la in ❤𝐌𝐀𝐁𝐀𝐑𝟖𝟖❤ ✨🎮",True,SUCCESS,,1,0.0217,1
DS4_014090_O3_WHITESPACE_STRONG,DS4_014090,DS4_kyyyy8_platform,1,O3_WHITESPACE,STRONG,42,"Konten fresh, beda dari yang lain ❤𝐌𝐀𝐁𝐀𝐑𝟖𝟖❤ ✨🎮","Konten fresh, bed a dari yang la in ❤𝐌𝐀𝐁𝐀𝐑𝟖𝟖❤ ✨🎮",True,SUCCESS,,2,0.0435,2
DS4_014090_O4_UNICODE_ORTHOGRAPHIC_MILD,DS4_014090,DS4_kyyyy8_platform,1,O4_UNICODE_ORTHOGRAPHIC,MILD,42,"Konten fresh, beda dari yang lain ❤𝐌𝐀𝐁𝐀𝐑𝟖𝟖❤ ✨🎮","Konten fresh, beda dаri yang lain ❤𝐌𝐀𝐁𝐀𝐑𝟖𝟖❤ ✨🎮",True,SUCCESS,,1,0.0217,1
DS4_014090_O4_UNICODE_ORTHOGRAPHIC_STRONG,DS4_014090,DS4_kyyyy8_platform,1,O4_UNICODE_ORTHOGRAPHIC,STRONG,42,"Konten fresh, beda dari yang lain ❤𝐌𝐀𝐁𝐀𝐑𝟖𝟖❤ ✨🎮","Konten fresh, bеda dari yаng lain ❤𝐌𝐀𝐁𝐀𝐑𝟖𝟖❤ ✨🎮",True,SUCCESS,,2,0.0435,2
DS4_014476_NORMAL_NORMAL,DS4_014476,DS4_kyyyy8_platform,1,NORMAL,NORMAL,42,"Masyaallah, ❤𝐌𝐎𝐍𝐀 𝟒𝐃🔴 bikin takjub! Visualnya ciamik, ceritanya penuh makna, dan untungnya wow! ✨","Masyaallah, ❤𝐌𝐎𝐍𝐀 𝟒𝐃🔴 bikin takjub! Visualnya ciamik, ceritanya penuh makna, dan untungnya wow! ✨",False,SUCCESS,,0,0.0,0
DS4_014476_O1_CHAR_SUBSTITUTION_MILD,DS4_014476,DS4_kyyyy8_platform,1,O1_CHAR_SUBSTITUTION,MILD,42,"Masyaallah, ❤𝐌𝐎𝐍𝐀 𝟒𝐃🔴 bikin takjub! Visualnya ciamik, ceritanya penuh makna, dan untungnya wow! ✨","Masyaallah, ❤𝐌𝐎𝐍𝐀 𝟒𝐃🔴 bikin takjub! Visualnya ciamik, ceritanya penuh m4kna, dan untungnya wow! ✨",True,SUCCESS,,1,0.0103,1
DS4_014476_O1_CHAR_SUBSTITUTION_STRONG,DS4_014476,DS4_kyyyy8_platform,1,O1_CHAR_SUBSTITUTION,STRONG,42,"Masyaallah, ❤𝐌𝐎𝐍𝐀 𝟒𝐃🔴 bikin takjub! Visualnya ciamik, ceritanya penuh makna, dan untungnya wow! ✨","Masyaallah, ❤𝐌𝐎𝐍𝐀 𝟒𝐃🔴 b1k1n takjub! Visualnya ci4m1k, ceritanya penuh makna, dan untungnya wow! ✨",True,SUCCESS,,4,0.0412,2
DS4_014476_O2_CHAR_INSERT_DELETE_MILD,DS4_014476,DS4_kyyyy8_platform,1,O2_CHAR_INSERT_DELETE,MILD,42,"Masyaallah, ❤𝐌𝐎𝐍𝐀 𝟒𝐃🔴 bikin takjub! Visualnya ciamik, ceritanya penuh makna, dan untungnya wow! ✨","Masyaallah, ❤𝐌𝐎𝐍𝐀 𝟒𝐃🔴 bikin takjub! Visualnya ciamik, ceritanya penuh makna, dan untuungnya wow! ✨",True,SUCCESS,,1,0.0103,1
DS4_014476_O2_CHAR_INSERT_DELETE_STRONG,DS4_014476,DS4_kyyyy8_platform,1,O2_CHAR_INSERT_DELETE,STRONG,42,"Masyaallah, ❤𝐌𝐎𝐍𝐀 𝟒𝐃🔴 bikin takjub! Visualnya ciamik, ceritanya penuh makna, dan untungnya wow! ✨","Masyaallah, ❤𝐌𝐎𝐎𝐍𝐀 𝟒𝐃🔴 bikin takjub! Visualnya ciamikk, ceritanya penuh makna, dan untungnya wow! ✨",True,SUCCESS,,2,0.0206,2
DS4_014476_O3_WHITESPACE_MILD,DS4_014476,DS4_kyyyy8_platform,1,O3_WHITESPACE,MILD,42,"Masyaallah, ❤𝐌𝐎𝐍𝐀 𝟒𝐃🔴 bikin takjub! Visualnya ciamik, ceritanya penuh makna, dan untungnya wow! ✨","Masyaallah, ❤𝐌𝐎𝐍𝐀 𝟒𝐃🔴 bikin takjub! Visualnya ciamik, ceritanya penu h makna, dan untungnya wow! ✨",True,SUCCESS,,1,0.0103,1
DS4_014476_O3_WHITESPACE_STRONG,DS4_014476,DS4_kyyyy8_platform,1,O3_WHITESPACE,STRONG,42,"Masyaallah, ❤𝐌𝐎𝐍𝐀 𝟒𝐃🔴 bikin takjub! Visualnya ciamik, ceritanya penuh makna, dan untungnya wow! ✨","Masyaall ah, ❤𝐌𝐎𝐍𝐀 𝟒𝐃🔴 bikin t akjub! Visualnya ciamik, ceritanya penuh makna, dan untungnya wow! ✨",True,SUCCESS,,2,0.0206,2
DS4_014476_O4_UNICODE_ORTHOGRAPHIC_MILD,DS4_014476,DS4_kyyyy8_platform,1,O4_UNICODE_ORTHOGRAPHIC,MILD,42,"Masyaallah, ❤𝐌𝐎𝐍𝐀 𝟒𝐃🔴 bikin takjub! Visualnya ciamik, ceritanya penuh makna, dan untungnya wow! ✨","Masyaallah, ❤𝐌𝐎𝐍𝐀 𝟒𝐃🔴 bikin takjub! Visualnya ciаmik, ceritanya penuh makna, dan untungnya wow! ✨",True,SUCCESS,,1,0.0103,1
DS4_014476_O4_UNICODE_ORTHOGRAPHIC_STRONG,DS4_014476,DS4_kyyyy8_platform,1,O4_UNICODE_ORTHOGRAPHIC,STRONG,42,"Masyaallah, ❤𝐌𝐎𝐍𝐀 𝟒𝐃🔴 bikin takjub! Visualnya ciamik, ceritanya penuh makna, dan untungnya wow! ✨","Masyaаllah, ❤𝐌𝐎𝐍𝐍𝐀 𝟒𝐃🔴 bikin takjub! Visualnya ciamik, ceritanya penuh makna, dan untungnya wow! ✨",True,SUCCESS,,2,0.0206,2
DS4_014604_NORMAL_NORMAL,DS4_014604,DS4_kyyyy8_platform,1,NORMAL,NORMAL,42,Main di 𝐃⁠​𝐎‍𝐑⁠⁠𝐀⁠‍𝟕‍⁠𝟕bikin nagih! Pengen main terus!,Main di 𝐃⁠​𝐎‍𝐑⁠⁠𝐀⁠‍𝟕‍⁠𝟕bikin nagih! Pengen main terus!,False,SUCCESS,,0,0.0,0
DS4_014604_O1_CHAR_SUBSTITUTION_MILD,DS4_014604,DS4_kyyyy8_platform,1,O1_CHAR_SUBSTITUTION,MILD,42,Main di 𝐃⁠​𝐎‍𝐑⁠⁠𝐀⁠‍𝟕‍⁠𝟕bikin nagih! Pengen main terus!,Main di 𝐃⁠​𝐎‍𝐑⁠⁠𝐀⁠‍𝟕‍⁠𝟕bikin na9ih! Pengen main terus!,True,SUCCESS,,1,0.0185,1
DS4_014604_O1_CHAR_SUBSTITUTION_STRONG,DS4_014604,DS4_kyyyy8_platform,1,O1_CHAR_SUBSTITUTION,STRONG,42,Main di 𝐃⁠​𝐎‍𝐑⁠⁠𝐀⁠‍𝟕‍⁠𝟕bikin nagih! Pengen main terus!,Main di 𝐃⁠​𝐎‍𝐑⁠⁠𝐀⁠‍𝟕‍⁠𝟕bikin nagih! Pengen m41n t3ru5!,True,SUCCESS,,4,0.0741,2
DS4_014604_O2_CHAR_INSERT_DELETE_MILD,DS4_014604,DS4_kyyyy8_platform,1,O2_CHAR_INSERT_DELETE,MILD,42,Main di 𝐃⁠​𝐎‍𝐑⁠⁠𝐀⁠‍𝟕‍⁠𝟕bikin nagih! Pengen main terus!,Main di 𝐃⁠​𝐎‍𝐑⁠⁠𝐀⁠‍𝟕‍⁠𝟕bikin nagih! Pengen main terrus!,True,SUCCESS,,1,0.0185,1
DS4_014604_O2_CHAR_INSERT_DELETE_STRONG,DS4_014604,DS4_kyyyy8_platform,1,O2_CHAR_INSERT_DELETE,STRONG,42,Main di 𝐃⁠​𝐎‍𝐑⁠⁠𝐀⁠‍𝟕‍⁠𝟕bikin nagih! Pengen main terus!,Main di 𝐃⁠​𝐎‍𝐑⁠⁠𝐀⁠‍𝟕‍⁠𝟕bbikin nagih! Pengen main ters!,True,SUCCESS,,2,0.037,2
DS4_014604_O3_WHITESPACE_MILD,DS4_014604,DS4_kyyyy8_platform,1,O3_WHITESPACE,MILD,42,Main di 𝐃⁠​𝐎‍𝐑⁠⁠𝐀⁠‍𝟕‍⁠𝟕bikin nagih! Pengen main terus!,Ma in di 𝐃⁠​𝐎‍𝐑⁠⁠𝐀⁠‍𝟕‍⁠𝟕bikin nagih! Pengen main terus!,True,SUCCESS,,1,0.0185,1
DS4_014604_O3_WHITESPACE_STRONG,DS4_014604,DS4_kyyyy8_platform,1,O3_WHITESPACE,STRONG,42,Main di 𝐃⁠​𝐎‍𝐑⁠⁠𝐀⁠‍𝟕‍⁠𝟕bikin nagih! Pengen main terus!,M ain di 𝐃⁠​𝐎‍𝐑⁠⁠𝐀⁠‍𝟕‍⁠𝟕bikin nagih! Pengen main t erus!,True,SUCCESS,,2,0.037,2
DS4_014604_O4_UNICODE_ORTHOGRAPHIC_MILD,DS4_014604,DS4_kyyyy8_platform,1,O4_UNICODE_ORTHOGRAPHIC,MILD,42,Main di 𝐃⁠​𝐎‍𝐑⁠⁠𝐀⁠‍𝟕‍⁠𝟕bikin nagih! Pengen main terus!,Main di 𝐃⁠​𝐎‍𝐑⁠⁠𝐀⁠‍𝟕‍⁠𝟕bikin nagih! Pengen main tеrus!,True,SUCCESS,,1,0.0185,1
DS4_014604_O4_UNICODE_ORTHOGRAPHIC_STRONG,DS4_014604,DS4_kyyyy8_platform,1,O4_UNICODE_ORTHOGRAPHIC,STRONG,42,Main di 𝐃⁠​𝐎‍𝐑⁠⁠𝐀⁠‍𝟕‍⁠𝟕bikin nagih! Pengen main terus!,Main di 𝐃⁠​𝐎‍𝐑⁠⁠𝐀⁠‍𝟕‍⁠𝟕biikin nagih! Pengen mаin terus!,True,SUCCESS,,2,0.037,2
DS4_014678_NORMAL_NORMAL,DS4_014678,DS4_kyyyy8_platform,1,NORMAL,NORMAL,42,"Jika Anda menghargai solusi yang berwawasan ke depan, 𝐃​‌𝐎‌⁠𝐑‍𝐀‍𝟕‍‍𝟕mungkin cocok.","Jika Anda menghargai solusi yang berwawasan ke depan, 𝐃​‌𝐎‌⁠𝐑‍𝐀‍𝟕‍‍𝟕mungkin cocok.",False,SUCCESS,,0,0.0,0
DS4_014678_O1_CHAR_SUBSTITUTION_MILD,DS4_014678,DS4_kyyyy8_platform,1,O1_CHAR_SUBSTITUTION,MILD,42,"Jika Anda menghargai solusi yang berwawasan ke depan, 𝐃​‌𝐎‌⁠𝐑‍𝐀‍𝟕‍‍𝟕mungkin cocok.","Jika Anda menghargai 5olusi yang berwawasan ke depan, 𝐃​‌𝐎‌⁠𝐑‍𝐀‍𝟕‍‍𝟕mungkin cocok.",True,SUCCESS,,1,0.0122,1
DS4_014678_O1_CHAR_SUBSTITUTION_STRONG,DS4_014678,DS4_kyyyy8_platform,1,O1_CHAR_SUBSTITUTION,STRONG,42,"Jika Anda menghargai solusi yang berwawasan ke depan, 𝐃​‌𝐎‌⁠𝐑‍𝐀‍𝟕‍‍𝟕mungkin cocok.","J1k4 Anda mengh4rg4i solusi yang berwawasan ke depan, 𝐃​‌𝐎‌⁠𝐑‍𝐀‍𝟕‍‍𝟕mungkin cocok.",True,SUCCESS,,4,0.0488,2
DS4_014678_O2_CHAR_INSERT_DELETE_MILD,DS4_014678,DS4_kyyyy8_platform,1,O2_CHAR_INSERT_DELETE,MILD,42,"Jika Anda menghargai solusi yang berwawasan ke depan, 𝐃​‌𝐎‌⁠𝐑‍𝐀‍𝟕‍‍𝟕mungkin cocok.","Jika Anda menghargai solusi yanng berwawasan ke depan, 𝐃​‌𝐎‌⁠𝐑‍𝐀‍𝟕‍‍𝟕mungkin cocok.",True,SUCCESS,,1,0.0122,1
DS4_014678_O2_CHAR_INSERT_DELETE_STRONG,DS4_014678,DS4_kyyyy8_platform,1,O2_CHAR_INSERT_DELETE,STRONG,42,"Jika Anda menghargai solusi yang berwawasan ke depan, 𝐃​‌𝐎‌⁠𝐑‍𝐀‍𝟕‍‍𝟕mungkin cocok.","Jika Anda menghargai sousi yang berwawasan ke depan, 𝐃​‌𝐎‌⁠𝐑‍𝐀‍𝟕‍‍𝟕mungkin cook.",True,SUCCESS,,2,0.0244,2
DS4_014678_O3_WHITESPACE_MILD,DS4_014678,DS4_kyyyy8_platform,1,O3_WHITESPACE,MILD,42,"Jika Anda menghargai solusi yang berwawasan ke depan, 𝐃​‌𝐎‌⁠𝐑‍𝐀‍𝟕‍‍𝟕mungkin cocok.","Jika A nda menghargai solusi yang berwawasan ke depan, 𝐃​‌𝐎‌⁠𝐑‍𝐀‍𝟕‍‍𝟕mungkin cocok.",True,SUCCESS,,1,0.0122,1
DS4_014678_O3_WHITESPACE_STRONG,DS4_014678,DS4_kyyyy8_platform,1,O3_WHITESPACE,STRONG,42,"Jika Anda menghargai solusi yang berwawasan ke depan, 𝐃​‌𝐎‌⁠𝐑‍𝐀‍𝟕‍‍𝟕mungkin cocok.","Jika An da menghargai solusi yang berwawasan ke d epan, 𝐃​‌𝐎‌⁠𝐑‍𝐀‍𝟕‍‍𝟕mungkin cocok.",True,SUCCESS,,2,0.0244,2
DS4_014678_O4_UNICODE_ORTHOGRAPHIC_MILD,DS4_014678,DS4_kyyyy8_platform,1,O4_UNICODE_ORTHOGRAPHIC,MILD,42,"Jika Anda menghargai solusi yang berwawasan ke depan, 𝐃​‌𝐎‌⁠𝐑‍𝐀‍𝟕‍‍𝟕mungkin cocok.","Jika Andа menghargai solusi yang berwawasan ke depan, 𝐃​‌𝐎‌⁠𝐑‍𝐀‍𝟕‍‍𝟕mungkin cocok.",True,SUCCESS,,1,0.0122,1
DS4_014678_O4_UNICODE_ORTHOGRAPHIC_STRONG,DS4_014678,DS4_kyyyy8_platform,1,O4_UNICODE_ORTHOGRAPHIC,STRONG,42,"Jika Anda menghargai solusi yang berwawasan ke depan, 𝐃​‌𝐎‌⁠𝐑‍𝐀‍𝟕‍‍𝟕mungkin cocok.","Jika Anda menghargai solusi yang bеrwawasan ke depan, 𝐃​‌𝐎‌⁠𝐑‍𝐀‍𝟕‍‍𝟕muungkin cocok.",True,SUCCESS,,2,0.0244,2
DS4_014721_NORMAL_NORMAL,DS4_014721,DS4_kyyyy8_platform,1,NORMAL,NORMAL,42,"Jika Anda mencari sesuatu yang berbeda, 𝐃​‌𝐎‌⁠𝐑‍𝐀‍𝟕‍‍𝟕layak dilihat lebih dekat.","Jika Anda mencari sesuatu yang berbeda, 𝐃​‌𝐎‌⁠𝐑‍𝐀‍𝟕‍‍𝟕layak dilihat lebih dekat.",False,SUCCESS,,0,0.0,0
DS4_014721_O1_CHAR_SUBSTITUTION_MILD,DS4_014721,DS4_kyyyy8_platform,1,O1_CHAR_SUBSTITUTION,MILD,42,"Jika Anda mencari sesuatu yang berbeda, 𝐃​‌𝐎‌⁠𝐑‍𝐀‍𝟕‍‍𝟕layak dilihat lebih dekat.","J1ka Anda mencari sesuatu yang berbeda, 𝐃​‌𝐎‌⁠𝐑‍𝐀‍𝟕‍‍𝟕layak dilihat lebih dekat.",True,SUCCESS,,1,0.0125,1
DS4_014721_O1_CHAR_SUBSTITUTION_STRONG,DS4_014721,DS4_kyyyy8_platform,1,O1_CHAR_SUBSTITUTION,STRONG,42,"Jika Anda mencari sesuatu yang berbeda, 𝐃​‌𝐎‌⁠𝐑‍𝐀‍𝟕‍‍𝟕layak dilihat lebih dekat.","Jika Anda m3nc4ri sesuatu yang berbeda, 𝐃​‌𝐎‌⁠𝐑‍𝐀‍𝟕‍‍𝟕layak dilihat lebih d3ka7.",True,SUCCESS,,4,0.05,2
DS4_014721_O2_CHAR_INSERT_DELETE_MILD,DS4_014721,DS4_kyyyy8_platform,1,O2_CHAR_INSERT_DELETE,MILD,42,"Jika Anda mencari sesuatu yang berbeda, 𝐃​‌𝐎‌⁠𝐑‍𝐀‍𝟕‍‍𝟕layak dilihat lebih dekat.","Jika Anda mencari sesuatu yang berbedaa, 𝐃​‌𝐎‌⁠𝐑‍𝐀‍𝟕‍‍𝟕layak dilihat lebih dekat.",True,SUCCESS,,1,0.0125,1
DS4_014721_O2_CHAR_INSERT_DELETE_STRONG,DS4_014721,DS4_kyyyy8_platform,1,O2_CHAR_INSERT_DELETE,STRONG,42,"Jika Anda mencari sesuatu yang berbeda, 𝐃​‌𝐎‌⁠𝐑‍𝐀‍𝟕‍‍𝟕layak dilihat lebih dekat.","Jika Anda mencari sesuatu yaang berbeda, 𝐃​‌𝐎‌⁠𝐑‍𝐀‍𝟕‍‍𝟕ayak dilihat lebih dekat.",True,SUCCESS,,2,0.025,2
DS4_014721_O3_WHITESPACE_MILD,DS4_014721,DS4_kyyyy8_platform,1,O3_WHITESPACE,MILD,42,"Jika Anda mencari sesuatu yang berbeda, 𝐃​‌𝐎‌⁠𝐑‍𝐀‍𝟕‍‍𝟕layak dilihat lebih dekat.","Jika Anda mencari sesua tu yang berbeda, 𝐃​‌𝐎‌⁠𝐑‍𝐀‍𝟕‍‍𝟕layak dilihat lebih dekat.",True,SUCCESS,,1,0.0125,1
DS4_014721_O3_WHITESPACE_STRONG,DS4_014721,DS4_kyyyy8_platform,1,O3_WHITESPACE,STRONG,42,"Jika Anda mencari sesuatu yang berbeda, 𝐃​‌𝐎‌⁠𝐑‍𝐀‍𝟕‍‍𝟕layak dilihat lebih dekat.","J ika Anda mencari sesuatu yang berbeda, 𝐃​‌𝐎‌⁠𝐑‍𝐀‍𝟕‍‍𝟕layak dilih at lebih dekat.",True,SUCCESS,,2,0.025,2
DS4_014721_O4_UNICODE_ORTHOGRAPHIC_MILD,DS4_014721,DS4_kyyyy8_platform,1,O4_UNICODE_ORTHOGRAPHIC,MILD,42,"Jika Anda mencari sesuatu yang berbeda, 𝐃​‌𝐎‌⁠𝐑‍𝐀‍𝟕‍‍𝟕layak dilihat lebih dekat.","Jika Аnda mencari sesuatu yang berbeda, 𝐃​‌𝐎‌⁠𝐑‍𝐀‍𝟕‍‍𝟕layak dilihat lebih dekat.",True,SUCCESS,,1,0.0125,1
DS4_014721_O4_UNICODE_ORTHOGRAPHIC_STRONG,DS4_014721,DS4_kyyyy8_platform,1,O4_UNICODE_ORTHOGRAPHIC,STRONG,42,"Jika Anda mencari sesuatu yang berbeda, 𝐃​‌𝐎‌⁠𝐑‍𝐀‍𝟕‍‍𝟕layak dilihat lebih dekat.","Jikа Anda mencari sesuatu yаng berbeda, 𝐃​‌𝐎‌⁠𝐑‍𝐀‍𝟕‍‍𝟕layak dilihat lebih dekat.",True,SUCCESS,,2,0.025,2
DS4_015431_NORMAL_NORMAL,DS4_015431,DS4_kyyyy8_platform,1,NORMAL,NORMAL,42,"𝐃⁠​𝐎‍𝐑⁠⁠𝐀⁠‍𝟕‍⁠𝟕bikin hari-hari makin berwarna, rezeki tak pernah ingkar janji!","𝐃⁠​𝐎‍𝐑⁠⁠𝐀⁠‍𝟕‍⁠𝟕bikin hari-hari makin berwarna, rezeki tak pernah ingkar janji!",False,SUCCESS,,0,0.0,0
DS4_015431_O1_CHAR_SUBSTITUTION_MILD,DS4_015431,DS4_kyyyy8_platform,1,O1_CHAR_SUBSTITUTION,MILD,42,"𝐃⁠​𝐎‍𝐑⁠⁠𝐀⁠‍𝟕‍⁠𝟕bikin hari-hari makin berwarna, rezeki tak pernah ingkar janji!","𝐃⁠​𝐎‍𝐑⁠⁠𝐀⁠‍𝟕‍⁠𝟕bikin hari-hari makin berwarna, rezeki tak pernah 1ngkar janji!",True,SUCCESS,,1,0.0128,1
DS4_015431_O1_CHAR_SUBSTITUTION_STRONG,DS4_015431,DS4_kyyyy8_platform,1,O1_CHAR_SUBSTITUTION,STRONG,42,"𝐃⁠​𝐎‍𝐑⁠⁠𝐀⁠‍𝟕‍⁠𝟕bikin hari-hari makin berwarna, rezeki tak pernah ingkar janji!","𝐃⁠​𝐎‍𝐑⁠⁠𝐀⁠‍𝟕‍⁠𝟕8ik1n hari-hari makin 8erwarn4, rezeki tak pernah ingkar janji!",True,SUCCESS,,4,0.0513,2
DS4_015431_O2_CHAR_INSERT_DELETE_MILD,DS4_015431,DS4_kyyyy8_platform,1,O2_CHAR_INSERT_DELETE,MILD,42,"𝐃⁠​𝐎‍𝐑⁠⁠𝐀⁠‍𝟕‍⁠𝟕bikin hari-hari makin berwarna, rezeki tak pernah ingkar janji!","𝐃⁠​𝐎‍𝐑⁠⁠𝐀⁠‍𝟕‍⁠𝟕bikin hari-hari makin berwarna, rezeki tak pernah igkar janji!",True,SUCCESS,,1,0.0128,1
DS4_015431_O2_CHAR_INSERT_DELETE_STRONG,DS4_015431,DS4_kyyyy8_platform,1,O2_CHAR_INSERT_DELETE,STRONG,42,"𝐃⁠​𝐎‍𝐑⁠⁠𝐀⁠‍𝟕‍⁠𝟕bikin hari-hari makin berwarna, rezeki tak pernah ingkar janji!","𝐃⁠​𝐎‍𝐑⁠⁠𝐀⁠‍𝟕‍⁠𝟕bikin hari-hari makin brwarna, rezei tak pernah ingkar janji!",True,SUCCESS,,2,0.0256,2
DS4_015431_O3_WHITESPACE_MILD,DS4_015431,DS4_kyyyy8_platform,1,O3_WHITESPACE,MILD,42,"𝐃⁠​𝐎‍𝐑⁠⁠𝐀⁠‍𝟕‍⁠𝟕bikin hari-hari makin berwarna, rezeki tak pernah ingkar janji!","𝐃⁠​𝐎‍𝐑⁠⁠𝐀⁠‍𝟕‍⁠𝟕bikin hari-hari makin berwarna, rezek i tak pernah ingkar janji!",True,SUCCESS,,1,0.0128,1
DS4_015431_O3_WHITESPACE_STRONG,DS4_015431,DS4_kyyyy8_platform,1,O3_WHITESPACE,STRONG,42,"𝐃⁠​𝐎‍𝐑⁠⁠𝐀⁠‍𝟕‍⁠𝟕bikin hari-hari makin berwarna, rezeki tak pernah ingkar janji!","𝐃⁠​𝐎‍𝐑⁠⁠𝐀⁠‍𝟕‍⁠𝟕bikin hari-hari makin b erwarna, rezeki tak per nah ingkar janji!",True,SUCCESS,,2,0.0256,2
DS4_015431_O4_UNICODE_ORTHOGRAPHIC_MILD,DS4_015431,DS4_kyyyy8_platform,1,O4_UNICODE_ORTHOGRAPHIC,MILD,42,"𝐃⁠​𝐎‍𝐑⁠⁠𝐀⁠‍𝟕‍⁠𝟕bikin hari-hari makin berwarna, rezeki tak pernah ingkar janji!","𝐃⁠​𝐎‍𝐑⁠⁠𝐀⁠‍𝟕‍⁠𝟕bikin hari-hari makin berwarna, rezeki tak pernаh ingkar janji!",True,SUCCESS,,1,0.0128,1
DS4_015431_O4_UNICODE_ORTHOGRAPHIC_STRONG,DS4_015431,DS4_kyyyy8_platform,1,O4_UNICODE_ORTHOGRAPHIC,STRONG,42,"𝐃⁠​𝐎‍𝐑⁠⁠𝐀⁠‍𝟕‍⁠𝟕bikin hari-hari makin berwarna, rezeki tak pernah ingkar janji!","𝐃⁠​𝐎‍𝐑⁠⁠𝐀⁠‍𝟕‍⁠𝟕bikin hari-hari makin berwarnа, rеzeki tak pernah ingkar janji!",True,SUCCESS,,2,0.0256,2
DS4_015452_NORMAL_NORMAL,DS4_015452,DS4_kyyyy8_platform,1,NORMAL,NORMAL,42,"Rezeki yang diberikan 𝐃⁠​𝐎‍𝐑⁠⁠𝐀⁠‍𝟕‍⁠𝟕sungguh tiada tara, terima kasih Ya Allah!","Rezeki yang diberikan 𝐃⁠​𝐎‍𝐑⁠⁠𝐀⁠‍𝟕‍⁠𝟕sungguh tiada tara, terima kasih Ya Allah!",False,SUCCESS,,0,0.0,0
DS4_015452_O1_CHAR_SUBSTITUTION_MILD,DS4_015452,DS4_kyyyy8_platform,1,O1_CHAR_SUBSTITUTION,MILD,42,"Rezeki yang diberikan 𝐃⁠​𝐎‍𝐑⁠⁠𝐀⁠‍𝟕‍⁠𝟕sungguh tiada tara, terima kasih Ya Allah!","Rezeki y4ng diberikan 𝐃⁠​𝐎‍𝐑⁠⁠𝐀⁠‍𝟕‍⁠𝟕sungguh tiada tara, terima kasih Ya Allah!",True,SUCCESS,,1,0.0127,1
DS4_015452_O1_CHAR_SUBSTITUTION_STRONG,DS4_015452,DS4_kyyyy8_platform,1,O1_CHAR_SUBSTITUTION,STRONG,42,"Rezeki yang diberikan 𝐃⁠​𝐎‍𝐑⁠⁠𝐀⁠‍𝟕‍⁠𝟕sungguh tiada tara, terima kasih Ya Allah!","Rezeki yang diberikan 𝐃⁠​𝐎‍𝐑⁠⁠𝐀⁠‍𝟕‍⁠𝟕5un9guh tiada 74ra, terima kasih Ya Allah!",True,SUCCESS,,4,0.0506,2
DS4_015452_O2_CHAR_INSERT_DELETE_MILD,DS4_015452,DS4_kyyyy8_platform,1,O2_CHAR_INSERT_DELETE,MILD,42,"Rezeki yang diberikan 𝐃⁠​𝐎‍𝐑⁠⁠𝐀⁠‍𝟕‍⁠𝟕sungguh tiada tara, terima kasih Ya Allah!","Rezeki yanng diberikan 𝐃⁠​𝐎‍𝐑⁠⁠𝐀⁠‍𝟕‍⁠𝟕sungguh tiada tara, terima kasih Ya Allah!",True,SUCCESS,,1,0.0127,1
DS4_015452_O2_CHAR_INSERT_DELETE_STRONG,DS4_015452,DS4_kyyyy8_platform,1,O2_CHAR_INSERT_DELETE,STRONG,42,"Rezeki yang diberikan 𝐃⁠​𝐎‍𝐑⁠⁠𝐀⁠‍𝟕‍⁠𝟕sungguh tiada tara, terima kasih Ya Allah!","Rezeki yang diberikan 𝐃⁠​𝐎‍𝐑⁠⁠𝐀⁠‍𝟕‍⁠𝟕ungguh tiada tara, trima kasih Ya Allah!",True,SUCCESS,,2,0.0253,2
DS4_015452_O3_WHITESPACE_MILD,DS4_015452,DS4_kyyyy8_platform,1,O3_WHITESPACE,MILD,42,"Rezeki yang diberikan 𝐃⁠​𝐎‍𝐑⁠⁠𝐀⁠‍𝟕‍⁠𝟕sungguh tiada tara, terima kasih Ya Allah!","Rezeki yang diberika n 𝐃⁠​𝐎‍𝐑⁠⁠𝐀⁠‍𝟕‍⁠𝟕sungguh tiada tara, terima kasih Ya Allah!",True,SUCCESS,,1,0.0127,1
DS4_015452_O3_WHITESPACE_STRONG,DS4_015452,DS4_kyyyy8_platform,1,O3_WHITESPACE,STRONG,42,"Rezeki yang diberikan 𝐃⁠​𝐎‍𝐑⁠⁠𝐀⁠‍𝟕‍⁠𝟕sungguh tiada tara, terima kasih Ya Allah!","R ezeki yang diberikan 𝐃⁠​𝐎‍𝐑⁠⁠𝐀⁠‍𝟕‍⁠𝟕sungguh tiada tara, terim a kasih Ya Allah!",True,SUCCESS,,2,0.0253,2
DS4_015452_O4_UNICODE_ORTHOGRAPHIC_MILD,DS4_015452,DS4_kyyyy8_platform,1,O4_UNICODE_ORTHOGRAPHIC,MILD,42,"Rezeki yang diberikan 𝐃⁠​𝐎‍𝐑⁠⁠𝐀⁠‍𝟕‍⁠𝟕sungguh tiada tara, terima kasih Ya Allah!","Rezeki yang diberikan 𝐃⁠​𝐎‍𝐑⁠⁠𝐀⁠‍𝟕‍⁠𝟕sungguh tiada tara, terima kаsih Ya Allah!",True,SUCCESS,,1,0.0127,1
DS4_015452_O4_UNICODE_ORTHOGRAPHIC_STRONG,DS4_015452,DS4_kyyyy8_platform,1,O4_UNICODE_ORTHOGRAPHIC,STRONG,42,"Rezeki yang diberikan 𝐃⁠​𝐎‍𝐑⁠⁠𝐀⁠‍𝟕‍⁠𝟕sungguh tiada tara, terima kasih Ya Allah!","Rezeki yang diberikan 𝐃⁠​𝐎‍𝐑⁠⁠𝐀⁠‍𝟕‍⁠𝟕sungguh tiada tarа, terima kasih Ya Allаh!",True,SUCCESS,,2,0.0253,2
DS4_015459_NORMAL_NORMAL,DS4_015459,DS4_kyyyy8_platform,1,NORMAL,NORMAL,42,"Dapet rezeki besar dari 𝐃⁠​𝐎‍𝐑⁠⁠𝐀⁠‍𝟕‍⁠𝟕, nggak nyangka main jadi seasyik ini!","Dapet rezeki besar dari 𝐃⁠​𝐎‍𝐑⁠⁠𝐀⁠‍𝟕‍⁠𝟕, nggak nyangka main jadi seasyik ini!",False,SUCCESS,,0,0.0,0
DS4_015459_O1_CHAR_SUBSTITUTION_MILD,DS4_015459,DS4_kyyyy8_platform,1,O1_CHAR_SUBSTITUTION,MILD,42,"Dapet rezeki besar dari 𝐃⁠​𝐎‍𝐑⁠⁠𝐀⁠‍𝟕‍⁠𝟕, nggak nyangka main jadi seasyik ini!","Dape7 rezeki besar dari 𝐃⁠​𝐎‍𝐑⁠⁠𝐀⁠‍𝟕‍⁠𝟕, nggak nyangka main jadi seasyik ini!",True,SUCCESS,,1,0.013,1
DS4_015459_O1_CHAR_SUBSTITUTION_STRONG,DS4_015459,DS4_kyyyy8_platform,1,O1_CHAR_SUBSTITUTION,STRONG,42,"Dapet rezeki besar dari 𝐃⁠​𝐎‍𝐑⁠⁠𝐀⁠‍𝟕‍⁠𝟕, nggak nyangka main jadi seasyik ini!","Dapet rezeki besar d4r1 𝐃⁠​𝐎‍𝐑⁠⁠𝐀⁠‍𝟕‍⁠𝟕, nggak ny4ngk4 main jadi seasyik ini!",True,SUCCESS,,4,0.0519,2
DS4_015459_O2_CHAR_INSERT_DELETE_MILD,DS4_015459,DS4_kyyyy8_platform,1,O2_CHAR_INSERT_DELETE,MILD,42,"Dapet rezeki besar dari 𝐃⁠​𝐎‍𝐑⁠⁠𝐀⁠‍𝟕‍⁠𝟕, nggak nyangka main jadi seasyik ini!","Dapet rezeki besar dari 𝐃⁠​𝐎‍𝐑⁠⁠𝐀⁠‍𝟕‍⁠𝟕, nggak nyangka maiin jadi seasyik ini!",True,SUCCESS,,1,0.013,1
DS4_015459_O2_CHAR_INSERT_DELETE_STRONG,DS4_015459,DS4_kyyyy8_platform,1,O2_CHAR_INSERT_DELETE,STRONG,42,"Dapet rezeki besar dari 𝐃⁠​𝐎‍𝐑⁠⁠𝐀⁠‍𝟕‍⁠𝟕, nggak nyangka main jadi seasyik ini!","Dapet rezeki besar darri 𝐃⁠​𝐎‍𝐑⁠⁠𝐀⁠‍𝟕‍⁠𝟕, nggak nyangka main jadi seasyik ini!",True,SUCCESS,,1,0.013,1
DS4_015459_O3_WHITESPACE_MILD,DS4_015459,DS4_kyyyy8_platform,1,O3_WHITESPACE,MILD,42,"Dapet rezeki besar dari 𝐃⁠​𝐎‍𝐑⁠⁠𝐀⁠‍𝟕‍⁠𝟕, nggak nyangka main jadi seasyik ini!","Dape t rezeki besar dari 𝐃⁠​𝐎‍𝐑⁠⁠𝐀⁠‍𝟕‍⁠𝟕, nggak nyangka main jadi seasyik ini!",True,SUCCESS,,1,0.013,1
DS4_015459_O3_WHITESPACE_STRONG,DS4_015459,DS4_kyyyy8_platform,1,O3_WHITESPACE,STRONG,42,"Dapet rezeki besar dari 𝐃⁠​𝐎‍𝐑⁠⁠𝐀⁠‍𝟕‍⁠𝟕, nggak nyangka main jadi seasyik ini!","Dapet rezeki besar d ari 𝐃⁠​𝐎‍𝐑⁠⁠𝐀⁠‍𝟕‍⁠𝟕, ngga k nyangka main jadi seasyik ini!",True,SUCCESS,,2,0.026,2
DS4_015459_O4_UNICODE_ORTHOGRAPHIC_MILD,DS4_015459,DS4_kyyyy8_platform,1,O4_UNICODE_ORTHOGRAPHIC,MILD,42,"Dapet rezeki besar dari 𝐃⁠​𝐎‍𝐑⁠⁠𝐀⁠‍𝟕‍⁠𝟕, nggak nyangka main jadi seasyik ini!","Dapet rezeki besar dari 𝐃⁠​𝐎‍𝐑⁠⁠𝐀⁠‍𝟕‍⁠𝟕, nggаk nyangka main jadi seasyik ini!",True,SUCCESS,,1,0.013,1
DS4_015459_O4_UNICODE_ORTHOGRAPHIC_STRONG,DS4_015459,DS4_kyyyy8_platform,1,O4_UNICODE_ORTHOGRAPHIC,STRONG,42,"Dapet rezeki besar dari 𝐃⁠​𝐎‍𝐑⁠⁠𝐀⁠‍𝟕‍⁠𝟕, nggak nyangka main jadi seasyik ini!","Dapet rezeki besar dari 𝐃⁠​𝐎‍𝐑⁠⁠𝐀⁠‍𝟕‍⁠𝟕, nggаk nyangka main jadi sеasyik ini!",True,SUCCESS,,2,0.026,2
DS4_016574_NORMAL_NORMAL,DS4_016574,DS4_kyyyy8_platform,0,NORMAL,NORMAL,42,info jadi LC nya ketua,info jadi LC nya ketua,False,SUCCESS,,0,0.0,0
DS4_016574_O1_CHAR_SUBSTITUTION_MILD,DS4_016574,DS4_kyyyy8_platform,0,O1_CHAR_SUBSTITUTION,MILD,42,info jadi LC nya ketua,info jadi LC nya ketu4,True,SUCCESS,,1,0.0455,1
DS4_016574_O1_CHAR_SUBSTITUTION_STRONG,DS4_016574,DS4_kyyyy8_platform,0,O1_CHAR_SUBSTITUTION,STRONG,42,info jadi LC nya ketua,info j4d1 LC nya k37ua,True,SUCCESS,,4,0.1818,2
DS4_016574_O2_CHAR_INSERT_DELETE_MILD,DS4_016574,DS4_kyyyy8_platform,0,O2_CHAR_INSERT_DELETE,MILD,42,info jadi LC nya ketua,info jadi LC nya keua,True,SUCCESS,,1,0.0455,1
DS4_016574_O2_CHAR_INSERT_DELETE_STRONG,DS4_016574,DS4_kyyyy8_platform,0,O2_CHAR_INSERT_DELETE,STRONG,42,info jadi LC nya ketua,info jaddi LC nya keua,True,SUCCESS,,2,0.0909,2
DS4_016574_O3_WHITESPACE_MILD,DS4_016574,DS4_kyyyy8_platform,0,O3_WHITESPACE,MILD,42,info jadi LC nya ketua,in fo jadi LC nya ketua,True,SUCCESS,,1,0.0455,1
DS4_016574_O3_WHITESPACE_STRONG,DS4_016574,DS4_kyyyy8_platform,0,O3_WHITESPACE,STRONG,42,info jadi LC nya ketua,info jad i LC nya ketu a,True,SUCCESS,,2,0.0909,2
DS4_016574_O4_UNICODE_ORTHOGRAPHIC_MILD,DS4_016574,DS4_kyyyy8_platform,0,O4_UNICODE_ORTHOGRAPHIC,MILD,42,info jadi LC nya ketua,infо jadi LC nya ketua,True,SUCCESS,,1,0.0455,1
DS4_016574_O4_UNICODE_ORTHOGRAPHIC_STRONG,DS4_016574,DS4_kyyyy8_platform,0,O4_UNICODE_ORTHOGRAPHIC,STRONG,42,info jadi LC nya ketua,infо jadi LC nya ketuа,True,SUCCESS,,2,0.0909,2
DS4_016751_NORMAL_NORMAL,DS4_016751,DS4_kyyyy8_platform,0,NORMAL,NORMAL,42,Gasss poll ketua🎉🎉,Gasss poll ketua🎉🎉,False,SUCCESS,,0,0.0,0
DS4_016751_O1_CHAR_SUBSTITUTION_MILD,DS4_016751,DS4_kyyyy8_platform,0,O1_CHAR_SUBSTITUTION,MILD,42,Gasss poll ketua🎉🎉,Ga5ss poll ketua🎉🎉,True,SUCCESS,,1,0.0556,1
DS4_016751_O1_CHAR_SUBSTITUTION_STRONG,DS4_016751,DS4_kyyyy8_platform,0,O1_CHAR_SUBSTITUTION,STRONG,42,Gasss poll ketua🎉🎉,Ga55s p0ll ketua🎉🎉,True,SUCCESS,,3,0.1667,2
DS4_016751_O2_CHAR_INSERT_DELETE_MILD,DS4_016751,DS4_kyyyy8_platform,0,O2_CHAR_INSERT_DELETE,MILD,42,Gasss poll ketua🎉🎉,Gasss pooll ketua🎉🎉,True,SUCCESS,,1,0.0556,1
DS4_016751_O2_CHAR_INSERT_DELETE_STRONG,DS4_016751,DS4_kyyyy8_platform,0,O2_CHAR_INSERT_DELETE,STRONG,42,Gasss poll ketua🎉🎉,Gassss poll kettua🎉🎉,True,SUCCESS,,2,0.1111,2
DS4_016751_O3_WHITESPACE_MILD,DS4_016751,DS4_kyyyy8_platform,0,O3_WHITESPACE,MILD,42,Gasss poll ketua🎉🎉,Gasss pol l ketua🎉🎉,True,SUCCESS,,1,0.0556,1
DS4_016751_O3_WHITESPACE_STRONG,DS4_016751,DS4_kyyyy8_platform,0,O3_WHITESPACE,STRONG,42,Gasss poll ketua🎉🎉,Gass s pol l ketua🎉🎉,True,SUCCESS,,2,0.1111,2
DS4_016751_O4_UNICODE_ORTHOGRAPHIC_MILD,DS4_016751,DS4_kyyyy8_platform,0,O4_UNICODE_ORTHOGRAPHIC,MILD,42,Gasss poll ketua🎉🎉,Gasss pоll ketua🎉🎉,True,SUCCESS,,1,0.0556,1
DS4_016751_O4_UNICODE_ORTHOGRAPHIC_STRONG,DS4_016751,DS4_kyyyy8_platform,0,O4_UNICODE_ORTHOGRAPHIC,STRONG,42,Gasss poll ketua🎉🎉,Gasss рoll kеtua🎉🎉,True,SUCCESS,,2,0.1111,2
DS4_016856_NORMAL_NORMAL,DS4_016856,DS4_kyyyy8_platform,1,NORMAL,NORMAL,42,"02:42 Video ini bikin mood makan terus, ᑭᖇOᗷET❽❺❺ gokil! 🍜","02:42 Video ini bikin mood makan terus, ᑭᖇOᗷET❽❺❺ gokil! 🍜",False,SUCCESS,,0,0.0,0
DS4_016856_O1_CHAR_SUBSTITUTION_MILD,DS4_016856,DS4_kyyyy8_platform,1,O1_CHAR_SUBSTITUTION,MILD,42,"02:42 Video ini bikin mood makan terus, ᑭᖇOᗷET❽❺❺ gokil! 🍜","02:42 Video ini bikin mo0d makan terus, ᑭᖇOᗷET❽❺❺ gokil! 🍜",True,SUCCESS,,1,0.0172,1
DS4_016856_O1_CHAR_SUBSTITUTION_STRONG,DS4_016856,DS4_kyyyy8_platform,1,O1_CHAR_SUBSTITUTION,STRONG,42,"02:42 Video ini bikin mood makan terus, ᑭᖇOᗷET❽❺❺ gokil! 🍜","02:42 Video ini bikin mood m4k4n terus, ᑭᖇ0ᗷE7❽❺❺ gokil! 🍜",True,SUCCESS,,4,0.069,2
DS4_016856_O2_CHAR_INSERT_DELETE_MILD,DS4_016856,DS4_kyyyy8_platform,1,O2_CHAR_INSERT_DELETE,MILD,42,"02:42 Video ini bikin mood makan terus, ᑭᖇOᗷET❽❺❺ gokil! 🍜","02:42 Viddeo ini bikin mood makan terus, ᑭᖇOᗷET❽❺❺ gokil! 🍜",True,SUCCESS,,1,0.0172,1
DS4_016856_O2_CHAR_INSERT_DELETE_STRONG,DS4_016856,DS4_kyyyy8_platform,1,O2_CHAR_INSERT_DELETE,STRONG,42,"02:42 Video ini bikin mood makan terus, ᑭᖇOᗷET❽❺❺ gokil! 🍜","02:42 Video ini bikin mood makan terus, ᑭᖇOᗷET❺❺ goki! 🍜",True,SUCCESS,,2,0.0345,2
DS4_016856_O3_WHITESPACE_MILD,DS4_016856,DS4_kyyyy8_platform,1,O3_WHITESPACE,MILD,42,"02:42 Video ini bikin mood makan terus, ᑭᖇOᗷET❽❺❺ gokil! 🍜","02:42 Video ini bikin moo d makan terus, ᑭᖇOᗷET❽❺❺ gokil! 🍜",True,SUCCESS,,1,0.0172,1
DS4_016856_O3_WHITESPACE_STRONG,DS4_016856,DS4_kyyyy8_platform,1,O3_WHITESPACE,STRONG,42,"02:42 Video ini bikin mood makan terus, ᑭᖇOᗷET❽❺❺ gokil! 🍜","02:42 Video ini bikin mood mak an te rus, ᑭᖇOᗷET❽❺❺ gokil! 🍜",True,SUCCESS,,2,0.0345,2
DS4_016856_O4_UNICODE_ORTHOGRAPHIC_MILD,DS4_016856,DS4_kyyyy8_platform,1,O4_UNICODE_ORTHOGRAPHIC,MILD,42,"02:42 Video ini bikin mood makan terus, ᑭᖇOᗷET❽❺❺ gokil! 🍜","02:42 Video ini bikin mood makan terus, ᑭᖇOᗷЕT❽❺❺ gokil! 🍜",True,SUCCESS,,1,0.0172,1
DS4_016856_O4_UNICODE_ORTHOGRAPHIC_STRONG,DS4_016856,DS4_kyyyy8_platform,1,O4_UNICODE_ORTHOGRAPHIC,STRONG,42,"02:42 Video ini bikin mood makan terus, ᑭᖇOᗷET❽❺❺ gokil! 🍜","02:42 Video ini bikin mood makan tеrus, ᑭᖇOᗷЕT❽❺❺ gokil! 🍜",True,SUCCESS,,2,0.0345,2
DS4_017023_NORMAL_NORMAL,DS4_017023,DS4_kyyyy8_platform,1,NORMAL,NORMAL,42,"Siapa bilang ""𝐒𝐆𝐈𝟖𝟖"" kurang oke, nggak perlu diragukan lagi.","Siapa bilang ""𝐒𝐆𝐈𝟖𝟖"" kurang oke, nggak perlu diragukan lagi.",False,SUCCESS,,0,0.0,0
DS4_017023_O1_CHAR_SUBSTITUTION_MILD,DS4_017023,DS4_kyyyy8_platform,1,O1_CHAR_SUBSTITUTION,MILD,42,"Siapa bilang ""𝐒𝐆𝐈𝟖𝟖"" kurang oke, nggak perlu diragukan lagi.","Si4pa bilang ""𝐒𝐆𝐈𝟖𝟖"" kurang oke, nggak perlu diragukan lagi.",True,SUCCESS,,1,0.0167,1
DS4_017023_O1_CHAR_SUBSTITUTION_STRONG,DS4_017023,DS4_kyyyy8_platform,1,O1_CHAR_SUBSTITUTION,STRONG,42,"Siapa bilang ""𝐒𝐆𝐈𝟖𝟖"" kurang oke, nggak perlu diragukan lagi.","5iap4 bilang ""𝐒𝐆𝐈𝟖𝟖"" kurang oke, nggak p3rlu diragukan lagi.",True,SUCCESS,,3,0.05,2
DS4_017023_O2_CHAR_INSERT_DELETE_MILD,DS4_017023,DS4_kyyyy8_platform,1,O2_CHAR_INSERT_DELETE,MILD,42,"Siapa bilang ""𝐒𝐆𝐈𝟖𝟖"" kurang oke, nggak perlu diragukan lagi.","Siapa bilang ""𝐒𝐆𝐆𝐈𝟖𝟖"" kurang oke, nggak perlu diragukan lagi.",True,SUCCESS,,1,0.0167,1
DS4_017023_O2_CHAR_INSERT_DELETE_STRONG,DS4_017023,DS4_kyyyy8_platform,1,O2_CHAR_INSERT_DELETE,STRONG,42,"Siapa bilang ""𝐒𝐆𝐈𝟖𝟖"" kurang oke, nggak perlu diragukan lagi.","Siapa billang ""𝐒𝐆𝐈𝟖𝟖"" kuranng oke, nggak perlu diragukan lagi.",True,SUCCESS,,2,0.0333,2
DS4_017023_O3_WHITESPACE_MILD,DS4_017023,DS4_kyyyy8_platform,1,O3_WHITESPACE,MILD,42,"Siapa bilang ""𝐒𝐆𝐈𝟖𝟖"" kurang oke, nggak perlu diragukan lagi.","Sia pa bilang ""𝐒𝐆𝐈𝟖𝟖"" kurang oke, nggak perlu diragukan lagi.",True,SUCCESS,,1,0.0167,1
DS4_017023_O3_WHITESPACE_STRONG,DS4_017023,DS4_kyyyy8_platform,1,O3_WHITESPACE,STRONG,42,"Siapa bilang ""𝐒𝐆𝐈𝟖𝟖"" kurang oke, nggak perlu diragukan lagi.","Siapa bilang ""𝐒𝐆𝐈𝟖𝟖"" kurang oke, n ggak p erlu diragukan lagi.",True,SUCCESS,,2,0.0333,2
DS4_017023_O4_UNICODE_ORTHOGRAPHIC_MILD,DS4_017023,DS4_kyyyy8_platform,1,O4_UNICODE_ORTHOGRAPHIC,MILD,42,"Siapa bilang ""𝐒𝐆𝐈𝟖𝟖"" kurang oke, nggak perlu diragukan lagi.","Siaрa bilang ""𝐒𝐆𝐈𝟖𝟖"" kurang oke, nggak perlu diragukan lagi.",True,SUCCESS,,1,0.0167,1
DS4_017023_O4_UNICODE_ORTHOGRAPHIC_STRONG,DS4_017023,DS4_kyyyy8_platform,1,O4_UNICODE_ORTHOGRAPHIC,STRONG,42,"Siapa bilang ""𝐒𝐆𝐈𝟖𝟖"" kurang oke, nggak perlu diragukan lagi.","Siapа bilang ""𝐒𝐆𝐈𝟖𝟖"" kurang oke, nggak perlu diragukan lаgi.",True,SUCCESS,,2,0.0333,2
DS4_018147_NORMAL_NORMAL,DS4_018147,DS4_kyyyy8_platform,1,NORMAL,NORMAL,42,Kualitas pekerjaanmu sungguh luar biasa 🌪️🌪️𝐕𝐈𝐀𝐇𝐎𝐊𝐈🌪️🌪️ setiap detailnya terlihat dikerjakan dengan penuh dedikasi dan ketelitian,Kualitas pekerjaanmu sungguh luar biasa 🌪️🌪️𝐕𝐈𝐀𝐇𝐎𝐊𝐈🌪️🌪️ setiap detailnya terlihat dikerjakan dengan penuh dedikasi dan ketelitian,False,SUCCESS,,0,0.0,0
DS4_018147_O1_CHAR_SUBSTITUTION_MILD,DS4_018147,DS4_kyyyy8_platform,1,O1_CHAR_SUBSTITUTION,MILD,42,Kualitas pekerjaanmu sungguh luar biasa 🌪️🌪️𝐕𝐈𝐀𝐇𝐎𝐊𝐈🌪️🌪️ setiap detailnya terlihat dikerjakan dengan penuh dedikasi dan ketelitian,Kualitas pek3rjaanmu sungguh luar biasa 🌪️🌪️𝐕𝐈𝐀𝐇𝐎𝐊𝐈🌪️🌪️ setiap detailnya terlihat dikerjakan dengan penuh dedikasi dan ketelitian,True,SUCCESS,,1,0.0078,1
DS4_018147_O1_CHAR_SUBSTITUTION_STRONG,DS4_018147,DS4_kyyyy8_platform,1,O1_CHAR_SUBSTITUTION,STRONG,42,Kualitas pekerjaanmu sungguh luar biasa 🌪️🌪️𝐕𝐈𝐀𝐇𝐎𝐊𝐈🌪️🌪️ setiap detailnya terlihat dikerjakan dengan penuh dedikasi dan ketelitian,Kualitas pekerjaanmu 5un9guh luar biasa 🌪️🌪️𝐕𝐈𝐀𝐇𝐎𝐊𝐈🌪️🌪️ setiap d3t4ilnya terlihat dikerjakan dengan penuh dedikasi dan ketelitian,True,SUCCESS,,4,0.031,2
DS4_018147_O2_CHAR_INSERT_DELETE_MILD,DS4_018147,DS4_kyyyy8_platform,1,O2_CHAR_INSERT_DELETE,MILD,42,Kualitas pekerjaanmu sungguh luar biasa 🌪️🌪️𝐕𝐈𝐀𝐇𝐎𝐊𝐈🌪️🌪️ setiap detailnya terlihat dikerjakan dengan penuh dedikasi dan ketelitian,Kualitas pekerjaanmu sungguh luar biasa 🌪️🌪️𝐕𝐈𝐈𝐀𝐇𝐎𝐊𝐈🌪️🌪️ setiap detailnya terlihat dikerjakan dengan penuh dedikasi dan ketelitian,True,SUCCESS,,1,0.0078,1
DS4_018147_O2_CHAR_INSERT_DELETE_STRONG,DS4_018147,DS4_kyyyy8_platform,1,O2_CHAR_INSERT_DELETE,STRONG,42,Kualitas pekerjaanmu sungguh luar biasa 🌪️🌪️𝐕𝐈𝐀𝐇𝐎𝐊𝐈🌪️🌪️ setiap detailnya terlihat dikerjakan dengan penuh dedikasi dan ketelitian,Kualitas pekerjaanmu suungguh luar bisa 🌪️🌪️𝐕𝐈𝐀𝐇𝐎𝐊𝐈🌪️🌪️ setiap detailnya terlihat dikerjakan dengan penuh dedikasi dan ketelitian,True,SUCCESS,,2,0.0155,2
DS4_018147_O3_WHITESPACE_MILD,DS4_018147,DS4_kyyyy8_platform,1,O3_WHITESPACE,MILD,42,Kualitas pekerjaanmu sungguh luar biasa 🌪️🌪️𝐕𝐈𝐀𝐇𝐎𝐊𝐈🌪️🌪️ setiap detailnya terlihat dikerjakan dengan penuh dedikasi dan ketelitian,Kualitas pekerjaanmu sungguh lu ar biasa 🌪️🌪️𝐕𝐈𝐀𝐇𝐎𝐊𝐈🌪️🌪️ setiap detailnya terlihat dikerjakan dengan penuh dedikasi dan ketelitian,True,SUCCESS,,1,0.0078,1
DS4_018147_O3_WHITESPACE_STRONG,DS4_018147,DS4_kyyyy8_platform,1,O3_WHITESPACE,STRONG,42,Kualitas pekerjaanmu sungguh luar biasa 🌪️🌪️𝐕𝐈𝐀𝐇𝐎𝐊𝐈🌪️🌪️ setiap detailnya terlihat dikerjakan dengan penuh dedikasi dan ketelitian,Kualitas pekerjaanmu sungguh luar biasa 🌪️🌪️𝐕𝐈𝐀𝐇𝐎𝐊𝐈🌪️🌪️ setiap detailnya terlihat diker jakan d engan penuh dedikasi dan ketelitian,True,SUCCESS,,2,0.0155,2
DS4_018147_O4_UNICODE_ORTHOGRAPHIC_MILD,DS4_018147,DS4_kyyyy8_platform,1,O4_UNICODE_ORTHOGRAPHIC,MILD,42,Kualitas pekerjaanmu sungguh luar biasa 🌪️🌪️𝐕𝐈𝐀𝐇𝐎𝐊𝐈🌪️🌪️ setiap detailnya terlihat dikerjakan dengan penuh dedikasi dan ketelitian,Kualitas pekerjaanmu sungguh luar biasa 🌪️🌪️𝐕𝐈𝐀𝐇𝐎𝐊𝐈🌪️🌪️ setiаp detailnya terlihat dikerjakan dengan penuh dedikasi dan ketelitian,True,SUCCESS,,1,0.0078,1
DS4_018147_O4_UNICODE_ORTHOGRAPHIC_STRONG,DS4_018147,DS4_kyyyy8_platform,1,O4_UNICODE_ORTHOGRAPHIC,STRONG,42,Kualitas pekerjaanmu sungguh luar biasa 🌪️🌪️𝐕𝐈𝐀𝐇𝐎𝐊𝐈🌪️🌪️ setiap detailnya terlihat dikerjakan dengan penuh dedikasi dan ketelitian,Kualitas pekerjaanmu sungguh luar biasa 🌪️🌪️𝐕𝐈𝐀𝐇𝐎𝐊𝐈🌪️🌪️ setiap detailnya terlihаt dikerjakan dengan penuh dеdikasi dan ketelitian,True,SUCCESS,,2,0.0155,2
DS4_018580_NORMAL_NORMAL,DS4_018580,DS4_kyyyy8_platform,0,NORMAL,NORMAL,42,Buat hiburan,Buat hiburan,False,SUCCESS,,0,0.0,0
DS4_018580_O1_CHAR_SUBSTITUTION_MILD,DS4_018580,DS4_kyyyy8_platform,0,O1_CHAR_SUBSTITUTION,MILD,42,Buat hiburan,Bua7 hiburan,True,SUCCESS,,1,0.0833,1
DS4_018580_O1_CHAR_SUBSTITUTION_STRONG,DS4_018580,DS4_kyyyy8_platform,0,O1_CHAR_SUBSTITUTION,STRONG,42,Buat hiburan,8u4t h18uran,True,SUCCESS,,4,0.3333,2
DS4_018580_O2_CHAR_INSERT_DELETE_MILD,DS4_018580,DS4_kyyyy8_platform,0,O2_CHAR_INSERT_DELETE,MILD,42,Buat hiburan,Buuat hiburan,True,SUCCESS,,1,0.0833,1
DS4_018580_O2_CHAR_INSERT_DELETE_STRONG,DS4_018580,DS4_kyyyy8_platform,0,O2_CHAR_INSERT_DELETE,STRONG,42,Buat hiburan,Buaat hibuuran,True,SUCCESS,,2,0.1667,2
DS4_018580_O3_WHITESPACE_MILD,DS4_018580,DS4_kyyyy8_platform,0,O3_WHITESPACE,MILD,42,Buat hiburan,Bu at hiburan,True,SUCCESS,,1,0.0833,1
DS4_018580_O3_WHITESPACE_STRONG,DS4_018580,DS4_kyyyy8_platform,0,O3_WHITESPACE,STRONG,42,Buat hiburan,Bu at hibura n,True,SUCCESS,,2,0.1667,2
DS4_018580_O4_UNICODE_ORTHOGRAPHIC_MILD,DS4_018580,DS4_kyyyy8_platform,0,O4_UNICODE_ORTHOGRAPHIC,MILD,42,Buat hiburan,Buat hiburаn,True,SUCCESS,,1,0.0833,1
DS4_018580_O4_UNICODE_ORTHOGRAPHIC_STRONG,DS4_018580,DS4_kyyyy8_platform,0,O4_UNICODE_ORTHOGRAPHIC,STRONG,42,Buat hiburan,Buаt hiburаn,True,SUCCESS,,2,0.1667,2
DS4_018707_NORMAL_NORMAL,DS4_018707,DS4_kyyyy8_platform,0,NORMAL,NORMAL,42,aman ketua.. hero menang di akhir season😂,aman ketua.. hero menang di akhir season😂,False,SUCCESS,,0,0.0,0
DS4_018707_O1_CHAR_SUBSTITUTION_MILD,DS4_018707,DS4_kyyyy8_platform,0,O1_CHAR_SUBSTITUTION,MILD,42,aman ketua.. hero menang di akhir season😂,aman ketu4.. hero menang di akhir season😂,True,SUCCESS,,1,0.0244,1
DS4_018707_O1_CHAR_SUBSTITUTION_STRONG,DS4_018707,DS4_kyyyy8_platform,0,O1_CHAR_SUBSTITUTION,STRONG,42,aman ketua.. hero menang di akhir season😂,aman ketua.. hero menang di 4kh1r s3as0n😂,True,SUCCESS,,4,0.0976,2
DS4_018707_O2_CHAR_INSERT_DELETE_MILD,DS4_018707,DS4_kyyyy8_platform,0,O2_CHAR_INSERT_DELETE,MILD,42,aman ketua.. hero menang di akhir season😂,aman ketua.. hero menang di akhhir season😂,True,SUCCESS,,1,0.0244,1
DS4_018707_O2_CHAR_INSERT_DELETE_STRONG,DS4_018707,DS4_kyyyy8_platform,0,O2_CHAR_INSERT_DELETE,STRONG,42,aman ketua.. hero menang di akhir season😂,aman ktua.. hero mnang di akhir season😂,True,SUCCESS,,2,0.0488,2
DS4_018707_O3_WHITESPACE_MILD,DS4_018707,DS4_kyyyy8_platform,0,O3_WHITESPACE,MILD,42,aman ketua.. hero menang di akhir season😂,aman ketua.. hero menang di akhir seas on😂,True,SUCCESS,,1,0.0244,1
DS4_018707_O3_WHITESPACE_STRONG,DS4_018707,DS4_kyyyy8_platform,0,O3_WHITESPACE,STRONG,42,aman ketua.. hero menang di akhir season😂,aman ketua.. h ero menang di akhir seaso n😂,True,SUCCESS,,2,0.0488,2
DS4_018707_O4_UNICODE_ORTHOGRAPHIC_MILD,DS4_018707,DS4_kyyyy8_platform,0,O4_UNICODE_ORTHOGRAPHIC,MILD,42,aman ketua.. hero menang di akhir season😂,aman ketua.. hero menang di akhir seаson😂,True,SUCCESS,,1,0.0244,1
DS4_018707_O4_UNICODE_ORTHOGRAPHIC_STRONG,DS4_018707,DS4_kyyyy8_platform,0,O4_UNICODE_ORTHOGRAPHIC,STRONG,42,aman ketua.. hero menang di akhir season😂,amаn ketua.. herо menang di akhir season😂,True,SUCCESS,,2,0.0488,2
DS4_018753_NORMAL_NORMAL,DS4_018753,DS4_kyyyy8_platform,0,NORMAL,NORMAL,42,Yahahhaha bacotan mid laner efek😝,Yahahhaha bacotan mid laner efek😝,False,SUCCESS,,0,0.0,0
DS4_018753_O1_CHAR_SUBSTITUTION_MILD,DS4_018753,DS4_kyyyy8_platform,0,O1_CHAR_SUBSTITUTION,MILD,42,Yahahhaha bacotan mid laner efek😝,Yahahh4ha bacotan mid laner efek😝,True,SUCCESS,,1,0.0303,1
DS4_018753_O1_CHAR_SUBSTITUTION_STRONG,DS4_018753,DS4_kyyyy8_platform,0,O1_CHAR_SUBSTITUTION,STRONG,42,Yahahhaha bacotan mid laner efek😝,Yahahhaha 84cotan mid l4n3r efek😝,True,SUCCESS,,4,0.1212,2
DS4_018753_O2_CHAR_INSERT_DELETE_MILD,DS4_018753,DS4_kyyyy8_platform,0,O2_CHAR_INSERT_DELETE,MILD,42,Yahahhaha bacotan mid laner efek😝,Yahahhaha bacotan mid laner efekk😝,True,SUCCESS,,1,0.0303,1
DS4_018753_O2_CHAR_INSERT_DELETE_STRONG,DS4_018753,DS4_kyyyy8_platform,0,O2_CHAR_INSERT_DELETE,STRONG,42,Yahahhaha bacotan mid laner efek😝,Yahahhaha bacotan mid lanner efeek😝,True,SUCCESS,,2,0.0606,2
DS4_018753_O3_WHITESPACE_MILD,DS4_018753,DS4_kyyyy8_platform,0,O3_WHITESPACE,MILD,42,Yahahhaha bacotan mid laner efek😝,Yahahhaha bacota n mid laner efek😝,True,SUCCESS,,1,0.0303,1
DS4_018753_O3_WHITESPACE_STRONG,DS4_018753,DS4_kyyyy8_platform,0,O3_WHITESPACE,STRONG,42,Yahahhaha bacotan mid laner efek😝,Yahahhaha bacota n mid lan er efek😝,True,SUCCESS,,2,0.0606,2
DS4_018753_O4_UNICODE_ORTHOGRAPHIC_MILD,DS4_018753,DS4_kyyyy8_platform,0,O4_UNICODE_ORTHOGRAPHIC,MILD,42,Yahahhaha bacotan mid laner efek😝,Yahahhaha bacotan mid lanеr efek😝,True,SUCCESS,,1,0.0303,1
DS4_018753_O4_UNICODE_ORTHOGRAPHIC_STRONG,DS4_018753,DS4_kyyyy8_platform,0,O4_UNICODE_ORTHOGRAPHIC,STRONG,42,Yahahhaha bacotan mid laner efek😝,Yahаhhaha bacotan mid laner еfek😝,True,SUCCESS,,2,0.0606,2
